*** Started: 2026-09-04T17:00:11 ***

## Prepare input files for Affymetrix Probeset
# Checking lock file input/affy_probeset/download.lock for download
# Local file time:  2016-08-23 07:09:22 +0900 (input/affy_probeset/GPL570.annot.gz)
# Remote file time: 2016-08-22 22:09:22 +0000 (https://ftp.ncbi.nlm.nih.gov/geo/platforms/GPLnnn/GPL570/annot/GPL570.annot.gz)
# Local file size:  8471521 (input/affy_probeset/GPL570.annot.gz)
# Remote file size: 8471521 (https://ftp.ncbi.nlm.nih.gov/geo/platforms/GPLnnn/GPL570/annot/GPL570.annot.gz)
# Preserving timestamp of the input/affy_probeset/download.lock
## Prepare input files for BioProject
# Checking lock file input/bioproject/download.lock for download
# Local file time:  2026-08-28 01:24:04 +0900 (input/bioproject/bioproject.xml)
# Remote file time: 2026-09-03 16:24:08 +0000 (https://ftp.ncbi.nlm.nih.gov/bioproject/bioproject.xml)
curl -sS -R -f -L -o 'input/bioproject/bioproject.xml' 'https://ftp.ncbi.nlm.nih.gov/bioproject/bioproject.xml'
python bin/bioproject_xml2tsv.py input/bioproject/bioproject.xml > input/bioproject/bioproject.tsv
# Local file time:  2026-03-09 18:44:23 +0900 (input/bioproject/bioproject2biosample.tsv)
# Remote file time: 2026-03-09 09:44:23 +0000 (https://ddbj.nig.ac.jp/public/dblink/bioproject-biosample/bioproject2biosample.tsv)
# Local file size:  959514190 (input/bioproject/bioproject2biosample.tsv)
# Remote file size: 959514190 (https://ddbj.nig.ac.jp/public/dblink/bioproject-biosample/bioproject2biosample.tsv)
# Overwriting timestamp of the input/bioproject/download.lock
## Prepare input files for BioSample
# Checking lock file input/biosample/download.lock for download
# Local file time:  2026-08-28 01:17:14 +0900 (input/biosample/biosample_set.xml.gz)
# Remote file time: 2026-09-03 16:09:20 +0000 (https://ftp.ncbi.nlm.nih.gov/biosample/biosample_set.xml.gz)
curl -sS -R -f -L -o 'input/biosample/biosample_set.xml.gz' 'https://ftp.ncbi.nlm.nih.gov/biosample/biosample_set.xml.gz'
gzip -dc input/biosample/biosample_set.xml.gz > input/biosample/biosample_set.xml
python bin/biosample_xml2tsv.py input/biosample/biosample_set.xml > input/biosample/biosample_set.tsv
# Overwriting timestamp of the input/biosample/download.lock
## Prepare input files for Cellosaurus
# Checking lock file input/cellosaurus/download.lock for download
# Local file time:  2026-06-25 20:23:59 +0900 (input/cellosaurus/cellosaurus.txt)
# Remote file time: 2026-06-25 11:23:59 +0000 (https://ftp.expasy.org/databases/cellosaurus/cellosaurus.txt)
# Local file size:  122297334 (input/cellosaurus/cellosaurus.txt)
# Remote file size: 122297334 (https://ftp.expasy.org/databases/cellosaurus/cellosaurus.txt)
# Preserving timestamp of the input/cellosaurus/download.lock
## Prepare input files for ClinVar
# Checking lock file input/clinvar/download.lock for download
# Local file time:  2026-08-23 13:31:12 +0900 (input/clinvar/variant_summary.txt.gz)
# Remote file time: 2026-08-31 12:35:23 +0000 (https://ftp.ncbi.nlm.nih.gov/pub/clinvar/tab_delimited/variant_summary.txt.gz)
curl -sS -R -f -L -o 'input/clinvar/variant_summary.txt.gz' 'https://ftp.ncbi.nlm.nih.gov/pub/clinvar/tab_delimited/variant_summary.txt.gz'
gzip -dc input/clinvar/variant_summary.txt.gz > input/clinvar/variant_summary.txt
# Overwriting timestamp of the input/clinvar/download.lock
## Prepare input files for Ensembl
# Checking lock file input/ensembl/download.lock for download
# File input/ensembl/taxonomy.txt is created 7.0014334271461 days ago (will be updated when >5 days)
sparql_csv2tsv.sh bin/sparql/ensembl_taxonomy.rq https://rdfportal.org/ebi/sparql > input/ensembl/taxonomy.txt
# Overwriting timestamp of the input/ensembl/download.lock
## Prepare input files for FlyBase
# Checking lock file input/flybase/download.lock for download
wget https://s3ftp.flybase.org/releases/current/precomputed_files/genes/ --no-remove-listing --directory-prefix=input/flybase
--2026-09-04 20:03:49--  https://s3ftp.flybase.org/releases/current/precomputed_files/genes/
Resolving s3ftp.flybase.org (s3ftp.flybase.org)... 143.204.126.61, 143.204.126.124, 143.204.126.7, ...
Connecting to s3ftp.flybase.org (s3ftp.flybase.org)|143.204.126.61|:443... connected.
HTTP request sent, awaiting response... 200 OK
Length: 13684 (13K) [text/html]
Saving to: ‘input/flybase/index.html’

     0K .......... ...                                        100% 88.4K=0.2s

2026-09-04 20:03:50 (88.4 KB/s) - ‘input/flybase/index.html’ saved [13684/13684]

mv input/flybase/index.html input/flybase/filelist.html
# Preserving timestamp of the input/flybase/download.lock
## Prepare input files for GlyTouCan
# Checking lock file input/glytoucan/download.lock for download
Error: check_remote_file_time(input/glytoucan/glycosmos_ggdbs_pubmed.csv, https://glycosmos.org/download/glycosmos_ggdbs_pubmed.csv): no time information in ""
# Local file size:  82159 (input/glytoucan/glycosmos_ggdbs_pubmed.csv)
# Remote file size: 16 (https://glycosmos.org/download/glycosmos_ggdbs_pubmed.csv)
curl -sS -R -f -L -o 'input/glytoucan/glycosmos_ggdbs_pubmed.csv' 'https://glycosmos.org/download/glycosmos_ggdbs_pubmed.csv'
curl: (22) The requested URL returned error: 524
Error: download_file(input/glytoucan, https://glycosmos.org/download/glycosmos_ggdbs_pubmed.csv): Command failed with status (22): [curl -sS -R -f -L -o 'input/glytoucan/glyc...]
sparql_csv2tsv.sh bin/sparql/glycogene.rq https://ts.glycosmos.org/sparql | awk '{print "geneid:" $0}' > input/glytoucan/glycogene.txt
sed -e '/{{gene}}/{r input/glytoucan/glycogene.txt' -e 'd}' bin/sparql/glycogene-uniprot.rq > bin/sparql/glycogene-uniprot.sed.rq
sparql_csv2tsv.sh bin/sparql/glycogene-uniprot.sed.rq https://rdfportal.org/sib/sparql > input/glytoucan/glycogene-uniprot.tsv
# Overwriting timestamp of the input/glytoucan/download.lock
## Prepare input files for HMDB
# Checking lock file input/hmdb/download.lock for download
Error: check_remote_file_time(input/hmdb/hmdb_metabolites.zip, https://hmdb.ca/system/downloads/current/hmdb_metabolites.zip): no time information in ""
# Local file size:  953913010 (input/hmdb/hmdb_metabolites.zip)
# Remote file size: 5384 (https://hmdb.ca/system/downloads/current/hmdb_metabolites.zip)
curl -sS -R -f -L -o 'input/hmdb/hmdb_metabolites.zip' 'https://hmdb.ca/system/downloads/current/hmdb_metabolites.zip'
curl: (22) The requested URL returned error: 403
Error: download_file(input/hmdb, https://hmdb.ca/system/downloads/current/hmdb_metabolites.zip): Command failed with status (22): [curl -sS -R -f -L -o 'input/hmdb/hmdb_meta...]
# Preserving timestamp of the input/hmdb/download.lock
## Prepare input files for HGNC
# Checking lock file input/hgnc/download.lock for download
# Local file time:  2026-08-26 21:56:33 +0900 (input/hgnc/hgnc_complete_set.txt)
# Remote file time: 2026-08-28 17:02:20 +0000 (https://storage.googleapis.com/public-download-files/hgnc/tsv/tsv/hgnc_complete_set.txt)
curl -sS -R -f -L -o 'input/hgnc/hgnc_complete_set.txt' 'https://storage.googleapis.com/public-download-files/hgnc/tsv/tsv/hgnc_complete_set.txt'
# Overwriting timestamp of the input/hgnc/download.lock
## Prepare input files for Homologene
# Checking lock file input/homologene/download.lock for download
Error: check_remote_file_time(input/homologene/homologene.data, https://ftp.ncbi.nlm.nih.gov/pub/HomoloGene/current/homologene.data): no time information in ""
# Local file size:  13803677 (input/homologene/homologene.data)
# Remote file size: 0 (https://ftp.ncbi.nlm.nih.gov/pub/HomoloGene/current/homologene.data)
Error: Remote file is empty
# Preserving timestamp of the input/homologene/download.lock
## Prepare input files for HP Phenotype
# Checking lock file input/hp_phenotype/download.lock for download
# Local file time:  2026-06-23 20:52:58 +0900 (input/hp_phenotype/phenotype.hpoa)
# Remote file time: 2026-09-02 21:12:10 +0000 (http://purl.obolibrary.org/obo/hp/hpoa/phenotype.hpoa)
curl -sS -R -f -L -o 'input/hp_phenotype/phenotype.hpoa' 'http://purl.obolibrary.org/obo/hp/hpoa/phenotype.hpoa'
# Local file time:  2026-06-23 20:52:12 +0900 (input/hp_phenotype/genes_to_phenotype.txt)
# Remote file time: 2026-09-02 21:09:45 +0000 (http://purl.obolibrary.org/obo/hp/hpoa/genes_to_phenotype.txt)
curl -sS -R -f -L -o 'input/hp_phenotype/genes_to_phenotype.txt' 'http://purl.obolibrary.org/obo/hp/hpoa/genes_to_phenotype.txt'
bin/sparql_csv2tsv.sh bin/sparql/hp_category.rq https://rdfportal.org/bioportal/sparql > input/hp_phenotype/hp_category.tsv
# Overwriting timestamp of the input/hp_phenotype/download.lock
## Prepare input files for COG
# Checking lock file input/cog/download.lock for download
curl -sS https://ftp.ncbi.nlm.nih.gov/pub/COG/ | awk '/<a href=[^>]*COG[0-9]+/{match($2, />[^<]*</); print substr($2, RSTART+1, RLENGTH-3)}' | sort > input/cog/cog_version.txt
cat input/cog/cog_version.txt
COG2014
COG2020
COG2024
# Local file time:  2025-08-13 05:15:40 +0900 (input/cog/cog-24.cog.csv)
# Remote file time: 2025-08-12 20:15:40 +0000 (https://ftp.ncbi.nlm.nih.gov/pub/COG/COG2024/data/cog-24.cog.csv)
# Local file size:  637440210 (input/cog/cog-24.cog.csv)
# Remote file size: 637440210 (https://ftp.ncbi.nlm.nih.gov/pub/COG/COG2024/data/cog-24.cog.csv)
# Local file time:  2025-08-03 00:31:18 +0900 (input/cog/cog-24.def.tab)
# Remote file time: 2025-08-02 15:31:18 +0000 (https://ftp.ncbi.nlm.nih.gov/pub/COG/COG2024/data/cog-24.def.tab)
# Local file size:  409510 (input/cog/cog-24.def.tab)
# Remote file size: 409510 (https://ftp.ncbi.nlm.nih.gov/pub/COG/COG2024/data/cog-24.def.tab)
# Preserving timestamp of the input/cog/download.lock
## Prepare input files for InterPro
# Checking lock file input/interpro/download.lock for download
# Local file time:  2026-06-11 04:45:23 +0900 (input/interpro/interpro2go)
# Remote file time: 2026-08-31 12:20:26 +0000 (https://ftp.ebi.ac.uk/pub/databases/interpro/current_release/interpro2go)
curl -sS -R -f -L -o 'input/interpro/interpro2go' 'https://ftp.ebi.ac.uk/pub/databases/interpro/current_release/interpro2go'
# Local file time:  2026-06-11 07:16:58 +0900 (input/interpro/protein2ipr.dat.gz)
# Remote file time: 2026-08-31 14:17:07 +0000 (https://ftp.ebi.ac.uk/pub/databases/interpro/current_release/protein2ipr.dat.gz)
curl -sS -R -f -L -o 'input/interpro/protein2ipr.dat.gz' 'https://ftp.ebi.ac.uk/pub/databases/interpro/current_release/protein2ipr.dat.gz'
gzip -dc input/interpro/protein2ipr.dat.gz > input/interpro/protein2ipr.dat
# Local file time:  2026-06-11 04:45:23 +0900 (input/interpro/interpro.xml.gz)
# Remote file time: 2026-08-31 12:20:26 +0000 (https://ftp.ebi.ac.uk/pub/databases/interpro/current_release/interpro.xml.gz)
curl -sS -R -f -L -o 'input/interpro/interpro.xml.gz' 'https://ftp.ebi.ac.uk/pub/databases/interpro/current_release/interpro.xml.gz'
gzip -dc input/interpro/interpro.xml.gz | python bin/interpro_xml2tsv.py > input/interpro/interpro.tsv
# Overwriting timestamp of the input/interpro/download.lock
## Prepare input files for LIPID MAPS
# Checking lock file input/lipidmaps/download.lock for download
wget --quiet --no-check-certificate -O input/lipidmaps/sdf.zip "https://www.lipidmaps.org/files/?file=LMSD&ext=sdf.zip"
unzip -o input/lipidmaps/sdf.zip -d input/lipidmaps/
Archive:  input/lipidmaps/sdf.zip
  inflating: input/lipidmaps/structures.sdf  
awk -f bin/parse_lipidmaps_sdf.awk input/lipidmaps/structures.sdf > input/lipidmaps/lipidmaps.tsv
# Overwriting timestamp of the input/lipidmaps/download.lock
## Prepare input files for MGI_GENE
# Checking lock file input/mgi_gene/download.lock for download
# Local file time:  2026-08-24 21:01:16 +0900 (input/mgi_gene/MRK_List2.rpt)
# Remote file time: 2026-08-31 12:02:12 +0000 (https://www.informatics.jax.org/downloads/reports/MRK_List2.rpt)
curl -sS -R -f -L -o 'input/mgi_gene/MRK_List2.rpt' 'https://www.informatics.jax.org/downloads/reports/MRK_List2.rpt'
# Local file time:  2026-08-24 21:00:39 +0900 (input/mgi_gene/MGI_Gene_Model_Coord.rpt)
# Remote file time: 2026-08-31 12:00:59 +0000 (https://www.informatics.jax.org/downloads/reports/MGI_Gene_Model_Coord.rpt)
curl -sS -R -f -L -o 'input/mgi_gene/MGI_Gene_Model_Coord.rpt' 'https://www.informatics.jax.org/downloads/reports/MGI_Gene_Model_Coord.rpt'
# Local file time:  2026-08-24 21:01:18 +0900 (input/mgi_gene/MRK_SwissProt_TrEMBL.rpt)
# Remote file time: 2026-08-31 12:02:18 +0000 (https://www.informatics.jax.org/downloads/reports/MRK_SwissProt_TrEMBL.rpt)
curl -sS -R -f -L -o 'input/mgi_gene/MRK_SwissProt_TrEMBL.rpt' 'https://www.informatics.jax.org/downloads/reports/MRK_SwissProt_TrEMBL.rpt'
# Local file time:  2026-08-24 21:00:22 +0900 (input/mgi_gene/HGNC_AllianceHomology.rpt)
# Remote file time: 2026-08-31 12:00:32 +0000 (https://www.informatics.jax.org/downloads/reports/HGNC_AllianceHomology.rpt)
curl -sS -R -f -L -o 'input/mgi_gene/HGNC_AllianceHomology.rpt' 'https://www.informatics.jax.org/downloads/reports/HGNC_AllianceHomology.rpt'
# Local file time:  2026-08-24 21:01:02 +0900 (input/mgi_gene/MGI_PhenotypicAllele.rpt)
# Remote file time: 2026-08-31 12:01:40 +0000 (https://www.informatics.jax.org/downloads/reports/MGI_PhenotypicAllele.rpt)
curl -sS -R -f -L -o 'input/mgi_gene/MGI_PhenotypicAllele.rpt' 'https://www.informatics.jax.org/downloads/reports/MGI_PhenotypicAllele.rpt'
# Overwriting timestamp of the input/mgi_gene/download.lock
## Prepare input files for MGI_GENOTYPE
# Checking lock file input/mgi_genotype/download.lock for download
# Local file time:  2026-08-24 21:00:34 +0900 (input/mgi_genotype/MGI_DiseaseGeneModel.rpt)
# Remote file time: 2026-08-31 12:00:52 +0000 (https://www.informatics.jax.org/downloads/reports/MGI_DiseaseGeneModel.rpt)
curl -sS -R -f -L -o 'input/mgi_genotype/MGI_DiseaseGeneModel.rpt' 'https://www.informatics.jax.org/downloads/reports/MGI_DiseaseGeneModel.rpt'
ruby bin/query_mousemine.rb > input/mgi_genotype/mousemine_genotype.tsv
/data/togoid/local/lib/ruby/gems/3.0.0/gems/intermine-1.05.00/lib/intermine/service.rb:176:in `rescue in initialize': Error fetching version at https://www.mousemine.org/mousemine/service/version: Net::ReadTimeout with #<TCPSocket:(closed)> (InterMine::ServiceError)
	from /data/togoid/local/lib/ruby/gems/3.0.0/gems/intermine-1.05.00/lib/intermine/service.rb:173:in `initialize'
	from bin/query_mousemine.rb:3:in `new'
	from bin/query_mousemine.rb:3:in `<main>'
/data/togoid/local/lib/ruby/3.0.0/net/protocol.rb:219:in `rbuf_fill': Net::ReadTimeout with #<TCPSocket:(closed)> (Net::ReadTimeout)
	from /data/togoid/local/lib/ruby/3.0.0/net/protocol.rb:193:in `readuntil'
	from /data/togoid/local/lib/ruby/3.0.0/net/protocol.rb:203:in `readline'
	from /data/togoid/local/lib/ruby/3.0.0/net/http/response.rb:42:in `read_status_line'
	from /data/togoid/local/lib/ruby/3.0.0/net/http/response.rb:31:in `read_new'
	from /data/togoid/local/lib/ruby/3.0.0/net/http.rb:1557:in `block in transport_request'
	from /data/togoid/local/lib/ruby/3.0.0/net/http.rb:1548:in `catch'
	from /data/togoid/local/lib/ruby/3.0.0/net/http.rb:1548:in `transport_request'
	from /data/togoid/local/lib/ruby/3.0.0/net/http.rb:1521:in `request'
	from /data/togoid/local/lib/ruby/3.0.0/net/http.rb:1514:in `block in request'
	from /data/togoid/local/lib/ruby/3.0.0/net/http.rb:960:in `start'
	from /data/togoid/local/lib/ruby/3.0.0/net/http.rb:1512:in `request'
	from /data/togoid/local/lib/ruby/gems/3.0.0/gems/intermine-1.05.00/lib/intermine/service.rb:277:in `fetch'
	from /data/togoid/local/lib/ruby/gems/3.0.0/gems/intermine-1.05.00/lib/intermine/service.rb:174:in `initialize'
	from bin/query_mousemine.rb:3:in `new'
	from bin/query_mousemine.rb:3:in `<main>'
Error: ruby bin/query_mousemine.rb: Command failed with status (1): [ruby bin/query_mousemine.rb > input/mgi_ge...]
# Overwriting timestamp of the input/mgi_genotype/download.lock
## Prepare input files for miRBase
# Checking lock file input/mirbase/download.lock for download
Error: check_remote_file_time(input/mirbase/mirna.txt, https://www.mirbase.org/download/CURRENT/database_files/mirna.txt): no time information in ""
# Local file size:  7291768 (input/mirbase/mirna.txt)
# Remote file size: 145 (https://www.mirbase.org/download/CURRENT/database_files/mirna.txt)
curl -sS -R -f -L -o 'input/mirbase/mirna.txt' 'https://www.mirbase.org/download/CURRENT/database_files/mirna.txt'
curl: (22) The requested URL returned error: 500
Error: download_file(input/mirbase, https://www.mirbase.org/download/CURRENT/database_files/mirna.txt): Command failed with status (22): [curl -sS -R -f -L -o 'input/mirbase/mirna....]
sed -E 's@<br>@\n@g; s@</?p>@@g' input/mirbase/mirna.txt | awk '$0' > input/mirbase/mirna.tsv
Error: check_remote_file_time(input/mirbase/mirna_mature.txt, https://www.mirbase.org/download/CURRENT/database_files/mirna_mature.txt): no time information in ""
# Local file size:  3423317 (input/mirbase/mirna_mature.txt)
# Remote file size: 145 (https://www.mirbase.org/download/CURRENT/database_files/mirna_mature.txt)
curl -sS -R -f -L -o 'input/mirbase/mirna_mature.txt' 'https://www.mirbase.org/download/CURRENT/database_files/mirna_mature.txt'
curl: (22) The requested URL returned error: 500
Error: download_file(input/mirbase, https://www.mirbase.org/download/CURRENT/database_files/mirna_mature.txt): Command failed with status (22): [curl -sS -R -f -L -o 'input/mirbase/mirna_...]
sed -E 's@<br>@\n@g; s@</?p>@@g' input/mirbase/mirna_mature.txt | awk '$0' > input/mirbase/mirna_mature.tsv
Error: check_remote_file_time(input/mirbase/mirna_pre_mature.txt, https://www.mirbase.org/download/CURRENT/database_files/mirna_pre_mature.txt): no time information in ""
# Local file size:  1158123 (input/mirbase/mirna_pre_mature.txt)
# Remote file size: 145 (https://www.mirbase.org/download/CURRENT/database_files/mirna_pre_mature.txt)
curl -sS -R -f -L -o 'input/mirbase/mirna_pre_mature.txt' 'https://www.mirbase.org/download/CURRENT/database_files/mirna_pre_mature.txt'
curl: (22) The requested URL returned error: 500
Error: download_file(input/mirbase, https://www.mirbase.org/download/CURRENT/database_files/mirna_pre_mature.txt): Command failed with status (22): [curl -sS -R -f -L -o 'input/mirbase/mirna_...]
sed -E 's@<br>@\n@g; s@</?p>@@g' input/mirbase/mirna_pre_mature.txt | awk '$0' > input/mirbase/mirna_pre_mature.tsv
# Overwriting timestamp of the input/mirbase/download.lock
## Prepare input files for NCBI Gene
# Checking lock file input/ncbigene/download.lock for download
# Local file time:  2026-08-28 19:34:53 +0900 (input/ncbigene/gene2refseq.gz)
# Remote file time: 2026-09-04 08:32:43 +0000 (https://ftp.ncbi.nlm.nih.gov/gene/DATA/gene2refseq.gz)
curl -sS -R -f -L -o 'input/ncbigene/gene2refseq.gz' 'https://ftp.ncbi.nlm.nih.gov/gene/DATA/gene2refseq.gz'
gzip -dc input/ncbigene/gene2refseq.gz > input/ncbigene/gene2refseq
# Local file time:  2026-08-28 19:29:40 +0900 (input/ncbigene/gene2ensembl.gz)
# Remote file time: 2026-09-04 08:26:38 +0000 (https://ftp.ncbi.nlm.nih.gov/gene/DATA/gene2ensembl.gz)
curl -sS -R -f -L -o 'input/ncbigene/gene2ensembl.gz' 'https://ftp.ncbi.nlm.nih.gov/gene/DATA/gene2ensembl.gz'
gzip -dc input/ncbigene/gene2ensembl.gz > input/ncbigene/gene2ensembl
# Local file time:  2026-08-28 19:31:34 +0900 (input/ncbigene/gene2go.gz)
# Remote file time: 2026-09-04 08:28:42 +0000 (https://ftp.ncbi.nlm.nih.gov/gene/DATA/gene2go.gz)
curl -sS -R -f -L -o 'input/ncbigene/gene2go.gz' 'https://ftp.ncbi.nlm.nih.gov/gene/DATA/gene2go.gz'
gzip -dc input/ncbigene/gene2go.gz > input/ncbigene/gene2go
# Local file time:  2026-08-28 19:42:46 +0900 (input/ncbigene/Homo_sapiens.gene_info.gz)
# Remote file time: 2026-09-04 08:41:09 +0000 (https://ftp.ncbi.nlm.nih.gov/gene/DATA/GENE_INFO/Mammalia/Homo_sapiens.gene_info.gz)
curl -sS -R -f -L -o 'input/ncbigene/Homo_sapiens.gene_info.gz' 'https://ftp.ncbi.nlm.nih.gov/gene/DATA/GENE_INFO/Mammalia/Homo_sapiens.gene_info.gz'
gzip -dc input/ncbigene/Homo_sapiens.gene_info.gz > input/ncbigene/Homo_sapiens.gene_info
# Local file time:  2026-08-28 19:37:01 +0900 (input/ncbigene/gene_info.gz)
# Remote file time: 2026-09-04 08:34:55 +0000 (https://ftp.ncbi.nlm.nih.gov/gene/DATA/gene_info.gz)
curl -sS -R -f -L -o 'input/ncbigene/gene_info.gz' 'https://ftp.ncbi.nlm.nih.gov/gene/DATA/gene_info.gz'
gzip -dc input/ncbigene/gene_info.gz > input/ncbigene/gene_info
# Overwriting timestamp of the input/ncbigene/download.lock
## Prepare input files for OMA protein
# Checking lock file input/oma_protein/download.lock for download
# Local file time:  2026-07-01 18:13:18 +0900 (input/oma_protein/oma-entrez.txt.gz)
# Remote file time: 2026-07-01 09:13:18 +0000 (https://omabrowser.org/All/oma-entrez.txt.gz)
# Local file size:  55125980 (input/oma_protein/oma-entrez.txt.gz)
# Remote file size: 55125980 (https://omabrowser.org/All/oma-entrez.txt.gz)
# Local file time:  2026-07-01 18:17:55 +0900 (input/oma_protein/oma-species.txt)
# Remote file time: 2026-07-01 09:17:55 +0000 (https://omabrowser.org/All/oma-species.txt)
# Local file size:  415680 (input/oma_protein/oma-species.txt)
# Remote file size: 415680 (https://omabrowser.org/All/oma-species.txt)
# Local file time:  2026-07-01 18:42:33 +0900 (input/oma_protein/oma-uniprot.txt.gz)
# Remote file time: 2026-07-01 09:42:33 +0000 (https://omabrowser.org/All/oma-uniprot.txt.gz)
# Local file size:  135052824 (input/oma_protein/oma-uniprot.txt.gz)
# Remote file size: 135052824 (https://omabrowser.org/All/oma-uniprot.txt.gz)
# Preserving timestamp of the input/oma_protein/download.lock
## Prepare input files for Orphanet phenotype
# Checking lock file input/orphanet_phenotype/download.lock for download
# Local file time:  2026-08-28 19:42:46 +0900 (input/orphanet_phenotype/Homo_sapiens.gene_info.gz)
# Remote file time: 2026-09-04 08:41:09 +0000 (https://ftp.ncbi.nlm.nih.gov/gene/DATA/GENE_INFO/Mammalia/Homo_sapiens.gene_info.gz)
curl -sS -R -f -L -o 'input/orphanet_phenotype/Homo_sapiens.gene_info.gz' 'https://ftp.ncbi.nlm.nih.gov/gene/DATA/GENE_INFO/Mammalia/Homo_sapiens.gene_info.gz'
gzip -dc input/orphanet_phenotype/Homo_sapiens.gene_info.gz > input/orphanet_phenotype/Homo_sapiens.gene_info
# Overwriting timestamp of the input/orphanet_phenotype/download.lock
## Prepare input files for PMC
# Checking lock file input/pmc/download.lock for download
# Local file time:  2026-08-28 17:57:17 +0900 (input/pmc/PMC-ids.csv.gz)
# Remote file time: 2026-09-04 08:55:44 +0000 (https://ftp.ncbi.nlm.nih.gov/pub/pmc/PMC-ids.csv.gz)
curl -sS -R -f -L -o 'input/pmc/PMC-ids.csv.gz' 'https://ftp.ncbi.nlm.nih.gov/pub/pmc/PMC-ids.csv.gz'
gzip -dc input/pmc/PMC-ids.csv.gz > input/pmc/PMC-ids.csv
# Overwriting timestamp of the input/pmc/download.lock
## Prepare input files for PROSITE
# Checking lock file input/prosite/download.lock for download
# Local file time:  2026-06-10 22:00:00 +0900 (input/prosite/prosite.dat)
# Remote file time: 2026-09-02 14:00:00 +0000 (https://ftp.expasy.org/databases/prosite/prosite.dat)
curl -sS -R -f -L -o 'input/prosite/prosite.dat' 'https://ftp.expasy.org/databases/prosite/prosite.dat'
# Local file time:  2026-06-10 22:00:00 +0900 (input/prosite/prorule.dat)
# Remote file time: 2026-09-02 14:00:00 +0000 (https://ftp.expasy.org/databases/prosite/prorule.dat)
curl -sS -R -f -L -o 'input/prosite/prorule.dat' 'https://ftp.expasy.org/databases/prosite/prorule.dat'
# Overwriting timestamp of the input/prosite/download.lock
## Prepare input files for Reactome
# Checking lock file input/reactome/download.lock for download
# Local file time:  2026-06-19 09:13:25 +0900 (input/reactome/UniProt2ReactomeReactions.txt)
# Remote file time: 2026-06-19 00:13:25 +0000 (https://reactome.org/download/current/UniProt2ReactomeReactions.txt)
# Local file time:  2026-06-19 09:14:16 +0900 (input/reactome/ChEBI2ReactomeReactions.txt)
# Remote file time: 2026-06-19 00:14:16 +0000 (https://reactome.org/download/current/ChEBI2ReactomeReactions.txt)
# Local file time:  2026-06-19 09:32:57 +0900 (input/reactome/Ensembl2ReactomeReactions.txt)
# Remote file time: 2026-06-19 00:32:57 +0000 (https://reactome.org/download/current/Ensembl2ReactomeReactions.txt)
# Local file time:  2026-06-19 09:36:29 +0900 (input/reactome/miRBase2ReactomeReactions.txt)
# Remote file time: 2026-06-19 00:36:29 +0000 (https://reactome.org/download/current/miRBase2ReactomeReactions.txt)
# Local file time:  2026-06-19 09:36:24 +0900 (input/reactome/NCBI2ReactomeReactions.txt)
# Remote file time: 2026-06-19 00:36:24 +0000 (https://reactome.org/download/current/NCBI2ReactomeReactions.txt)
# Local file time:  2026-06-19 09:36:40 +0900 (input/reactome/GtoP2ReactomeReactions.txt)
# Remote file time: 2026-06-19 00:36:40 +0000 (https://reactome.org/download/current/GtoP2ReactomeReactions.txt)
# Local file time:  2026-06-19 09:12:56 +0900 (input/reactome/UniProt2Reactome_All_Levels.txt)
# Remote file time: 2026-06-19 00:12:56 +0000 (https://reactome.org/download/current/UniProt2Reactome_All_Levels.txt)
# Local file time:  2026-06-19 09:14:11 +0900 (input/reactome/ChEBI2Reactome_All_Levels.txt)
# Remote file time: 2026-06-19 00:14:11 +0000 (https://reactome.org/download/current/ChEBI2Reactome_All_Levels.txt)
# Local file time:  2026-06-19 09:30:41 +0900 (input/reactome/Ensembl2Reactome_All_Levels.txt)
# Remote file time: 2026-06-19 00:30:41 +0000 (https://reactome.org/download/current/Ensembl2Reactome_All_Levels.txt)
# Local file time:  2026-06-19 09:36:28 +0900 (input/reactome/miRBase2Reactome_All_Levels.txt)
# Remote file time: 2026-06-19 00:36:28 +0000 (https://reactome.org/download/current/miRBase2Reactome_All_Levels.txt)
# Local file time:  2026-06-19 09:35:59 +0900 (input/reactome/NCBI2Reactome_All_Levels.txt)
# Remote file time: 2026-06-19 00:35:59 +0000 (https://reactome.org/download/current/NCBI2Reactome_All_Levels.txt)
# Local file time:  2026-06-19 09:36:39 +0900 (input/reactome/GtoP2Reactome_All_Levels.txt)
# Remote file time: 2026-06-19 00:36:39 +0000 (https://reactome.org/download/current/GtoP2Reactome_All_Levels.txt)
# Preserving timestamp of the input/reactome/download.lock
## Prepare input files for RefSeq Protein
# Checking lock file input/refseq_protein/download.lock for download
# Local file time:  2026-08-27 18:12:47 +0900 (input/refseq_protein/gene_refseq_uniprotkb_collab.gz)
# Remote file time: 2026-09-01 09:12:44 +0000 (https://ftp.ncbi.nlm.nih.gov/refseq/uniprotkb/gene_refseq_uniprotkb_collab.gz)
curl -sS -R -f -L -o 'input/refseq_protein/gene_refseq_uniprotkb_collab.gz' 'https://ftp.ncbi.nlm.nih.gov/refseq/uniprotkb/gene_refseq_uniprotkb_collab.gz'
# Overwriting timestamp of the input/refseq_protein/download.lock
## Prepare input files for RefSeq RNA
# Checking lock file input/refseq_rna/download.lock for download
# Local file time:  2026-07-10 18:07:13 +0900 (input/refseq_rna/RELEASE_NUMBER)
# Remote file time: 2026-07-10 09:07:13 +0000 (https://ftp.ncbi.nlm.nih.gov/refseq/release/RELEASE_NUMBER)
# Local file size:  4 (input/refseq_rna/RELEASE_NUMBER)
# Remote file size: 4 (https://ftp.ncbi.nlm.nih.gov/refseq/release/RELEASE_NUMBER)
# Preserving timestamp of the input/refseq_rna/download.lock
## Prepare input files for Rhea
# Checking lock file input/rhea/download.lock for download
# Local file time:  2026-06-10 22:00:00 +0900 (input/rhea/rhea2uniprot_sprot.tsv)
# Remote file time: 2026-09-02 14:00:00 +0000 (https://ftp.expasy.org/databases/rhea/tsv/rhea2uniprot_sprot.tsv)
curl -sS -R -f -L -o 'input/rhea/rhea2uniprot_sprot.tsv' 'https://ftp.expasy.org/databases/rhea/tsv/rhea2uniprot_sprot.tsv'
# Local file time:  2026-06-10 22:00:00 +0900 (input/rhea/rhea2uniprot_trembl.tsv.gz)
# Remote file time: 2026-09-02 14:00:00 +0000 (https://ftp.expasy.org/databases/rhea/tsv/rhea2uniprot_trembl.tsv.gz)
curl -sS -R -f -L -o 'input/rhea/rhea2uniprot_trembl.tsv.gz' 'https://ftp.expasy.org/databases/rhea/tsv/rhea2uniprot_trembl.tsv.gz'
gzip -dc input/rhea/rhea2uniprot_trembl.tsv.gz > input/rhea/rhea2uniprot_trembl.tsv
# Local file time:  2026-06-10 22:00:00 +0900 (input/rhea/rhea2go.tsv)
# Remote file time: 2026-09-02 14:00:00 +0000 (https://ftp.expasy.org/databases/rhea/tsv/rhea2go.tsv)
curl -sS -R -f -L -o 'input/rhea/rhea2go.tsv' 'https://ftp.expasy.org/databases/rhea/tsv/rhea2go.tsv'
# Overwriting timestamp of the input/rhea/download.lock
## Prepare input files for RNAcentral
# Checking lock file input/rnacentral/download.lock for download
# Local file time:  2026-08-05 21:03:23 +0900 (input/rnacentral/id_mapping.tsv.gz)
# Remote file time: 2026-08-05 12:03:23 +0000 (https://ftp.ebi.ac.uk/pub/databases/RNAcentral/current_release/id_mapping/id_mapping.tsv.gz)
# Local file size:  2660438847 (input/rnacentral/id_mapping.tsv.gz)
# Remote file size: 2660438847 (https://ftp.ebi.ac.uk/pub/databases/RNAcentral/current_release/id_mapping/id_mapping.tsv.gz)
# Local file time:  2026-07-20 22:52:22 +0900 (input/rnacentral/rnacentral.gpi.gz)
# Remote file time: 2026-07-20 13:52:22 +0000 (https://ftp.ebi.ac.uk/pub/databases/RNAcentral/current_release/gpi/rnacentral.gpi.gz)
# Local file size:  758214417 (input/rnacentral/rnacentral.gpi.gz)
# Remote file size: 758214417 (https://ftp.ebi.ac.uk/pub/databases/RNAcentral/current_release/gpi/rnacentral.gpi.gz)
# Preserving timestamp of the input/rnacentral/download.lock
## Prepare input files for SRA
# Checking lock file input/sra/download.lock for download
# Local file time:  2026-08-28 04:39:23 +0900 (input/sra/SRA_Accessions.tab)
# Remote file time: 2026-09-03 21:49:41 +0000 (https://ftp.ncbi.nlm.nih.gov/sra/reports/Metadata/SRA_Accessions.tab)
curl -sS -R -f -L -o 'input/sra/SRA_Accessions.tab' 'https://ftp.ncbi.nlm.nih.gov/sra/reports/Metadata/SRA_Accessions.tab'
# Overwriting timestamp of the input/sra/download.lock
## Prepare input files for SwissLipids
# Checking lock file input/swisslipids/download.lock for download
wget --quiet --no-check-certificate -O input/swisslipids/lipids.tsv.gz 'https://www.swisslipids.org/api/file.php?cas=download_files&file=lipids.tsv'
gzip -dc input/swisslipids/lipids.tsv.gz > input/swisslipids/lipids.tsv
wget --quiet --no-check-certificate -O input/swisslipids/lipids2uniprot.tsv.gz 'https://www.swisslipids.org/api/file.php?cas=download_files&file=lipids2uniprot.tsv'
gzip -dc input/swisslipids/lipids2uniprot.tsv.gz > input/swisslipids/lipids2uniprot.tsv
# Overwriting timestamp of the input/swisslipids/download.lock
## Prepare input files for TogoVar
# Checking lock file input/togovar/download.lock for download
Error: check_remote_file_time(input/togovar/tgvid2pubmed.tsv.gz, https://grch38.togovar.org/public/togoid/tgvid2pubmed.tsv.gz): no time information in ""
# Local file size:  8134954 (input/togovar/tgvid2pubmed.tsv.gz)
# Remote file size: 5529 (https://grch38.togovar.org/public/togoid/tgvid2pubmed.tsv.gz)
curl -sS -R -f -L -o 'input/togovar/tgvid2pubmed.tsv.gz' 'https://grch38.togovar.org/public/togoid/tgvid2pubmed.tsv.gz'
curl: (22) The requested URL returned error: 403
Error: download_file(input/togovar, https://grch38.togovar.org/public/togoid/tgvid2pubmed.tsv.gz): Command failed with status (22): [curl -sS -R -f -L -o 'input/togovar/tgvid2...]
# Overwriting timestamp of the input/togovar/download.lock
## Prepare input files for UniProt
# Checking lock file input/uniprot/download.lock for download
# Local file time:  2026-06-11 01:32:14 +0900 (input/uniprot/idmapping.dat.gz)
# Remote file time: 2026-09-03 17:29:51 +0000 (https://ftp.ebi.ac.uk/pub/databases/uniprot/current_release/knowledgebase/idmapping/idmapping.dat.gz)
curl -sS -R -f -L -o 'input/uniprot/idmapping.dat.gz' 'https://ftp.ebi.ac.uk/pub/databases/uniprot/current_release/knowledgebase/idmapping/idmapping.dat.gz'
# Local file time:  2026-06-11 01:32:14 +0900 (input/uniprot/idmapping_selected.tab.gz)
# Remote file time: 2026-09-03 17:29:51 +0000 (https://ftp.ebi.ac.uk/pub/databases/uniprot/current_release/knowledgebase/idmapping/idmapping_selected.tab.gz)
curl -sS -R -f -L -o 'input/uniprot/idmapping_selected.tab.gz' 'https://ftp.ebi.ac.uk/pub/databases/uniprot/current_release/knowledgebase/idmapping/idmapping_selected.tab.gz'
gzip -dc input/uniprot/idmapping_selected.tab.gz | cut -f 1,7 | grep 'GO:' > input/uniprot/idmapping_selected.go
wget --quiet --no-check-certificate -O input/uniprot/uniprot_proteome.tab.gz 'https://rest.uniprot.org/proteomes/stream?compressed=true&fields=upid%2Corganism_id%2Cgenome_assembly%2Corganism&format=tsv&query=%28%2A%29'
# Overwriting timestamp of the input/uniprot/download.lock
## Prepare input files for Taxonomy
# Checking lock file input/taxonomy/download.lock for download
# Local file time:  2026-08-28 20:28:50 +0900 (input/taxonomy/taxdump.tar.gz)
# Remote file time: 2026-09-04 17:29:39 +0000 (https://ftp.ncbi.nlm.nih.gov/pub/taxonomy/taxdump.tar.gz)
curl -sS -R -f -L -o 'input/taxonomy/taxdump.tar.gz' 'https://ftp.ncbi.nlm.nih.gov/pub/taxonomy/taxdump.tar.gz'
mkdir -p input/taxonomy/taxdump && tar xzf input/taxonomy/taxdump.tar.gz -C input/taxonomy/taxdump/
# Overwriting timestamp of the input/taxonomy/download.lock
## Prepare input files for UniParc
# Checking lock file input/uniparc/download.lock for download
# Local file time:  2026-06-11 05:00:00 +0900 (input/uniparc/RELEASE.metalink)
# Remote file time: 2026-06-10 20:00:00 +0000 (https://ftp.uniprot.org/pub/databases/uniprot/current_release/uniparc/xml/all/RELEASE.metalink)
# Local file size:  137392 (input/uniparc/RELEASE.metalink)
# Remote file size: 137392 (https://ftp.uniprot.org/pub/databases/uniprot/current_release/uniparc/xml/all/RELEASE.metalink)
# Preserving timestamp of the input/uniparc/download.lock
## Prepare input files for ZFIN
# Checking lock file input/zfin/download.lock for download
# Local file time:  2026-08-28 14:07:15 +0900 (input/zfin/transcripts.txt)
# Remote file time: 2026-09-04 05:06:37 +0000 (https://zfin.org/downloads/transcripts.txt)
curl -sS -R -f -L -o 'input/zfin/transcripts.txt' 'https://zfin.org/downloads/transcripts.txt'
# Overwriting timestamp of the input/zfin/download.lock
### Update TSV for affy_probeset-ncbigene if check_tsv_filesize false or check_config_timestamp false or check_tsv_timestamp false
# File output/tsv/affy_probeset-ncbigene.tsv is newer than config/affy_probeset-ncbigene/config.yaml
# File output/tsv/affy_probeset-ncbigene.tsv is newer than input/affy_probeset/download.lock
# => Preserving output/tsv/affy_probeset-ncbigene.tsv
Rule for TSV (output/tsv/affy_probeset-ncbigene.tsv)
------------------------------
Investigating output/tsv/affy_probeset-ncbigene.tsv
class: Rake::FileTask
task needed: true
timestamp: 2026-06-01 14:38:54 +0900
pre-requisites: 
--output/tsv/ (<EARLY TIME>)
--prepare:affy_probeset (2026-09-05 02:59:40 +0900)
latest-prerequisite time: 2026-09-05 02:59:40 +0900
................................

### Update TSV for assembly_insdc-bioproject if check_tsv_filesize false or check_config_timestamp false or check_tsv_timestamp true
# File output/tsv/assembly_insdc-bioproject.tsv is newer than config/assembly_insdc-bioproject/config.yaml
# File output/tsv/assembly_insdc-bioproject.tsv has no timestamp file
# File output/tsv/assembly_insdc-bioproject.tsv is created 7.245889760088298 days ago (will be updated when >5 days)
## Update config/assembly_insdc-bioproject/config.yaml => output/tsv/assembly_insdc-bioproject.tsv
< 2026-09-05T02:59:40 assembly_insdc-bioproject
togoid-config config/assembly_insdc-bioproject update
# Success: output/tsv/assembly_insdc-bioproject.tsv is updated
> 2026-09-05T02:59:43 assembly_insdc-bioproject
Rule for TSV (output/tsv/assembly_insdc-bioproject.tsv)
------------------------------
Investigating output/tsv/assembly_insdc-bioproject.tsv
class: Rake::FileTask
task needed: false
timestamp: 2026-09-05 02:59:43 +0900
pre-requisites: 
--output/tsv/ (<EARLY TIME>)
--input/update.txt (2026-09-05 02:59:40 +0900)
latest-prerequisite time: 2026-09-05 02:59:40 +0900
................................

### Update TSV for assembly_insdc-biosample if check_tsv_filesize false or check_config_timestamp false or check_tsv_timestamp true
# File output/tsv/assembly_insdc-biosample.tsv is newer than config/assembly_insdc-biosample/config.yaml
# File output/tsv/assembly_insdc-biosample.tsv has no timestamp file
# File output/tsv/assembly_insdc-biosample.tsv is created 7.245892798962686 days ago (will be updated when >5 days)
## Update config/assembly_insdc-biosample/config.yaml => output/tsv/assembly_insdc-biosample.tsv
< 2026-09-05T02:59:43 assembly_insdc-biosample
togoid-config config/assembly_insdc-biosample update
# Success: output/tsv/assembly_insdc-biosample.tsv is updated
> 2026-09-05T02:59:45 assembly_insdc-biosample
Rule for TSV (output/tsv/assembly_insdc-biosample.tsv)
------------------------------
Investigating output/tsv/assembly_insdc-biosample.tsv
class: Rake::FileTask
task needed: false
timestamp: 2026-09-05 02:59:45 +0900
pre-requisites: 
--output/tsv/ (<EARLY TIME>)
--input/update.txt (2026-09-05 02:59:40 +0900)
latest-prerequisite time: 2026-09-05 02:59:40 +0900
................................

### Update TSV for assembly_insdc-insdc_master if check_tsv_filesize false or check_config_timestamp false or check_tsv_timestamp true
# File output/tsv/assembly_insdc-insdc_master.tsv is newer than config/assembly_insdc-insdc_master/config.yaml
# File output/tsv/assembly_insdc-insdc_master.tsv has no timestamp file
# File output/tsv/assembly_insdc-insdc_master.tsv is created 7.245896859426909 days ago (will be updated when >5 days)
## Update config/assembly_insdc-insdc_master/config.yaml => output/tsv/assembly_insdc-insdc_master.tsv
< 2026-09-05T02:59:45 assembly_insdc-insdc_master
togoid-config config/assembly_insdc-insdc_master update
# Success: output/tsv/assembly_insdc-insdc_master.tsv is updated
> 2026-09-05T02:59:47 assembly_insdc-insdc_master
Rule for TSV (output/tsv/assembly_insdc-insdc_master.tsv)
------------------------------
Investigating output/tsv/assembly_insdc-insdc_master.tsv
class: Rake::FileTask
task needed: false
timestamp: 2026-09-05 02:59:47 +0900
pre-requisites: 
--output/tsv/ (<EARLY TIME>)
--input/update.txt (2026-09-05 02:59:40 +0900)
latest-prerequisite time: 2026-09-05 02:59:40 +0900
................................

### Update TSV for bioproject-biosample if check_tsv_filesize false or check_config_timestamp false or check_tsv_timestamp true
# File output/tsv/bioproject-biosample.tsv is newer than config/bioproject-biosample/config.yaml
# File output/tsv/bioproject-biosample.tsv is older than input/bioproject/download.lock
## Update config/bioproject-biosample/config.yaml => output/tsv/bioproject-biosample.tsv
< 2026-09-05T02:59:47 bioproject-biosample
togoid-config config/bioproject-biosample update
# Success: output/tsv/bioproject-biosample.tsv is updated
> 2026-09-05T03:03:00 bioproject-biosample
Rule for TSV (output/tsv/bioproject-biosample.tsv)
------------------------------
Investigating output/tsv/bioproject-biosample.tsv
class: Rake::FileTask
task needed: true
timestamp: 2026-09-05 03:03:00 +0900
pre-requisites: 
--output/tsv/ (<EARLY TIME>)
--prepare:bioproject (2026-09-05 03:03:00 +0900)
latest-prerequisite time: 2026-09-05 03:03:00 +0900
................................

### Update TSV for bioproject-geo_series if check_tsv_filesize false or check_config_timestamp false or check_tsv_timestamp true
# File output/tsv/bioproject-geo_series.tsv is newer than config/bioproject-geo_series/config.yaml
# File output/tsv/bioproject-geo_series.tsv is older than input/bioproject/download.lock
## Update config/bioproject-geo_series/config.yaml => output/tsv/bioproject-geo_series.tsv
< 2026-09-05T03:03:00 bioproject-geo_series
togoid-config config/bioproject-geo_series update
# Success: output/tsv/bioproject-geo_series.tsv is updated
> 2026-09-05T03:03:02 bioproject-geo_series
Rule for TSV (output/tsv/bioproject-geo_series.tsv)
------------------------------
Investigating output/tsv/bioproject-geo_series.tsv
class: Rake::FileTask
task needed: true
timestamp: 2026-09-05 03:03:02 +0900
pre-requisites: 
--output/tsv/ (<EARLY TIME>)
--prepare:bioproject (2026-09-05 03:03:02 +0900)
latest-prerequisite time: 2026-09-05 03:03:02 +0900
................................

### Update TSV for bioproject-pubmed if check_tsv_filesize false or check_config_timestamp false or check_tsv_timestamp true
# File output/tsv/bioproject-pubmed.tsv is newer than config/bioproject-pubmed/config.yaml
# File output/tsv/bioproject-pubmed.tsv is older than input/bioproject/download.lock
## Update config/bioproject-pubmed/config.yaml => output/tsv/bioproject-pubmed.tsv
< 2026-09-05T03:03:02 bioproject-pubmed
togoid-config config/bioproject-pubmed update
# Success: output/tsv/bioproject-pubmed.tsv is updated
> 2026-09-05T03:03:04 bioproject-pubmed
Rule for TSV (output/tsv/bioproject-pubmed.tsv)
------------------------------
Investigating output/tsv/bioproject-pubmed.tsv
class: Rake::FileTask
task needed: true
timestamp: 2026-09-05 03:03:04 +0900
pre-requisites: 
--output/tsv/ (<EARLY TIME>)
--prepare:bioproject (2026-09-05 03:03:04 +0900)
latest-prerequisite time: 2026-09-05 03:03:04 +0900
................................

### Update TSV for bioproject_umbrella-bioproject if check_tsv_filesize false or check_config_timestamp false or check_tsv_timestamp true
# File output/tsv/bioproject_umbrella-bioproject.tsv is newer than config/bioproject_umbrella-bioproject/config.yaml
# File output/tsv/bioproject_umbrella-bioproject.tsv has no timestamp file
# File output/tsv/bioproject_umbrella-bioproject.tsv is created 7.245814159384109 days ago (will be updated when >5 days)
## Update config/bioproject_umbrella-bioproject/config.yaml => output/tsv/bioproject_umbrella-bioproject.tsv
< 2026-09-05T03:03:04 bioproject_umbrella-bioproject
togoid-config config/bioproject_umbrella-bioproject update
# Success: output/tsv/bioproject_umbrella-bioproject.tsv is updated
> 2026-09-05T03:03:04 bioproject_umbrella-bioproject
Rule for TSV (output/tsv/bioproject_umbrella-bioproject.tsv)
------------------------------
Investigating output/tsv/bioproject_umbrella-bioproject.tsv
class: Rake::FileTask
task needed: true
timestamp: 2026-09-05 03:03:04 +0900
pre-requisites: 
--output/tsv/ (<EARLY TIME>)
--prepare:bioproject (2026-09-05 03:03:04 +0900)
latest-prerequisite time: 2026-09-05 03:03:04 +0900
................................

### Update TSV for biosample-bioproject if check_tsv_filesize false or check_config_timestamp false or check_tsv_timestamp true
# File output/tsv/biosample-bioproject.tsv is newer than config/biosample-bioproject/config.yaml
# File output/tsv/biosample-bioproject.tsv is older than input/biosample/download.lock
## Update config/biosample-bioproject/config.yaml => output/tsv/biosample-bioproject.tsv
< 2026-09-05T03:03:04 biosample-bioproject
togoid-config config/biosample-bioproject update
# Success: output/tsv/biosample-bioproject.tsv is updated
> 2026-09-05T03:06:28 biosample-bioproject
Rule for TSV (output/tsv/biosample-bioproject.tsv)
------------------------------
Investigating output/tsv/biosample-bioproject.tsv
class: Rake::FileTask
task needed: true
timestamp: 2026-09-05 03:06:28 +0900
pre-requisites: 
--output/tsv/ (<EARLY TIME>)
--prepare:biosample (2026-09-05 03:06:28 +0900)
latest-prerequisite time: 2026-09-05 03:06:28 +0900
................................

### Update TSV for biosample-geo_sample if check_tsv_filesize false or check_config_timestamp false or check_tsv_timestamp true
# File output/tsv/biosample-geo_sample.tsv is newer than config/biosample-geo_sample/config.yaml
# File output/tsv/biosample-geo_sample.tsv is older than input/biosample/download.lock
## Update config/biosample-geo_sample/config.yaml => output/tsv/biosample-geo_sample.tsv
< 2026-09-05T03:06:28 biosample-geo_sample
togoid-config config/biosample-geo_sample update
# Success: output/tsv/biosample-geo_sample.tsv is updated
> 2026-09-05T03:08:45 biosample-geo_sample
Rule for TSV (output/tsv/biosample-geo_sample.tsv)
------------------------------
Investigating output/tsv/biosample-geo_sample.tsv
class: Rake::FileTask
task needed: true
timestamp: 2026-09-05 03:08:45 +0900
pre-requisites: 
--output/tsv/ (<EARLY TIME>)
--prepare:biosample (2026-09-05 03:08:45 +0900)
latest-prerequisite time: 2026-09-05 03:08:45 +0900
................................

### Update TSV for biosample-taxonomy if check_tsv_filesize false or check_config_timestamp false or check_tsv_timestamp true
# File output/tsv/biosample-taxonomy.tsv is newer than config/biosample-taxonomy/config.yaml
# File output/tsv/biosample-taxonomy.tsv is older than input/biosample/download.lock
## Update config/biosample-taxonomy/config.yaml => output/tsv/biosample-taxonomy.tsv
< 2026-09-05T03:08:45 biosample-taxonomy
togoid-config config/biosample-taxonomy update
# Success: output/tsv/biosample-taxonomy.tsv is updated
> 2026-09-05T03:10:29 biosample-taxonomy
Rule for TSV (output/tsv/biosample-taxonomy.tsv)
------------------------------
Investigating output/tsv/biosample-taxonomy.tsv
class: Rake::FileTask
task needed: true
timestamp: 2026-09-05 03:10:29 +0900
pre-requisites: 
--output/tsv/ (<EARLY TIME>)
--prepare:biosample (2026-09-05 03:10:29 +0900)
latest-prerequisite time: 2026-09-05 03:10:29 +0900
................................

### Update TSV for cellosaurus-clo if check_tsv_filesize false or check_config_timestamp false or check_tsv_timestamp false
# File output/tsv/cellosaurus-clo.tsv is newer than config/cellosaurus-clo/config.yaml
# File output/tsv/cellosaurus-clo.tsv is newer than input/cellosaurus/download.lock
# => Preserving output/tsv/cellosaurus-clo.tsv
Rule for TSV (output/tsv/cellosaurus-clo.tsv)
------------------------------
Investigating output/tsv/cellosaurus-clo.tsv
class: Rake::FileTask
task needed: true
timestamp: 2026-08-28 21:16:31 +0900
pre-requisites: 
--output/tsv/ (<EARLY TIME>)
--prepare:cellosaurus (2026-09-05 03:10:29 +0900)
latest-prerequisite time: 2026-09-05 03:10:29 +0900
................................

### Update TSV for cellosaurus-ncit_disease if check_tsv_filesize false or check_config_timestamp false or check_tsv_timestamp false
# File output/tsv/cellosaurus-ncit_disease.tsv is newer than config/cellosaurus-ncit_disease/config.yaml
# File output/tsv/cellosaurus-ncit_disease.tsv is newer than input/cellosaurus/download.lock
# => Preserving output/tsv/cellosaurus-ncit_disease.tsv
Rule for TSV (output/tsv/cellosaurus-ncit_disease.tsv)
------------------------------
Investigating output/tsv/cellosaurus-ncit_disease.tsv
class: Rake::FileTask
task needed: true
timestamp: 2026-08-28 21:16:35 +0900
pre-requisites: 
--output/tsv/ (<EARLY TIME>)
--prepare:cellosaurus (2026-09-05 03:10:29 +0900)
latest-prerequisite time: 2026-09-05 03:10:29 +0900
................................

### Update TSV for cellosaurus-orphanet_phenotype if check_tsv_filesize false or check_config_timestamp false or check_tsv_timestamp false
# File output/tsv/cellosaurus-orphanet_phenotype.tsv is newer than config/cellosaurus-orphanet_phenotype/config.yaml
# File output/tsv/cellosaurus-orphanet_phenotype.tsv is newer than input/cellosaurus/download.lock
# => Preserving output/tsv/cellosaurus-orphanet_phenotype.tsv
Rule for TSV (output/tsv/cellosaurus-orphanet_phenotype.tsv)
------------------------------
Investigating output/tsv/cellosaurus-orphanet_phenotype.tsv
class: Rake::FileTask
task needed: true
timestamp: 2026-08-28 21:16:39 +0900
pre-requisites: 
--output/tsv/ (<EARLY TIME>)
--prepare:cellosaurus (2026-09-05 03:10:29 +0900)
latest-prerequisite time: 2026-09-05 03:10:29 +0900
................................

### Update TSV for cellosaurus-taxonomy if check_tsv_filesize false or check_config_timestamp false or check_tsv_timestamp false
# File output/tsv/cellosaurus-taxonomy.tsv is newer than config/cellosaurus-taxonomy/config.yaml
# File output/tsv/cellosaurus-taxonomy.tsv is newer than input/cellosaurus/download.lock
# => Preserving output/tsv/cellosaurus-taxonomy.tsv
Rule for TSV (output/tsv/cellosaurus-taxonomy.tsv)
------------------------------
Investigating output/tsv/cellosaurus-taxonomy.tsv
class: Rake::FileTask
task needed: true
timestamp: 2026-08-28 21:16:44 +0900
pre-requisites: 
--output/tsv/ (<EARLY TIME>)
--prepare:cellosaurus (2026-09-05 03:10:29 +0900)
latest-prerequisite time: 2026-09-05 03:10:29 +0900
................................

### Update TSV for chebi-glytoucan if check_tsv_filesize false or check_config_timestamp false or check_tsv_timestamp true
# File output/tsv/chebi-glytoucan.tsv is newer than config/chebi-glytoucan/config.yaml
# File output/tsv/chebi-glytoucan.tsv has no timestamp file
# File output/tsv/chebi-glytoucan.tsv is created 7.24566481511272 days ago (will be updated when >5 days)
## Update config/chebi-glytoucan/config.yaml => output/tsv/chebi-glytoucan.tsv
< 2026-09-05T03:10:29 chebi-glytoucan
togoid-config config/chebi-glytoucan update
# Success: output/tsv/chebi-glytoucan.tsv is updated
> 2026-09-05T03:10:29 chebi-glytoucan
Rule for TSV (output/tsv/chebi-glytoucan.tsv)
------------------------------
Investigating output/tsv/chebi-glytoucan.tsv
class: Rake::FileTask
task needed: false
timestamp: 2026-09-05 03:10:29 +0900
pre-requisites: 
--output/tsv/ (<EARLY TIME>)
--input/update.txt (2026-09-05 02:59:40 +0900)
latest-prerequisite time: 2026-09-05 02:59:40 +0900
................................

### Update TSV for chebi-inchi_key if check_tsv_filesize false or check_config_timestamp false or check_tsv_timestamp true
# File output/tsv/chebi-inchi_key.tsv is newer than config/chebi-inchi_key/config.yaml
# File output/tsv/chebi-inchi_key.tsv has no timestamp file
# File output/tsv/chebi-inchi_key.tsv is created 7.245662510031839 days ago (will be updated when >5 days)
## Update config/chebi-inchi_key/config.yaml => output/tsv/chebi-inchi_key.tsv
< 2026-09-05T03:10:29 chebi-inchi_key
togoid-config config/chebi-inchi_key update
# Success: output/tsv/chebi-inchi_key.tsv is updated
> 2026-09-05T03:10:30 chebi-inchi_key
Rule for TSV (output/tsv/chebi-inchi_key.tsv)
------------------------------
Investigating output/tsv/chebi-inchi_key.tsv
class: Rake::FileTask
task needed: false
timestamp: 2026-09-05 03:10:30 +0900
pre-requisites: 
--output/tsv/ (<EARLY TIME>)
--input/update.txt (2026-09-05 02:59:40 +0900)
latest-prerequisite time: 2026-09-05 02:59:40 +0900
................................

### Update TSV for chembl_compound-chebi if check_tsv_filesize false or check_config_timestamp false or check_tsv_timestamp true
# File output/tsv/chembl_compound-chebi.tsv is newer than config/chembl_compound-chebi/config.yaml
# File output/tsv/chembl_compound-chebi.tsv has no timestamp file
# File output/tsv/chembl_compound-chebi.tsv is created 7.245664665711609 days ago (will be updated when >5 days)
## Update config/chembl_compound-chebi/config.yaml => output/tsv/chembl_compound-chebi.tsv
< 2026-09-05T03:10:30 chembl_compound-chebi
togoid-config config/chembl_compound-chebi update
# Success: output/tsv/chembl_compound-chebi.tsv is updated
> 2026-09-05T03:10:30 chembl_compound-chebi
Rule for TSV (output/tsv/chembl_compound-chebi.tsv)
------------------------------
Investigating output/tsv/chembl_compound-chebi.tsv
class: Rake::FileTask
task needed: false
timestamp: 2026-09-05 03:10:30 +0900
pre-requisites: 
--output/tsv/ (<EARLY TIME>)
--input/update.txt (2026-09-05 02:59:40 +0900)
latest-prerequisite time: 2026-09-05 02:59:40 +0900
................................

### Update TSV for chembl_compound-chembl_target if check_tsv_filesize false or check_config_timestamp false or check_tsv_timestamp true
# File output/tsv/chembl_compound-chembl_target.tsv is newer than config/chembl_compound-chembl_target/config.yaml
# File output/tsv/chembl_compound-chembl_target.tsv has no timestamp file
# File output/tsv/chembl_compound-chembl_target.tsv is created 7.235082747790105 days ago (will be updated when >5 days)
## Update config/chembl_compound-chembl_target/config.yaml => output/tsv/chembl_compound-chembl_target.tsv
< 2026-09-05T03:10:30 chembl_compound-chembl_target
togoid-config config/chembl_compound-chembl_target update
# Success: output/tsv/chembl_compound-chembl_target.tsv is updated
> 2026-09-05T03:25:44 chembl_compound-chembl_target
Rule for TSV (output/tsv/chembl_compound-chembl_target.tsv)
------------------------------
Investigating output/tsv/chembl_compound-chembl_target.tsv
class: Rake::FileTask
task needed: false
timestamp: 2026-09-05 03:25:44 +0900
pre-requisites: 
--output/tsv/ (<EARLY TIME>)
--input/update.txt (2026-09-05 02:59:40 +0900)
latest-prerequisite time: 2026-09-05 02:59:40 +0900
................................

### Update TSV for chembl_compound-drugbank if check_tsv_filesize false or check_config_timestamp false or check_tsv_timestamp true
# File output/tsv/chembl_compound-drugbank.tsv is newer than config/chembl_compound-drugbank/config.yaml
# File output/tsv/chembl_compound-drugbank.tsv has no timestamp file
# File output/tsv/chembl_compound-drugbank.tsv is created 7.24565366079044 days ago (will be updated when >5 days)
## Update config/chembl_compound-drugbank/config.yaml => output/tsv/chembl_compound-drugbank.tsv
< 2026-09-05T03:25:44 chembl_compound-drugbank
togoid-config config/chembl_compound-drugbank update
# Success: output/tsv/chembl_compound-drugbank.tsv is updated
> 2026-09-05T03:25:44 chembl_compound-drugbank
Rule for TSV (output/tsv/chembl_compound-drugbank.tsv)
------------------------------
Investigating output/tsv/chembl_compound-drugbank.tsv
class: Rake::FileTask
task needed: false
timestamp: 2026-09-05 03:25:44 +0900
pre-requisites: 
--output/tsv/ (<EARLY TIME>)
--input/update.txt (2026-09-05 02:59:40 +0900)
latest-prerequisite time: 2026-09-05 02:59:40 +0900
................................

### Update TSV for chembl_compound-hmdb if check_tsv_filesize false or check_config_timestamp false or check_tsv_timestamp true
# File output/tsv/chembl_compound-hmdb.tsv is newer than config/chembl_compound-hmdb/config.yaml
# File output/tsv/chembl_compound-hmdb.tsv has no timestamp file
# File output/tsv/chembl_compound-hmdb.tsv is created 7.245653660536643 days ago (will be updated when >5 days)
## Update config/chembl_compound-hmdb/config.yaml => output/tsv/chembl_compound-hmdb.tsv
< 2026-09-05T03:25:44 chembl_compound-hmdb
togoid-config config/chembl_compound-hmdb update
# Success: output/tsv/chembl_compound-hmdb.tsv is updated
> 2026-09-05T03:25:44 chembl_compound-hmdb
Rule for TSV (output/tsv/chembl_compound-hmdb.tsv)
------------------------------
Investigating output/tsv/chembl_compound-hmdb.tsv
class: Rake::FileTask
task needed: false
timestamp: 2026-09-05 03:25:44 +0900
pre-requisites: 
--output/tsv/ (<EARLY TIME>)
--input/update.txt (2026-09-05 02:59:40 +0900)
latest-prerequisite time: 2026-09-05 02:59:40 +0900
................................

### Update TSV for chembl_compound-inchi_key if check_tsv_filesize false or check_config_timestamp false or check_tsv_timestamp true
# File output/tsv/chembl_compound-inchi_key.tsv is newer than config/chembl_compound-inchi_key/config.yaml
# File output/tsv/chembl_compound-inchi_key.tsv has no timestamp file
# File output/tsv/chembl_compound-inchi_key.tsv is created 7.245619452667314 days ago (will be updated when >5 days)
## Update config/chembl_compound-inchi_key/config.yaml => output/tsv/chembl_compound-inchi_key.tsv
< 2026-09-05T03:25:44 chembl_compound-inchi_key
togoid-config config/chembl_compound-inchi_key update
# Success: output/tsv/chembl_compound-inchi_key.tsv is updated
> 2026-09-05T03:25:47 chembl_compound-inchi_key
Rule for TSV (output/tsv/chembl_compound-inchi_key.tsv)
------------------------------
Investigating output/tsv/chembl_compound-inchi_key.tsv
class: Rake::FileTask
task needed: false
timestamp: 2026-09-05 03:25:47 +0900
pre-requisites: 
--output/tsv/ (<EARLY TIME>)
--input/update.txt (2026-09-05 02:59:40 +0900)
latest-prerequisite time: 2026-09-05 02:59:40 +0900
................................

### Update TSV for chembl_compound-mesh if check_tsv_filesize false or check_config_timestamp false or check_tsv_timestamp true
# File output/tsv/chembl_compound-mesh.tsv is newer than config/chembl_compound-mesh/config.yaml
# File output/tsv/chembl_compound-mesh.tsv has no timestamp file
# File output/tsv/chembl_compound-mesh.tsv is created 7.245655377667395 days ago (will be updated when >5 days)
## Update config/chembl_compound-mesh/config.yaml => output/tsv/chembl_compound-mesh.tsv
< 2026-09-05T03:25:47 chembl_compound-mesh
togoid-config config/chembl_compound-mesh update
# Success: output/tsv/chembl_compound-mesh.tsv is updated
> 2026-09-05T03:25:47 chembl_compound-mesh
Rule for TSV (output/tsv/chembl_compound-mesh.tsv)
------------------------------
Investigating output/tsv/chembl_compound-mesh.tsv
class: Rake::FileTask
task needed: false
timestamp: 2026-09-05 03:25:47 +0900
pre-requisites: 
--output/tsv/ (<EARLY TIME>)
--input/update.txt (2026-09-05 02:59:40 +0900)
latest-prerequisite time: 2026-09-05 02:59:40 +0900
................................

### Update TSV for chembl_compound-pdb_ccd if check_tsv_filesize false or check_config_timestamp false or check_tsv_timestamp true
# File output/tsv/chembl_compound-pdb_ccd.tsv is newer than config/chembl_compound-pdb_ccd/config.yaml
# File output/tsv/chembl_compound-pdb_ccd.tsv has no timestamp file
# File output/tsv/chembl_compound-pdb_ccd.tsv is created 196.266357108681 days ago (will be updated when >5 days)
## Update config/chembl_compound-pdb_ccd/config.yaml => output/tsv/chembl_compound-pdb_ccd.tsv
< 2026-09-05T03:25:47 chembl_compound-pdb_ccd
togoid-config config/chembl_compound-pdb_ccd update
# Error: output/tsv/chembl_compound-pdb_ccd.tsv new file size per old 83 / 250230 = 0.0003316948407465132 < 0.5
# Failure: output/tsv/chembl_compound-pdb_ccd.tsv is not updated
> 2026-09-05T03:25:48 chembl_compound-pdb_ccd
Rule for TSV (output/tsv/chembl_compound-pdb_ccd.tsv)
------------------------------
Investigating output/tsv/chembl_compound-pdb_ccd.tsv
class: Rake::FileTask
task needed: true
timestamp: 2026-02-20 21:02:14 +0900
pre-requisites: 
--output/tsv/ (<EARLY TIME>)
--input/update.txt (2026-09-05 02:59:40 +0900)
latest-prerequisite time: 2026-09-05 02:59:40 +0900
................................

### Update TSV for chembl_compound-pubchem_compound if check_tsv_filesize false or check_config_timestamp false or check_tsv_timestamp true
# File output/tsv/chembl_compound-pubchem_compound.tsv is newer than config/chembl_compound-pubchem_compound/config.yaml
# File output/tsv/chembl_compound-pubchem_compound.tsv has no timestamp file
# File output/tsv/chembl_compound-pubchem_compound.tsv is created 7.245622518449537 days ago (will be updated when >5 days)
## Update config/chembl_compound-pubchem_compound/config.yaml => output/tsv/chembl_compound-pubchem_compound.tsv
< 2026-09-05T03:25:48 chembl_compound-pubchem_compound
togoid-config config/chembl_compound-pubchem_compound update
# Success: output/tsv/chembl_compound-pubchem_compound.tsv is updated
> 2026-09-05T03:25:51 chembl_compound-pubchem_compound
Rule for TSV (output/tsv/chembl_compound-pubchem_compound.tsv)
------------------------------
Investigating output/tsv/chembl_compound-pubchem_compound.tsv
class: Rake::FileTask
task needed: false
timestamp: 2026-09-05 03:25:51 +0900
pre-requisites: 
--output/tsv/ (<EARLY TIME>)
--input/update.txt (2026-09-05 02:59:40 +0900)
latest-prerequisite time: 2026-09-05 02:59:40 +0900
................................

### Update TSV for chembl_compound-pubchem_substance if check_tsv_filesize false or check_config_timestamp false or check_tsv_timestamp true
# File output/tsv/chembl_compound-pubchem_substance.tsv is newer than config/chembl_compound-pubchem_substance/config.yaml
# File output/tsv/chembl_compound-pubchem_substance.tsv has no timestamp file
# File output/tsv/chembl_compound-pubchem_substance.tsv is created 7.245649547050231 days ago (will be updated when >5 days)
## Update config/chembl_compound-pubchem_substance/config.yaml => output/tsv/chembl_compound-pubchem_substance.tsv
< 2026-09-05T03:25:51 chembl_compound-pubchem_substance
togoid-config config/chembl_compound-pubchem_substance update
# Success: output/tsv/chembl_compound-pubchem_substance.tsv is updated
> 2026-09-05T03:25:51 chembl_compound-pubchem_substance
Rule for TSV (output/tsv/chembl_compound-pubchem_substance.tsv)
------------------------------
Investigating output/tsv/chembl_compound-pubchem_substance.tsv
class: Rake::FileTask
task needed: false
timestamp: 2026-09-05 03:25:51 +0900
pre-requisites: 
--output/tsv/ (<EARLY TIME>)
--input/update.txt (2026-09-05 02:59:40 +0900)
latest-prerequisite time: 2026-09-05 02:59:40 +0900
................................

### Update TSV for chembl_compound-pubmed if check_tsv_filesize false or check_config_timestamp false or check_tsv_timestamp true
# File output/tsv/chembl_compound-pubmed.tsv is newer than config/chembl_compound-pubmed/config.yaml
# File output/tsv/chembl_compound-pubmed.tsv has no timestamp file
# File output/tsv/chembl_compound-pubmed.tsv is created 7.245634641464734 days ago (will be updated when >5 days)
## Update config/chembl_compound-pubmed/config.yaml => output/tsv/chembl_compound-pubmed.tsv
< 2026-09-05T03:25:51 chembl_compound-pubmed
togoid-config config/chembl_compound-pubmed update
# Success: output/tsv/chembl_compound-pubmed.tsv is updated
> 2026-09-05T03:25:54 chembl_compound-pubmed
Rule for TSV (output/tsv/chembl_compound-pubmed.tsv)
------------------------------
Investigating output/tsv/chembl_compound-pubmed.tsv
class: Rake::FileTask
task needed: false
timestamp: 2026-09-05 03:25:54 +0900
pre-requisites: 
--output/tsv/ (<EARLY TIME>)
--input/update.txt (2026-09-05 02:59:40 +0900)
latest-prerequisite time: 2026-09-05 02:59:40 +0900
................................

### Update TSV for chembl_target-ensembl_gene if check_tsv_filesize false or check_config_timestamp true or check_tsv_timestamp true
# File output/tsv/chembl_target-ensembl_gene.tsv is older than config/chembl_target-ensembl_gene/config.yaml
## Update config/chembl_target-ensembl_gene/config.yaml => output/tsv/chembl_target-ensembl_gene.tsv
< 2026-09-05T03:25:54 chembl_target-ensembl_gene
togoid-config config/chembl_target-ensembl_gene update
# Error: output/tsv/chembl_target-ensembl_gene.tsv new file size per old 0 / 61845 = 0.0 < 0.5
# Error: Failed to create output/tsv/chembl_target-ensembl_gene.tsv or created file was empty
# Failure: output/tsv/chembl_target-ensembl_gene.tsv is not updated
> 2026-09-05T03:25:54 chembl_target-ensembl_gene
Rule for TSV (output/tsv/chembl_target-ensembl_gene.tsv)
------------------------------
Investigating output/tsv/chembl_target-ensembl_gene.tsv
class: Rake::FileTask
task needed: true
timestamp: 2023-08-25 17:59:01 +0900
pre-requisites: 
--output/tsv/ (<EARLY TIME>)
--input/update.txt (2026-09-05 02:59:40 +0900)
latest-prerequisite time: 2026-09-05 02:59:40 +0900
................................

### Update TSV for chembl_target-go if check_tsv_filesize false or check_config_timestamp false or check_tsv_timestamp true
# File output/tsv/chembl_target-go.tsv is newer than config/chembl_target-go/config.yaml
# File output/tsv/chembl_target-go.tsv has no timestamp file
# File output/tsv/chembl_target-go.tsv is created 7.245657917940255 days ago (will be updated when >5 days)
## Update config/chembl_target-go/config.yaml => output/tsv/chembl_target-go.tsv
< 2026-09-05T03:25:54 chembl_target-go
togoid-config config/chembl_target-go update
# Success: output/tsv/chembl_target-go.tsv is updated
> 2026-09-05T03:25:54 chembl_target-go
Rule for TSV (output/tsv/chembl_target-go.tsv)
------------------------------
Investigating output/tsv/chembl_target-go.tsv
class: Rake::FileTask
task needed: false
timestamp: 2026-09-05 03:25:54 +0900
pre-requisites: 
--output/tsv/ (<EARLY TIME>)
--input/update.txt (2026-09-05 02:59:40 +0900)
latest-prerequisite time: 2026-09-05 02:59:40 +0900
................................

### Update TSV for chembl_target-interpro if check_tsv_filesize false or check_config_timestamp false or check_tsv_timestamp true
# File output/tsv/chembl_target-interpro.tsv is newer than config/chembl_target-interpro/config.yaml
# File output/tsv/chembl_target-interpro.tsv has no timestamp file
# File output/tsv/chembl_target-interpro.tsv is created 7.245657905748784 days ago (will be updated when >5 days)
## Update config/chembl_target-interpro/config.yaml => output/tsv/chembl_target-interpro.tsv
< 2026-09-05T03:25:54 chembl_target-interpro
togoid-config config/chembl_target-interpro update
# Success: output/tsv/chembl_target-interpro.tsv is updated
> 2026-09-05T03:25:54 chembl_target-interpro
Rule for TSV (output/tsv/chembl_target-interpro.tsv)
------------------------------
Investigating output/tsv/chembl_target-interpro.tsv
class: Rake::FileTask
task needed: false
timestamp: 2026-09-05 03:25:54 +0900
pre-requisites: 
--output/tsv/ (<EARLY TIME>)
--input/update.txt (2026-09-05 02:59:40 +0900)
latest-prerequisite time: 2026-09-05 02:59:40 +0900
................................

### Update TSV for chembl_target-pdb if check_tsv_filesize false or check_config_timestamp false or check_tsv_timestamp true
# File output/tsv/chembl_target-pdb.tsv is newer than config/chembl_target-pdb/config.yaml
# File output/tsv/chembl_target-pdb.tsv has no timestamp file
# File output/tsv/chembl_target-pdb.tsv is created 7.245643257901701 days ago (will be updated when >5 days)
## Update config/chembl_target-pdb/config.yaml => output/tsv/chembl_target-pdb.tsv
< 2026-09-05T03:25:54 chembl_target-pdb
togoid-config config/chembl_target-pdb update
# Success: output/tsv/chembl_target-pdb.tsv is updated
> 2026-09-05T03:25:54 chembl_target-pdb
Rule for TSV (output/tsv/chembl_target-pdb.tsv)
------------------------------
Investigating output/tsv/chembl_target-pdb.tsv
class: Rake::FileTask
task needed: false
timestamp: 2026-09-05 03:25:54 +0900
pre-requisites: 
--output/tsv/ (<EARLY TIME>)
--input/update.txt (2026-09-05 02:59:40 +0900)
latest-prerequisite time: 2026-09-05 02:59:40 +0900
................................

### Update TSV for chembl_target-pfam if check_tsv_filesize false or check_config_timestamp false or check_tsv_timestamp true
# File output/tsv/chembl_target-pfam.tsv is newer than config/chembl_target-pfam/config.yaml
# File output/tsv/chembl_target-pfam.tsv has no timestamp file
# File output/tsv/chembl_target-pfam.tsv is created 7.245630442977663 days ago (will be updated when >5 days)
## Update config/chembl_target-pfam/config.yaml => output/tsv/chembl_target-pfam.tsv
< 2026-09-05T03:25:54 chembl_target-pfam
togoid-config config/chembl_target-pfam update
# Success: output/tsv/chembl_target-pfam.tsv is updated
> 2026-09-05T03:25:54 chembl_target-pfam
Rule for TSV (output/tsv/chembl_target-pfam.tsv)
------------------------------
Investigating output/tsv/chembl_target-pfam.tsv
class: Rake::FileTask
task needed: false
timestamp: 2026-09-05 03:25:54 +0900
pre-requisites: 
--output/tsv/ (<EARLY TIME>)
--input/update.txt (2026-09-05 02:59:40 +0900)
latest-prerequisite time: 2026-09-05 02:59:40 +0900
................................

### Update TSV for chembl_target-reactome_pathway if check_tsv_filesize false or check_config_timestamp false or check_tsv_timestamp true
# File output/tsv/chembl_target-reactome_pathway.tsv is newer than config/chembl_target-reactome_pathway/config.yaml
# File output/tsv/chembl_target-reactome_pathway.tsv has no timestamp file
# File output/tsv/chembl_target-reactome_pathway.tsv is created 7.245626976000267 days ago (will be updated when >5 days)
## Update config/chembl_target-reactome_pathway/config.yaml => output/tsv/chembl_target-reactome_pathway.tsv
< 2026-09-05T03:25:54 chembl_target-reactome_pathway
togoid-config config/chembl_target-reactome_pathway update
# Success: output/tsv/chembl_target-reactome_pathway.tsv is updated
> 2026-09-05T03:25:55 chembl_target-reactome_pathway
Rule for TSV (output/tsv/chembl_target-reactome_pathway.tsv)
------------------------------
Investigating output/tsv/chembl_target-reactome_pathway.tsv
class: Rake::FileTask
task needed: false
timestamp: 2026-09-05 03:25:55 +0900
pre-requisites: 
--output/tsv/ (<EARLY TIME>)
--input/update.txt (2026-09-05 02:59:40 +0900)
latest-prerequisite time: 2026-09-05 02:59:40 +0900
................................

### Update TSV for chembl_target-uniprot if check_tsv_filesize false or check_config_timestamp false or check_tsv_timestamp true
# File output/tsv/chembl_target-uniprot.tsv is newer than config/chembl_target-uniprot/config.yaml
# File output/tsv/chembl_target-uniprot.tsv has no timestamp file
# File output/tsv/chembl_target-uniprot.tsv is created 7.245626524450544 days ago (will be updated when >5 days)
## Update config/chembl_target-uniprot/config.yaml => output/tsv/chembl_target-uniprot.tsv
< 2026-09-05T03:25:55 chembl_target-uniprot
togoid-config config/chembl_target-uniprot update
# Success: output/tsv/chembl_target-uniprot.tsv is updated
> 2026-09-05T03:25:55 chembl_target-uniprot
Rule for TSV (output/tsv/chembl_target-uniprot.tsv)
------------------------------
Investigating output/tsv/chembl_target-uniprot.tsv
class: Rake::FileTask
task needed: false
timestamp: 2026-09-05 03:25:55 +0900
pre-requisites: 
--output/tsv/ (<EARLY TIME>)
--input/update.txt (2026-09-05 02:59:40 +0900)
latest-prerequisite time: 2026-09-05 02:59:40 +0900
................................

### Update TSV for clinvar-dbsnp if check_tsv_filesize false or check_config_timestamp false or check_tsv_timestamp true
# File output/tsv/clinvar-dbsnp.tsv is newer than config/clinvar-dbsnp/config.yaml
# File output/tsv/clinvar-dbsnp.tsv is older than input/clinvar/download.lock
## Update config/clinvar-dbsnp/config.yaml => output/tsv/clinvar-dbsnp.tsv
< 2026-09-05T03:25:55 clinvar-dbsnp
togoid-config config/clinvar-dbsnp update
# Success: output/tsv/clinvar-dbsnp.tsv is updated
> 2026-09-05T03:26:47 clinvar-dbsnp
Rule for TSV (output/tsv/clinvar-dbsnp.tsv)
------------------------------
Investigating output/tsv/clinvar-dbsnp.tsv
class: Rake::FileTask
task needed: true
timestamp: 2026-09-05 03:26:47 +0900
pre-requisites: 
--output/tsv/ (<EARLY TIME>)
--prepare:clinvar (2026-09-05 03:26:47 +0900)
latest-prerequisite time: 2026-09-05 03:26:47 +0900
................................

### Update TSV for clinvar-hgnc if check_tsv_filesize false or check_config_timestamp false or check_tsv_timestamp true
# File output/tsv/clinvar-hgnc.tsv is newer than config/clinvar-hgnc/config.yaml
# File output/tsv/clinvar-hgnc.tsv is older than input/clinvar/download.lock
## Update config/clinvar-hgnc/config.yaml => output/tsv/clinvar-hgnc.tsv
< 2026-09-05T03:26:47 clinvar-hgnc
togoid-config config/clinvar-hgnc update
# Success: output/tsv/clinvar-hgnc.tsv is updated
> 2026-09-05T03:27:55 clinvar-hgnc
Rule for TSV (output/tsv/clinvar-hgnc.tsv)
------------------------------
Investigating output/tsv/clinvar-hgnc.tsv
class: Rake::FileTask
task needed: true
timestamp: 2026-09-05 03:27:55 +0900
pre-requisites: 
--output/tsv/ (<EARLY TIME>)
--prepare:clinvar (2026-09-05 03:27:55 +0900)
latest-prerequisite time: 2026-09-05 03:27:55 +0900
................................

### Update TSV for clinvar-medgen if check_tsv_filesize false or check_config_timestamp false or check_tsv_timestamp true
# File output/tsv/clinvar-medgen.tsv is newer than config/clinvar-medgen/config.yaml
# File output/tsv/clinvar-medgen.tsv is older than input/clinvar/download.lock
## Update config/clinvar-medgen/config.yaml => output/tsv/clinvar-medgen.tsv
< 2026-09-05T03:27:55 clinvar-medgen
togoid-config config/clinvar-medgen update
# Success: output/tsv/clinvar-medgen.tsv is updated
> 2026-09-05T03:29:55 clinvar-medgen
Rule for TSV (output/tsv/clinvar-medgen.tsv)
------------------------------
Investigating output/tsv/clinvar-medgen.tsv
class: Rake::FileTask
task needed: true
timestamp: 2026-09-05 03:29:55 +0900
pre-requisites: 
--output/tsv/ (<EARLY TIME>)
--prepare:clinvar (2026-09-05 03:29:55 +0900)
latest-prerequisite time: 2026-09-05 03:29:55 +0900
................................

### Update TSV for clinvar-mondo if check_tsv_filesize false or check_config_timestamp false or check_tsv_timestamp true
# File output/tsv/clinvar-mondo.tsv is newer than config/clinvar-mondo/config.yaml
# File output/tsv/clinvar-mondo.tsv is older than input/clinvar/download.lock
## Update config/clinvar-mondo/config.yaml => output/tsv/clinvar-mondo.tsv
< 2026-09-05T03:29:55 clinvar-mondo
togoid-config config/clinvar-mondo update
# Success: output/tsv/clinvar-mondo.tsv is updated
> 2026-09-05T03:31:47 clinvar-mondo
Rule for TSV (output/tsv/clinvar-mondo.tsv)
------------------------------
Investigating output/tsv/clinvar-mondo.tsv
class: Rake::FileTask
task needed: true
timestamp: 2026-09-05 03:31:47 +0900
pre-requisites: 
--output/tsv/ (<EARLY TIME>)
--prepare:clinvar (2026-09-05 03:31:47 +0900)
latest-prerequisite time: 2026-09-05 03:31:47 +0900
................................

### Update TSV for clinvar-ncbigene if check_tsv_filesize false or check_config_timestamp false or check_tsv_timestamp true
# File output/tsv/clinvar-ncbigene.tsv is newer than config/clinvar-ncbigene/config.yaml
# File output/tsv/clinvar-ncbigene.tsv is older than input/clinvar/download.lock
## Update config/clinvar-ncbigene/config.yaml => output/tsv/clinvar-ncbigene.tsv
< 2026-09-05T03:31:47 clinvar-ncbigene
togoid-config config/clinvar-ncbigene update
# Success: output/tsv/clinvar-ncbigene.tsv is updated
> 2026-09-05T03:32:53 clinvar-ncbigene
Rule for TSV (output/tsv/clinvar-ncbigene.tsv)
------------------------------
Investigating output/tsv/clinvar-ncbigene.tsv
class: Rake::FileTask
task needed: true
timestamp: 2026-09-05 03:32:53 +0900
pre-requisites: 
--output/tsv/ (<EARLY TIME>)
--prepare:clinvar (2026-09-05 03:32:53 +0900)
latest-prerequisite time: 2026-09-05 03:32:53 +0900
................................

### Update TSV for clinvar-omim_phenotype if check_tsv_filesize false or check_config_timestamp false or check_tsv_timestamp true
# File output/tsv/clinvar-omim_phenotype.tsv is newer than config/clinvar-omim_phenotype/config.yaml
# File output/tsv/clinvar-omim_phenotype.tsv is older than input/clinvar/download.lock
## Update config/clinvar-omim_phenotype/config.yaml => output/tsv/clinvar-omim_phenotype.tsv
< 2026-09-05T03:32:53 clinvar-omim_phenotype
togoid-config config/clinvar-omim_phenotype update
# Success: output/tsv/clinvar-omim_phenotype.tsv is updated
> 2026-09-05T03:34:43 clinvar-omim_phenotype
Rule for TSV (output/tsv/clinvar-omim_phenotype.tsv)
------------------------------
Investigating output/tsv/clinvar-omim_phenotype.tsv
class: Rake::FileTask
task needed: true
timestamp: 2026-09-05 03:34:43 +0900
pre-requisites: 
--output/tsv/ (<EARLY TIME>)
--prepare:clinvar (2026-09-05 03:34:43 +0900)
latest-prerequisite time: 2026-09-05 03:34:43 +0900
................................

### Update TSV for clinvar-orphanet_phenotype if check_tsv_filesize false or check_config_timestamp false or check_tsv_timestamp true
# File output/tsv/clinvar-orphanet_phenotype.tsv is newer than config/clinvar-orphanet_phenotype/config.yaml
# File output/tsv/clinvar-orphanet_phenotype.tsv is older than input/clinvar/download.lock
## Update config/clinvar-orphanet_phenotype/config.yaml => output/tsv/clinvar-orphanet_phenotype.tsv
< 2026-09-05T03:34:43 clinvar-orphanet_phenotype
togoid-config config/clinvar-orphanet_phenotype update
# Success: output/tsv/clinvar-orphanet_phenotype.tsv is updated
> 2026-09-05T03:36:33 clinvar-orphanet_phenotype
Rule for TSV (output/tsv/clinvar-orphanet_phenotype.tsv)
------------------------------
Investigating output/tsv/clinvar-orphanet_phenotype.tsv
class: Rake::FileTask
task needed: true
timestamp: 2026-09-05 03:36:33 +0900
pre-requisites: 
--output/tsv/ (<EARLY TIME>)
--prepare:clinvar (2026-09-05 03:36:33 +0900)
latest-prerequisite time: 2026-09-05 03:36:33 +0900
................................

### Update TSV for clinvar-uniprot if check_tsv_filesize false or check_config_timestamp false or check_tsv_timestamp true
# File output/tsv/clinvar-uniprot.tsv is newer than config/clinvar-uniprot/config.yaml
# File output/tsv/clinvar-uniprot.tsv is older than input/clinvar/download.lock
## Update config/clinvar-uniprot/config.yaml => output/tsv/clinvar-uniprot.tsv
< 2026-09-05T03:36:33 clinvar-uniprot
togoid-config config/clinvar-uniprot update
# Success: output/tsv/clinvar-uniprot.tsv is updated
> 2026-09-05T03:37:37 clinvar-uniprot
Rule for TSV (output/tsv/clinvar-uniprot.tsv)
------------------------------
Investigating output/tsv/clinvar-uniprot.tsv
class: Rake::FileTask
task needed: true
timestamp: 2026-09-05 03:37:37 +0900
pre-requisites: 
--output/tsv/ (<EARLY TIME>)
--prepare:clinvar (2026-09-05 03:37:37 +0900)
latest-prerequisite time: 2026-09-05 03:37:37 +0900
................................

### Update TSV for cog-insdc if check_tsv_filesize false or check_config_timestamp false or check_tsv_timestamp false
# File output/tsv/cog-insdc.tsv is newer than config/cog-insdc/config.yaml
# File output/tsv/cog-insdc.tsv is newer than input/cog/download.lock
# => Preserving output/tsv/cog-insdc.tsv
Rule for TSV (output/tsv/cog-insdc.tsv)
------------------------------
Investigating output/tsv/cog-insdc.tsv
class: Rake::FileTask
task needed: true
timestamp: 2026-03-16 22:15:20 +0900
pre-requisites: 
--output/tsv/ (<EARLY TIME>)
--prepare:cog (2026-09-05 03:37:37 +0900)
latest-prerequisite time: 2026-09-05 03:37:37 +0900
................................

### Update TSV for cog-refseq_protein if check_tsv_filesize false or check_config_timestamp false or check_tsv_timestamp false
# File output/tsv/cog-refseq_protein.tsv is newer than config/cog-refseq_protein/config.yaml
# File output/tsv/cog-refseq_protein.tsv is newer than input/cog/download.lock
# => Preserving output/tsv/cog-refseq_protein.tsv
Rule for TSV (output/tsv/cog-refseq_protein.tsv)
------------------------------
Investigating output/tsv/cog-refseq_protein.tsv
class: Rake::FileTask
task needed: true
timestamp: 2026-03-16 22:15:38 +0900
pre-requisites: 
--output/tsv/ (<EARLY TIME>)
--prepare:cog (2026-09-05 03:37:37 +0900)
latest-prerequisite time: 2026-09-05 03:37:37 +0900
................................

### Update TSV for doid-mesh if check_tsv_filesize false or check_config_timestamp false or check_tsv_timestamp true
# File output/tsv/doid-mesh.tsv is newer than config/doid-mesh/config.yaml
# File output/tsv/doid-mesh.tsv has no timestamp file
# File output/tsv/doid-mesh.tsv is created 7.245642179776238 days ago (will be updated when >5 days)
## Update config/doid-mesh/config.yaml => output/tsv/doid-mesh.tsv
< 2026-09-05T03:37:37 doid-mesh
togoid-config config/doid-mesh update
# Success: output/tsv/doid-mesh.tsv is updated
> 2026-09-05T03:37:37 doid-mesh
Rule for TSV (output/tsv/doid-mesh.tsv)
------------------------------
Investigating output/tsv/doid-mesh.tsv
class: Rake::FileTask
task needed: false
timestamp: 2026-09-05 03:37:37 +0900
pre-requisites: 
--output/tsv/ (<EARLY TIME>)
--input/update.txt (2026-09-05 02:59:40 +0900)
latest-prerequisite time: 2026-09-05 02:59:40 +0900
................................

### Update TSV for doid-ncit_disease if check_tsv_filesize false or check_config_timestamp false or check_tsv_timestamp true
# File output/tsv/doid-ncit_disease.tsv is newer than config/doid-ncit_disease/config.yaml
# File output/tsv/doid-ncit_disease.tsv has no timestamp file
# File output/tsv/doid-ncit_disease.tsv is created 7.245642160886921 days ago (will be updated when >5 days)
## Update config/doid-ncit_disease/config.yaml => output/tsv/doid-ncit_disease.tsv
< 2026-09-05T03:37:37 doid-ncit_disease
togoid-config config/doid-ncit_disease update
# Success: output/tsv/doid-ncit_disease.tsv is updated
> 2026-09-05T03:37:37 doid-ncit_disease
Rule for TSV (output/tsv/doid-ncit_disease.tsv)
------------------------------
Investigating output/tsv/doid-ncit_disease.tsv
class: Rake::FileTask
task needed: false
timestamp: 2026-09-05 03:37:37 +0900
pre-requisites: 
--output/tsv/ (<EARLY TIME>)
--input/update.txt (2026-09-05 02:59:40 +0900)
latest-prerequisite time: 2026-09-05 02:59:40 +0900
................................

### Update TSV for doid-omim_phenotype if check_tsv_filesize false or check_config_timestamp false or check_tsv_timestamp true
# File output/tsv/doid-omim_phenotype.tsv is newer than config/doid-omim_phenotype/config.yaml
# File output/tsv/doid-omim_phenotype.tsv has no timestamp file
# File output/tsv/doid-omim_phenotype.tsv is created 7.2456422695097915 days ago (will be updated when >5 days)
## Update config/doid-omim_phenotype/config.yaml => output/tsv/doid-omim_phenotype.tsv
< 2026-09-05T03:37:37 doid-omim_phenotype
togoid-config config/doid-omim_phenotype update
# Success: output/tsv/doid-omim_phenotype.tsv is updated
> 2026-09-05T03:37:37 doid-omim_phenotype
Rule for TSV (output/tsv/doid-omim_phenotype.tsv)
------------------------------
Investigating output/tsv/doid-omim_phenotype.tsv
class: Rake::FileTask
task needed: false
timestamp: 2026-09-05 03:37:37 +0900
pre-requisites: 
--output/tsv/ (<EARLY TIME>)
--input/update.txt (2026-09-05 02:59:40 +0900)
latest-prerequisite time: 2026-09-05 02:59:40 +0900
................................

### Update TSV for ensembl_gene-affy_probeset if check_tsv_filesize false or check_config_timestamp false or check_tsv_timestamp true
# File output/tsv/ensembl_gene-affy_probeset.tsv is newer than config/ensembl_gene-affy_probeset/config.yaml
# File output/tsv/ensembl_gene-affy_probeset.tsv has no timestamp file
# File output/tsv/ensembl_gene-affy_probeset.tsv is created 28.24132155344977 days ago (will be updated when >5 days)
## Update config/ensembl_gene-affy_probeset/config.yaml => output/tsv/ensembl_gene-affy_probeset.tsv
< 2026-09-05T03:37:37 ensembl_gene-affy_probeset
togoid-config config/ensembl_gene-affy_probeset update
# Error: output/tsv/ensembl_gene-affy_probeset.tsv new file size per old 0 / 1537929 = 0.0 < 0.5
# Error: Failed to create output/tsv/ensembl_gene-affy_probeset.tsv or created file was empty
# Failure: output/tsv/ensembl_gene-affy_probeset.tsv is not updated
> 2026-09-05T03:37:39 ensembl_gene-affy_probeset
Rule for TSV (output/tsv/ensembl_gene-affy_probeset.tsv)
------------------------------
Investigating output/tsv/ensembl_gene-affy_probeset.tsv
class: Rake::FileTask
task needed: true
timestamp: 2026-08-07 21:50:07 +0900
pre-requisites: 
--output/tsv/ (<EARLY TIME>)
--prepare:ensembl (2026-09-05 03:37:39 +0900)
latest-prerequisite time: 2026-09-05 03:37:39 +0900
................................

### Update TSV for ensembl_gene-ensembl_protein if check_tsv_filesize false or check_config_timestamp false or check_tsv_timestamp true
# File output/tsv/ensembl_gene-ensembl_protein.tsv is newer than config/ensembl_gene-ensembl_protein/config.yaml
# File output/tsv/ensembl_gene-ensembl_protein.tsv has no timestamp file
# File output/tsv/ensembl_gene-ensembl_protein.tsv is created 7.244989104562453 days ago (will be updated when >5 days)
## Update config/ensembl_gene-ensembl_protein/config.yaml => output/tsv/ensembl_gene-ensembl_protein.tsv
< 2026-09-05T03:37:39 ensembl_gene-ensembl_protein
togoid-config config/ensembl_gene-ensembl_protein update
# Success: output/tsv/ensembl_gene-ensembl_protein.tsv is updated
> 2026-09-05T03:38:40 ensembl_gene-ensembl_protein
Rule for TSV (output/tsv/ensembl_gene-ensembl_protein.tsv)
------------------------------
Investigating output/tsv/ensembl_gene-ensembl_protein.tsv
class: Rake::FileTask
task needed: true
timestamp: 2026-09-05 03:38:40 +0900
pre-requisites: 
--output/tsv/ (<EARLY TIME>)
--prepare:ensembl (2026-09-05 03:38:40 +0900)
latest-prerequisite time: 2026-09-05 03:38:40 +0900
................................

### Update TSV for ensembl_gene-ensembl_transcript if check_tsv_filesize false or check_config_timestamp false or check_tsv_timestamp true
# File output/tsv/ensembl_gene-ensembl_transcript.tsv is newer than config/ensembl_gene-ensembl_transcript/config.yaml
# File output/tsv/ensembl_gene-ensembl_transcript.tsv has no timestamp file
# File output/tsv/ensembl_gene-ensembl_transcript.tsv is created 7.244891592468218 days ago (will be updated when >5 days)
## Update config/ensembl_gene-ensembl_transcript/config.yaml => output/tsv/ensembl_gene-ensembl_transcript.tsv
< 2026-09-05T03:38:40 ensembl_gene-ensembl_transcript
togoid-config config/ensembl_gene-ensembl_transcript update
# Success: output/tsv/ensembl_gene-ensembl_transcript.tsv is updated
> 2026-09-05T03:39:50 ensembl_gene-ensembl_transcript
Rule for TSV (output/tsv/ensembl_gene-ensembl_transcript.tsv)
------------------------------
Investigating output/tsv/ensembl_gene-ensembl_transcript.tsv
class: Rake::FileTask
task needed: true
timestamp: 2026-09-05 03:39:50 +0900
pre-requisites: 
--output/tsv/ (<EARLY TIME>)
--prepare:ensembl (2026-09-05 03:39:50 +0900)
latest-prerequisite time: 2026-09-05 03:39:50 +0900
................................

### Update TSV for ensembl_gene-hgnc if check_tsv_filesize false or check_config_timestamp false or check_tsv_timestamp true
# File output/tsv/ensembl_gene-hgnc.tsv is newer than config/ensembl_gene-hgnc/config.yaml
# File output/tsv/ensembl_gene-hgnc.tsv has no timestamp file
# File output/tsv/ensembl_gene-hgnc.tsv is created 7.245695978801922 days ago (will be updated when >5 days)
## Update config/ensembl_gene-hgnc/config.yaml => output/tsv/ensembl_gene-hgnc.tsv
< 2026-09-05T03:39:50 ensembl_gene-hgnc
togoid-config config/ensembl_gene-hgnc update
# Success: output/tsv/ensembl_gene-hgnc.tsv is updated
> 2026-09-05T03:39:50 ensembl_gene-hgnc
Rule for TSV (output/tsv/ensembl_gene-hgnc.tsv)
------------------------------
Investigating output/tsv/ensembl_gene-hgnc.tsv
class: Rake::FileTask
task needed: true
timestamp: 2026-09-05 03:39:50 +0900
pre-requisites: 
--output/tsv/ (<EARLY TIME>)
--prepare:ensembl (2026-09-05 03:39:50 +0900)
latest-prerequisite time: 2026-09-05 03:39:50 +0900
................................

### Update TSV for ensembl_gene-ncbigene if check_tsv_filesize false or check_config_timestamp false or check_tsv_timestamp true
# File output/tsv/ensembl_gene-ncbigene.tsv is newer than config/ensembl_gene-ncbigene/config.yaml
# File output/tsv/ensembl_gene-ncbigene.tsv has no timestamp file
# File output/tsv/ensembl_gene-ncbigene.tsv is created 7.243932865201805 days ago (will be updated when >5 days)
## Update config/ensembl_gene-ncbigene/config.yaml => output/tsv/ensembl_gene-ncbigene.tsv
< 2026-09-05T03:39:50 ensembl_gene-ncbigene
togoid-config config/ensembl_gene-ncbigene update
Warning: Failed to retrieve taxon:http://ensembl.org/Amphilophus_citrinellus in loop_count:1
Warning: Failed to retrieve taxon:http://ensembl.org/Choloepus_hoffmanni in loop_count:1
Warning: Failed to retrieve taxon:http://ensembl.org/Eptatretus_burgeri in loop_count:1
Warning: Failed to retrieve taxon:http://ensembl.org/Mola_mola in loop_count:1
Warning: Failed to retrieve taxon:http://ensembl.org/Mus_musculus_FVB_NJ in loop_count:1
Warning: Failed to retrieve taxon:http://ensembl.org/Mus_musculus_PWK_PhJ in loop_count:1
Warning: Failed to retrieve taxon:http://ensembl.org/Naja_naja in loop_count:1
Warning: Failed to retrieve taxon:http://ensembl.org/Anas_platyrhynchos_platyrhynchos in loop_count:1
Warning: Failed to retrieve taxon:http://ensembl.org/Cairina_moschata_domestica in loop_count:1
Warning: Failed to retrieve taxon:http://ensembl.org/Cervus_hanglu_yarkandensis in loop_count:1
Warning: Failed to retrieve taxon:http://ensembl.org/Accipiter_nisus in loop_count:1
Warning: Failed to retrieve taxon:http://ensembl.org/Anser_brachyrhynchus in loop_count:1
Warning: Failed to retrieve taxon:http://ensembl.org/Apteryx_haastii in loop_count:1
Warning: Failed to retrieve taxon:http://ensembl.org/Cavia_aperea in loop_count:1
Warning: Failed to retrieve taxon:http://ensembl.org/Amphiprion_percula in loop_count:1
Warning: Failed to retrieve taxon:http://ensembl.org/Amazona_collaria in loop_count:1
Warning: Failed to retrieve taxon:http://ensembl.org/Bubo_bubo in loop_count:1
Warning: Failed to retrieve taxon:http://ensembl.org/Buteo_japonicus in loop_count:1
Warning: Failed to retrieve taxon:http://ensembl.org/Catagonus_wagneri in loop_count:1
Warning: Failed to retrieve taxon:http://ensembl.org/Chelydra_serpentina in loop_count:1
Warning: Failed to retrieve taxon:http://ensembl.org/Anas_zonorhyncha in loop_count:1
Warning: Failed to retrieve taxon:http://ensembl.org/Apteryx_owenii in loop_count:1
Warning: Failed to retrieve taxon:http://ensembl.org/Bos_grunniens in loop_count:1
Warning: Failed to retrieve taxon:http://ensembl.org/Calidris_pygmaea in loop_count:1
Warning: Failed to retrieve taxon:http://ensembl.org/Chrysolophus_pictus in loop_count:1
Warning: Failed to retrieve taxon:http://ensembl.org/Falco_tinnunculus in loop_count:1
Warning: Failed to retrieve taxon:http://ensembl.org/Gasterosteus_aculeatus in loop_count:1
Warning: Failed to retrieve taxon:http://ensembl.org/Mus_musculus_C57BL_6NJ in loop_count:1
Warning: Failed to retrieve taxon:http://ensembl.org/Mus_musculus_LP_J in loop_count:1
Warning: Failed to retrieve taxon:http://ensembl.org/Neogobius_melanostomus in loop_count:1
Warning: Failed to retrieve taxon:http://ensembl.org/Erythrura_gouldiae in loop_count:1
Warning: Failed to retrieve taxon:http://ensembl.org/Malurus_cyaneus_samueli in loop_count:1
Warning: Failed to retrieve taxon:http://ensembl.org/Mus_musculus_A_J in loop_count:1
Warning: Failed to retrieve taxon:http://ensembl.org/Mus_musculus_CAST_EiJ in loop_count:1
Warning: Failed to retrieve taxon:http://ensembl.org/Oryzias_sinensis in loop_count:1
Warning: Failed to retrieve taxon:http://ensembl.org/Pavo_cristatus in loop_count:1
Warning: Failed to retrieve taxon:http://ensembl.org/Pelusios_castaneus in loop_count:1
Warning: Failed to retrieve taxon:http://ensembl.org/Gopherus_agassizii in loop_count:1
Warning: Failed to retrieve taxon:http://ensembl.org/Hucho_hucho in loop_count:1
Warning: Failed to retrieve taxon:http://ensembl.org/Mus_musculus_AKR_J in loop_count:1
Warning: Failed to retrieve taxon:http://ensembl.org/Mus_musculus_CBA_J in loop_count:1
Warning: Failed to retrieve taxon:http://ensembl.org/Mus_musculus_NOD_ShiLtJ in loop_count:1
Warning: Failed to retrieve taxon:http://ensembl.org/Mus_musculus_NZO_HlLtJ in loop_count:1
Warning: Failed to retrieve taxon:http://ensembl.org/Mus_spretus in loop_count:1
Warning: Failed to retrieve taxon:http://ensembl.org/Oryzias_javanicus in loop_count:1
Warning: Failed to retrieve taxon:http://ensembl.org/Otus_sunia in loop_count:1
Warning: Failed to retrieve taxon:http://ensembl.org/Junco_hyemalis in loop_count:1
Warning: Failed to retrieve taxon:http://ensembl.org/Laticauda_laticaudata in loop_count:1
Warning: Failed to retrieve taxon:http://ensembl.org/Leptobrachium_leishanense in loop_count:1
Warning: Failed to retrieve taxon:http://ensembl.org/Moschus_moschiferus in loop_count:1
Warning: Failed to retrieve taxon:http://ensembl.org/Mus_musculus_129S1_SvImJ in loop_count:1
Warning: Failed to retrieve taxon:http://ensembl.org/Mus_musculus_BALB_cJ in loop_count:1
Warning: Failed to retrieve taxon:http://ensembl.org/Mus_musculus_DBA_2J in loop_count:1
Warning: Failed to retrieve taxon:http://ensembl.org/Mus_musculus_JF1_MsJ in loop_count:1
Warning: Failed to retrieve taxon:http://ensembl.org/Mus_musculus_WSB_EiJ in loop_count:1
Warning: Failed to retrieve taxon:http://ensembl.org/Notamacropus_eugenii in loop_count:1
Warning: Failed to retrieve taxon:http://ensembl.org/Panthera_tigris_altaica in loop_count:1
Warning: Failed to retrieve taxon:http://ensembl.org/Mus_musculus_C3H_HeJ in loop_count:1
Warning: Failed to retrieve taxon:http://ensembl.org/Mus_spicilegus in loop_count:1
Warning: Failed to retrieve taxon:http://ensembl.org/Sciurus_vulgaris in loop_count:1
Warning: Failed to retrieve taxon:http://ensembl.org/Ursus_thibetanus_thibetanus in loop_count:1
Warning: Failed to retrieve taxon:http://ensembl.org/Prolemur_simus in loop_count:1
Warning: Failed to retrieve taxon:http://ensembl.org/Sphenodon_punctatus in loop_count:1
Warning: Failed to retrieve taxon:http://ensembl.org/Salvator_merianae in loop_count:1
Warning: Failed to retrieve taxon:http://ensembl.org/Spermophilus_dauricus in loop_count:1
Warning: Failed to retrieve taxon:http://ensembl.org/Stachyris_ruficeps in loop_count:1
Warning: Failed to retrieve taxon:http://ensembl.org/Struthio_camelus_australis in loop_count:1
Warning: Failed to retrieve taxon:http://ensembl.org/Strix_occidentalis_caurina in loop_count:1
Warning: Failed to retrieve taxon:http://ensembl.org/Zosterops_lateralis_melanops in loop_count:1
# Success: output/tsv/ensembl_gene-ncbigene.tsv is updated
> 2026-09-05T03:42:23 ensembl_gene-ncbigene
Rule for TSV (output/tsv/ensembl_gene-ncbigene.tsv)
------------------------------
Investigating output/tsv/ensembl_gene-ncbigene.tsv
class: Rake::FileTask
task needed: true
timestamp: 2026-09-05 03:42:23 +0900
pre-requisites: 
--output/tsv/ (<EARLY TIME>)
--prepare:ensembl (2026-09-05 03:42:23 +0900)
latest-prerequisite time: 2026-09-05 03:42:23 +0900
................................

### Update TSV for ensembl_gene-taxonomy if check_tsv_filesize false or check_config_timestamp false or check_tsv_timestamp true
# File output/tsv/ensembl_gene-taxonomy.tsv is newer than config/ensembl_gene-taxonomy/config.yaml
# File output/tsv/ensembl_gene-taxonomy.tsv has no timestamp file
# File output/tsv/ensembl_gene-taxonomy.tsv is created 7.24513212494434 days ago (will be updated when >5 days)
## Update config/ensembl_gene-taxonomy/config.yaml => output/tsv/ensembl_gene-taxonomy.tsv
< 2026-09-05T03:42:23 ensembl_gene-taxonomy
togoid-config config/ensembl_gene-taxonomy update
# Success: output/tsv/ensembl_gene-taxonomy.tsv is updated
> 2026-09-05T03:43:09 ensembl_gene-taxonomy
Rule for TSV (output/tsv/ensembl_gene-taxonomy.tsv)
------------------------------
Investigating output/tsv/ensembl_gene-taxonomy.tsv
class: Rake::FileTask
task needed: true
timestamp: 2026-09-05 03:43:09 +0900
pre-requisites: 
--output/tsv/ (<EARLY TIME>)
--prepare:ensembl (2026-09-05 03:43:09 +0900)
latest-prerequisite time: 2026-09-05 03:43:09 +0900
................................

### Update TSV for ensembl_gene-uniprot if check_tsv_filesize false or check_config_timestamp false or check_tsv_timestamp true
# File output/tsv/ensembl_gene-uniprot.tsv is newer than config/ensembl_gene-uniprot/config.yaml
# File output/tsv/ensembl_gene-uniprot.tsv has no timestamp file
# File output/tsv/ensembl_gene-uniprot.tsv is created 7.245026092929455 days ago (will be updated when >5 days)
## Update config/ensembl_gene-uniprot/config.yaml => output/tsv/ensembl_gene-uniprot.tsv
< 2026-09-05T03:43:09 ensembl_gene-uniprot
togoid-config config/ensembl_gene-uniprot update
Warning: Failed to retrieve taxon:http://ensembl.org/Mus_musculus_FVB_NJ in loop_count:1
Warning: Failed to retrieve taxon:http://ensembl.org/Apteryx_haastii in loop_count:1
Warning: Failed to retrieve taxon:http://ensembl.org/Apteryx_rowi in loop_count:1
Warning: Failed to retrieve taxon:http://ensembl.org/Calidris_pugnax in loop_count:1
Warning: Failed to retrieve taxon:http://ensembl.org/Mus_musculus_C57BL_6NJ in loop_count:1
Warning: Failed to retrieve taxon:http://ensembl.org/Mus_musculus_LP_J in loop_count:1
Warning: Failed to retrieve taxon:http://ensembl.org/Mus_musculus_A_J in loop_count:1
Warning: Failed to retrieve taxon:http://ensembl.org/Mus_musculus_CAST_EiJ in loop_count:1
Warning: Failed to retrieve taxon:http://ensembl.org/Mus_musculus_AKR_J in loop_count:1
Warning: Failed to retrieve taxon:http://ensembl.org/Mus_musculus_CBA_J in loop_count:1
Warning: Failed to retrieve taxon:http://ensembl.org/Mus_musculus_NOD_ShiLtJ in loop_count:1
Warning: Failed to retrieve taxon:http://ensembl.org/Mus_musculus_NZO_HlLtJ in loop_count:1
Warning: Failed to retrieve taxon:http://ensembl.org/Mus_spretus in loop_count:1
Warning: Failed to retrieve taxon:http://ensembl.org/Mus_musculus_129S1_SvImJ in loop_count:1
Warning: Failed to retrieve taxon:http://ensembl.org/Mus_musculus_BALB_cJ in loop_count:1
Warning: Failed to retrieve taxon:http://ensembl.org/Mus_musculus_DBA_2J in loop_count:1
Warning: Failed to retrieve taxon:http://ensembl.org/Mus_musculus_JF1_MsJ in loop_count:1
Warning: Failed to retrieve taxon:http://ensembl.org/Mus_musculus_WSB_EiJ in loop_count:1
Warning: Failed to retrieve taxon:http://ensembl.org/Mus_musculus_C3H_HeJ in loop_count:1
Warning: Failed to retrieve taxon:http://ensembl.org/Ursus_thibetanus_thibetanus in loop_count:1
# Success: output/tsv/ensembl_gene-uniprot.tsv is updated
> 2026-09-05T03:44:06 ensembl_gene-uniprot
Rule for TSV (output/tsv/ensembl_gene-uniprot.tsv)
------------------------------
Investigating output/tsv/ensembl_gene-uniprot.tsv
class: Rake::FileTask
task needed: true
timestamp: 2026-09-05 03:44:06 +0900
pre-requisites: 
--output/tsv/ (<EARLY TIME>)
--prepare:ensembl (2026-09-05 03:44:06 +0900)
latest-prerequisite time: 2026-09-05 03:44:06 +0900
................................

### Update TSV for ensembl_protein-ensembl_transcript if check_tsv_filesize false or check_config_timestamp false or check_tsv_timestamp true
# File output/tsv/ensembl_protein-ensembl_transcript.tsv is newer than config/ensembl_protein-ensembl_transcript/config.yaml
# File output/tsv/ensembl_protein-ensembl_transcript.tsv has no timestamp file
# File output/tsv/ensembl_protein-ensembl_transcript.tsv is created 7.2448247892860875 days ago (will be updated when >5 days)
## Update config/ensembl_protein-ensembl_transcript/config.yaml => output/tsv/ensembl_protein-ensembl_transcript.tsv
< 2026-09-05T03:44:06 ensembl_protein-ensembl_transcript
togoid-config config/ensembl_protein-ensembl_transcript update
# Success: output/tsv/ensembl_protein-ensembl_transcript.tsv is updated
> 2026-09-05T03:45:16 ensembl_protein-ensembl_transcript
Rule for TSV (output/tsv/ensembl_protein-ensembl_transcript.tsv)
------------------------------
Investigating output/tsv/ensembl_protein-ensembl_transcript.tsv
class: Rake::FileTask
task needed: true
timestamp: 2026-09-05 03:45:16 +0900
pre-requisites: 
--output/tsv/ (<EARLY TIME>)
--prepare:ensembl (2026-09-05 03:45:16 +0900)
latest-prerequisite time: 2026-09-05 03:45:16 +0900
................................

### Update TSV for ensembl_protein-uniparc if check_tsv_filesize false or check_config_timestamp false or check_tsv_timestamp true
# File output/tsv/ensembl_protein-uniparc.tsv is newer than config/ensembl_protein-uniparc/config.yaml
# File output/tsv/ensembl_protein-uniparc.tsv has no timestamp file
# File output/tsv/ensembl_protein-uniparc.tsv is created 7.244921138197315 days ago (will be updated when >5 days)
## Update config/ensembl_protein-uniparc/config.yaml => output/tsv/ensembl_protein-uniparc.tsv
< 2026-09-05T03:45:16 ensembl_protein-uniparc
togoid-config config/ensembl_protein-uniparc update
# Success: output/tsv/ensembl_protein-uniparc.tsv is updated
> 2026-09-05T03:46:17 ensembl_protein-uniparc
Rule for TSV (output/tsv/ensembl_protein-uniparc.tsv)
------------------------------
Investigating output/tsv/ensembl_protein-uniparc.tsv
class: Rake::FileTask
task needed: true
timestamp: 2026-09-05 03:46:17 +0900
pre-requisites: 
--output/tsv/ (<EARLY TIME>)
--prepare:ensembl (2026-09-05 03:46:17 +0900)
latest-prerequisite time: 2026-09-05 03:46:17 +0900
................................

### Update TSV for ensembl_transcript-affy_probeset if check_tsv_filesize false or check_config_timestamp false or check_tsv_timestamp true
# File output/tsv/ensembl_transcript-affy_probeset.tsv is newer than config/ensembl_transcript-affy_probeset/config.yaml
# File output/tsv/ensembl_transcript-affy_probeset.tsv has no timestamp file
# File output/tsv/ensembl_transcript-affy_probeset.tsv is created 28.23624736332119 days ago (will be updated when >5 days)
## Update config/ensembl_transcript-affy_probeset/config.yaml => output/tsv/ensembl_transcript-affy_probeset.tsv
< 2026-09-05T03:46:17 ensembl_transcript-affy_probeset
togoid-config config/ensembl_transcript-affy_probeset update
# Error: output/tsv/ensembl_transcript-affy_probeset.tsv new file size per old 0 / 17477663 = 0.0 < 0.5
# Error: Failed to create output/tsv/ensembl_transcript-affy_probeset.tsv or created file was empty
# Failure: output/tsv/ensembl_transcript-affy_probeset.tsv is not updated
> 2026-09-05T03:46:18 ensembl_transcript-affy_probeset
Rule for TSV (output/tsv/ensembl_transcript-affy_probeset.tsv)
------------------------------
Investigating output/tsv/ensembl_transcript-affy_probeset.tsv
class: Rake::FileTask
task needed: true
timestamp: 2026-08-07 22:06:05 +0900
pre-requisites: 
--output/tsv/ (<EARLY TIME>)
--prepare:ensembl (2026-09-05 03:46:18 +0900)
latest-prerequisite time: 2026-09-05 03:46:18 +0900
................................

### Update TSV for ensembl_transcript-go if check_tsv_filesize false or check_config_timestamp false or check_tsv_timestamp true
# File output/tsv/ensembl_transcript-go.tsv is newer than config/ensembl_transcript-go/config.yaml
# File output/tsv/ensembl_transcript-go.tsv has no timestamp file
# File output/tsv/ensembl_transcript-go.tsv is created 7.242451794977233 days ago (will be updated when >5 days)
## Update config/ensembl_transcript-go/config.yaml => output/tsv/ensembl_transcript-go.tsv
< 2026-09-05T03:46:18 ensembl_transcript-go
togoid-config config/ensembl_transcript-go update
# Success: output/tsv/ensembl_transcript-go.tsv is updated
> 2026-09-05T03:51:03 ensembl_transcript-go
Rule for TSV (output/tsv/ensembl_transcript-go.tsv)
------------------------------
Investigating output/tsv/ensembl_transcript-go.tsv
class: Rake::FileTask
task needed: true
timestamp: 2026-09-05 03:51:03 +0900
pre-requisites: 
--output/tsv/ (<EARLY TIME>)
--prepare:ensembl (2026-09-05 03:51:03 +0900)
latest-prerequisite time: 2026-09-05 03:51:03 +0900
................................

### Update TSV for ensembl_transcript-hgnc if check_tsv_filesize false or check_config_timestamp false or check_tsv_timestamp true
# File output/tsv/ensembl_transcript-hgnc.tsv is newer than config/ensembl_transcript-hgnc/config.yaml
# File output/tsv/ensembl_transcript-hgnc.tsv has no timestamp file
# File output/tsv/ensembl_transcript-hgnc.tsv is created 7.24574155060044 days ago (will be updated when >5 days)
## Update config/ensembl_transcript-hgnc/config.yaml => output/tsv/ensembl_transcript-hgnc.tsv
< 2026-09-05T03:51:03 ensembl_transcript-hgnc
togoid-config config/ensembl_transcript-hgnc update
# Success: output/tsv/ensembl_transcript-hgnc.tsv is updated
> 2026-09-05T03:51:03 ensembl_transcript-hgnc
Rule for TSV (output/tsv/ensembl_transcript-hgnc.tsv)
------------------------------
Investigating output/tsv/ensembl_transcript-hgnc.tsv
class: Rake::FileTask
task needed: true
timestamp: 2026-09-05 03:51:03 +0900
pre-requisites: 
--output/tsv/ (<EARLY TIME>)
--prepare:ensembl (2026-09-05 03:51:03 +0900)
latest-prerequisite time: 2026-09-05 03:51:03 +0900
................................

### Update TSV for ensembl_transcript-refseq_rna if check_tsv_filesize false or check_config_timestamp false or check_tsv_timestamp true
# File output/tsv/ensembl_transcript-refseq_rna.tsv is newer than config/ensembl_transcript-refseq_rna/config.yaml
# File output/tsv/ensembl_transcript-refseq_rna.tsv has no timestamp file
# File output/tsv/ensembl_transcript-refseq_rna.tsv is created 7.243948436581064 days ago (will be updated when >5 days)
## Update config/ensembl_transcript-refseq_rna/config.yaml => output/tsv/ensembl_transcript-refseq_rna.tsv
< 2026-09-05T03:51:03 ensembl_transcript-refseq_rna
togoid-config config/ensembl_transcript-refseq_rna update
Warning: Failed to retrieve taxon:http://ensembl.org/Amphilophus_citrinellus in loop_count:1
Warning: Failed to retrieve taxon:http://ensembl.org/Choloepus_hoffmanni in loop_count:1
Warning: Failed to retrieve taxon:http://ensembl.org/Eptatretus_burgeri in loop_count:1
Warning: Failed to retrieve taxon:http://ensembl.org/Mola_mola in loop_count:1
Warning: Failed to retrieve taxon:http://ensembl.org/Mus_musculus_FVB_NJ in loop_count:1
Warning: Failed to retrieve taxon:http://ensembl.org/Mus_musculus_PWK_PhJ in loop_count:1
Warning: Failed to retrieve taxon:http://ensembl.org/Naja_naja in loop_count:1
Warning: Failed to retrieve taxon:http://ensembl.org/Anas_platyrhynchos_platyrhynchos in loop_count:1
Warning: Failed to retrieve taxon:http://ensembl.org/Cairina_moschata_domestica in loop_count:1
Warning: Failed to retrieve taxon:http://ensembl.org/Cervus_hanglu_yarkandensis in loop_count:1
Warning: Failed to retrieve taxon:http://ensembl.org/Cyprinus_carpio_carpio in loop_count:1
Warning: Failed to retrieve taxon:http://ensembl.org/Accipiter_nisus in loop_count:1
Warning: Failed to retrieve taxon:http://ensembl.org/Anser_brachyrhynchus in loop_count:1
Warning: Failed to retrieve taxon:http://ensembl.org/Apteryx_haastii in loop_count:1
Warning: Failed to retrieve taxon:http://ensembl.org/Cavia_aperea in loop_count:1
Warning: Failed to retrieve taxon:http://ensembl.org/Amphiprion_percula in loop_count:1
Warning: Failed to retrieve taxon:http://ensembl.org/Amazona_collaria in loop_count:1
Warning: Failed to retrieve taxon:http://ensembl.org/Bubo_bubo in loop_count:1
Warning: Failed to retrieve taxon:http://ensembl.org/Buteo_japonicus in loop_count:1
Warning: Failed to retrieve taxon:http://ensembl.org/Catagonus_wagneri in loop_count:1
Warning: Failed to retrieve taxon:http://ensembl.org/Chelydra_serpentina in loop_count:1
Warning: Failed to retrieve taxon:http://ensembl.org/Anas_zonorhyncha in loop_count:1
Warning: Failed to retrieve taxon:http://ensembl.org/Apteryx_owenii in loop_count:1
Warning: Failed to retrieve taxon:http://ensembl.org/Bos_grunniens in loop_count:1
Warning: Failed to retrieve taxon:http://ensembl.org/Calidris_pygmaea in loop_count:1
Warning: Failed to retrieve taxon:http://ensembl.org/Ciona_savignyi in loop_count:1
Warning: Failed to retrieve taxon:http://ensembl.org/Chrysolophus_pictus in loop_count:1
Warning: Failed to retrieve taxon:http://ensembl.org/Falco_tinnunculus in loop_count:1
Warning: Failed to retrieve taxon:http://ensembl.org/Mus_musculus_C57BL_6NJ in loop_count:1
Warning: Failed to retrieve taxon:http://ensembl.org/Mus_musculus_LP_J in loop_count:1
Warning: Failed to retrieve taxon:http://ensembl.org/Neogobius_melanostomus in loop_count:1
Warning: Failed to retrieve taxon:http://ensembl.org/Erythrura_gouldiae in loop_count:1
Warning: Failed to retrieve taxon:http://ensembl.org/Malurus_cyaneus_samueli in loop_count:1
Warning: Failed to retrieve taxon:http://ensembl.org/Mus_musculus_A_J in loop_count:1
Warning: Failed to retrieve taxon:http://ensembl.org/Mus_musculus_CAST_EiJ in loop_count:1
Warning: Failed to retrieve taxon:http://ensembl.org/Oryzias_sinensis in loop_count:1
Warning: Failed to retrieve taxon:http://ensembl.org/Pavo_cristatus in loop_count:1
Warning: Failed to retrieve taxon:http://ensembl.org/Pelusios_castaneus in loop_count:1
Warning: Failed to retrieve taxon:http://ensembl.org/Gopherus_agassizii in loop_count:1
Warning: Failed to retrieve taxon:http://ensembl.org/Hucho_hucho in loop_count:1
Warning: Failed to retrieve taxon:http://ensembl.org/Mus_musculus_AKR_J in loop_count:1
Warning: Failed to retrieve taxon:http://ensembl.org/Mus_musculus_CBA_J in loop_count:1
Warning: Failed to retrieve taxon:http://ensembl.org/Mus_musculus_NOD_ShiLtJ in loop_count:1
Warning: Failed to retrieve taxon:http://ensembl.org/Mus_musculus_NZO_HlLtJ in loop_count:1
Warning: Failed to retrieve taxon:http://ensembl.org/Mus_spretus in loop_count:1
Warning: Failed to retrieve taxon:http://ensembl.org/Oryzias_javanicus in loop_count:1
Warning: Failed to retrieve taxon:http://ensembl.org/Otus_sunia in loop_count:1
Warning: Failed to retrieve taxon:http://ensembl.org/Junco_hyemalis in loop_count:1
Warning: Failed to retrieve taxon:http://ensembl.org/Laticauda_laticaudata in loop_count:1
Warning: Failed to retrieve taxon:http://ensembl.org/Leptobrachium_leishanense in loop_count:1
Warning: Failed to retrieve taxon:http://ensembl.org/Moschus_moschiferus in loop_count:1
Warning: Failed to retrieve taxon:http://ensembl.org/Mus_musculus_129S1_SvImJ in loop_count:1
Warning: Failed to retrieve taxon:http://ensembl.org/Mus_musculus_BALB_cJ in loop_count:1
Warning: Failed to retrieve taxon:http://ensembl.org/Mus_musculus_DBA_2J in loop_count:1
Warning: Failed to retrieve taxon:http://ensembl.org/Mus_musculus_JF1_MsJ in loop_count:1
Warning: Failed to retrieve taxon:http://ensembl.org/Mus_musculus_WSB_EiJ in loop_count:1
Warning: Failed to retrieve taxon:http://ensembl.org/Notamacropus_eugenii in loop_count:1
Warning: Failed to retrieve taxon:http://ensembl.org/Mus_musculus_C3H_HeJ in loop_count:1
Warning: Failed to retrieve taxon:http://ensembl.org/Mus_spicilegus in loop_count:1
Warning: Failed to retrieve taxon:http://ensembl.org/Sciurus_vulgaris in loop_count:1
Warning: Failed to retrieve taxon:http://ensembl.org/Procavia_capensis in loop_count:1
Warning: Failed to retrieve taxon:http://ensembl.org/Tetraodon_nigroviridis in loop_count:1
Warning: Failed to retrieve taxon:http://ensembl.org/Ursus_thibetanus_thibetanus in loop_count:1
Warning: Failed to retrieve taxon:http://ensembl.org/Prolemur_simus in loop_count:1
Warning: Failed to retrieve taxon:http://ensembl.org/Sphenodon_punctatus in loop_count:1
Warning: Failed to retrieve taxon:http://ensembl.org/Sus_scrofa_ningxiang in loop_count:1
Warning: Failed to retrieve taxon:http://ensembl.org/Salvator_merianae in loop_count:1
Warning: Failed to retrieve taxon:http://ensembl.org/Spermophilus_dauricus in loop_count:1
Warning: Failed to retrieve taxon:http://ensembl.org/Stachyris_ruficeps in loop_count:1
Warning: Failed to retrieve taxon:http://ensembl.org/Tupaia_belangeri in loop_count:1
Warning: Failed to retrieve taxon:http://ensembl.org/Strix_occidentalis_caurina in loop_count:1
Warning: Failed to retrieve taxon:http://ensembl.org/Zosterops_lateralis_melanops in loop_count:1
# Success: output/tsv/ensembl_transcript-refseq_rna.tsv is updated
> 2026-09-05T03:53:43 ensembl_transcript-refseq_rna
Rule for TSV (output/tsv/ensembl_transcript-refseq_rna.tsv)
------------------------------
Investigating output/tsv/ensembl_transcript-refseq_rna.tsv
class: Rake::FileTask
task needed: true
timestamp: 2026-09-05 03:53:43 +0900
pre-requisites: 
--output/tsv/ (<EARLY TIME>)
--prepare:ensembl (2026-09-05 03:53:43 +0900)
latest-prerequisite time: 2026-09-05 03:53:43 +0900
................................

### Update TSV for flybase_gene-flybase_transcript if check_tsv_filesize false or check_config_timestamp false or check_tsv_timestamp true
# File output/tsv/flybase_gene-flybase_transcript.tsv is newer than config/flybase_gene-flybase_transcript/config.yaml
# File output/tsv/flybase_gene-flybase_transcript.tsv has no timestamp file
# File output/tsv/flybase_gene-flybase_transcript.tsv is created 7.2457928100480675 days ago (will be updated when >5 days)
## Update config/flybase_gene-flybase_transcript/config.yaml => output/tsv/flybase_gene-flybase_transcript.tsv
< 2026-09-05T03:53:43 flybase_gene-flybase_transcript
togoid-config config/flybase_gene-flybase_transcript update
# Success: output/tsv/flybase_gene-flybase_transcript.tsv is updated
> 2026-09-05T03:53:43 flybase_gene-flybase_transcript
Rule for TSV (output/tsv/flybase_gene-flybase_transcript.tsv)
------------------------------
Investigating output/tsv/flybase_gene-flybase_transcript.tsv
class: Rake::FileTask
task needed: true
timestamp: 2026-09-05 03:53:43 +0900
pre-requisites: 
--output/tsv/ (<EARLY TIME>)
--prepare:flybase (2026-09-05 03:53:43 +0900)
latest-prerequisite time: 2026-09-05 03:53:43 +0900
................................

### Update TSV for flybase_transcript-flybase_protein if check_tsv_filesize false or check_config_timestamp false or check_tsv_timestamp true
# File output/tsv/flybase_transcript-flybase_protein.tsv is newer than config/flybase_transcript-flybase_protein/config.yaml
# File output/tsv/flybase_transcript-flybase_protein.tsv has no timestamp file
# File output/tsv/flybase_transcript-flybase_protein.tsv is created 7.24579348029809 days ago (will be updated when >5 days)
## Update config/flybase_transcript-flybase_protein/config.yaml => output/tsv/flybase_transcript-flybase_protein.tsv
< 2026-09-05T03:53:43 flybase_transcript-flybase_protein
togoid-config config/flybase_transcript-flybase_protein update
# Success: output/tsv/flybase_transcript-flybase_protein.tsv is updated
> 2026-09-05T03:53:44 flybase_transcript-flybase_protein
Rule for TSV (output/tsv/flybase_transcript-flybase_protein.tsv)
------------------------------
Investigating output/tsv/flybase_transcript-flybase_protein.tsv
class: Rake::FileTask
task needed: true
timestamp: 2026-09-05 03:53:44 +0900
pre-requisites: 
--output/tsv/ (<EARLY TIME>)
--prepare:flybase (2026-09-05 03:53:44 +0900)
latest-prerequisite time: 2026-09-05 03:53:44 +0900
................................

### Update TSV for gea-bioproject if check_tsv_filesize false or check_config_timestamp false or check_tsv_timestamp true
# File output/tsv/gea-bioproject.tsv is newer than config/gea-bioproject/config.yaml
# File output/tsv/gea-bioproject.tsv has no timestamp file
# File output/tsv/gea-bioproject.tsv is created 7.245793725434953 days ago (will be updated when >5 days)
## Update config/gea-bioproject/config.yaml => output/tsv/gea-bioproject.tsv
< 2026-09-05T03:53:44 gea-bioproject
togoid-config config/gea-bioproject update
# Success: output/tsv/gea-bioproject.tsv is updated
> 2026-09-05T03:53:44 gea-bioproject
Rule for TSV (output/tsv/gea-bioproject.tsv)
------------------------------
Investigating output/tsv/gea-bioproject.tsv
class: Rake::FileTask
task needed: false
timestamp: 2026-09-05 03:53:44 +0900
pre-requisites: 
--output/tsv/ (<EARLY TIME>)
--input/update.txt (2026-09-05 02:59:40 +0900)
latest-prerequisite time: 2026-09-05 02:59:40 +0900
................................

### Update TSV for gea-biosample if check_tsv_filesize false or check_config_timestamp false or check_tsv_timestamp true
# File output/tsv/gea-biosample.tsv is newer than config/gea-biosample/config.yaml
# File output/tsv/gea-biosample.tsv has no timestamp file
# File output/tsv/gea-biosample.tsv is created 7.2457941569535995 days ago (will be updated when >5 days)
## Update config/gea-biosample/config.yaml => output/tsv/gea-biosample.tsv
< 2026-09-05T03:53:44 gea-biosample
togoid-config config/gea-biosample update
# Success: output/tsv/gea-biosample.tsv is updated
> 2026-09-05T03:53:44 gea-biosample
Rule for TSV (output/tsv/gea-biosample.tsv)
------------------------------
Investigating output/tsv/gea-biosample.tsv
class: Rake::FileTask
task needed: false
timestamp: 2026-09-05 03:53:44 +0900
pre-requisites: 
--output/tsv/ (<EARLY TIME>)
--input/update.txt (2026-09-05 02:59:40 +0900)
latest-prerequisite time: 2026-09-05 02:59:40 +0900
................................

### Update TSV for glycomotif-glytoucan if check_tsv_filesize false or check_config_timestamp false or check_tsv_timestamp true
# File output/tsv/glycomotif-glytoucan.tsv is newer than config/glycomotif-glytoucan/config.yaml
# File output/tsv/glycomotif-glytoucan.tsv has no timestamp file
# File output/tsv/glycomotif-glytoucan.tsv is created 749.2684108267459 days ago (will be updated when >5 days)
## Update config/glycomotif-glytoucan/config.yaml => output/tsv/glycomotif-glytoucan.tsv
< 2026-09-05T03:53:44 glycomotif-glytoucan
togoid-config config/glycomotif-glytoucan update
Error: HTTP Error 403: Forbidden: https://api.alpha.glycosmos.org/partialmatch?wurcs=WURCS%3D2.0%2F4%2C11%2C10%2F%5Ba2122h-1b_1-5%5D%5Ba2112h-1b_1-5%5D%5Ba2122h-1b_1-5_2%2ANCC%2F3%3DO%5D%5Ba1221m-1a_1-5%5D%2F1-2-3-2-3-2-3-4-2-3-2%2Fa4-b1_b3-c1_c4-d1_d3-e1_e4-f1_f3-g1_g3-h1_g4-i1_i3-j1_j4-k1&rootnode=true G64227KZ
# Error: output/tsv/glycomotif-glytoucan.tsv new file size per old 0 / 2804382 = 0.0 < 0.5
# Error: Failed to create output/tsv/glycomotif-glytoucan.tsv or created file was empty
# Failure: output/tsv/glycomotif-glytoucan.tsv is not updated
> 2026-09-05T03:53:45 glycomotif-glytoucan
Rule for TSV (output/tsv/glycomotif-glytoucan.tsv)
------------------------------
Investigating output/tsv/glycomotif-glytoucan.tsv
class: Rake::FileTask
task needed: true
timestamp: 2024-08-16 21:27:13 +0900
pre-requisites: 
--output/tsv/ (<EARLY TIME>)
--input/update.txt (2026-09-05 02:59:40 +0900)
latest-prerequisite time: 2026-09-05 02:59:40 +0900
................................

### Update TSV for glytoucan-doid if check_tsv_filesize false or check_config_timestamp false or check_tsv_timestamp true
# File output/tsv/glytoucan-doid.tsv is newer than config/glytoucan-doid/config.yaml
# File output/tsv/glytoucan-doid.tsv is older than input/glytoucan/download.lock
## Update config/glytoucan-doid/config.yaml => output/tsv/glytoucan-doid.tsv
< 2026-09-05T03:53:45 glytoucan-doid
togoid-config config/glytoucan-doid update
# Error: output/tsv/glytoucan-doid.tsv new file size per old 0 / 4376 = 0.0 < 0.5
# Error: Failed to create output/tsv/glytoucan-doid.tsv or created file was empty
# Failure: output/tsv/glytoucan-doid.tsv is not updated
> 2026-09-05T03:53:49 glytoucan-doid
Rule for TSV (output/tsv/glytoucan-doid.tsv)
------------------------------
Investigating output/tsv/glytoucan-doid.tsv
class: Rake::FileTask
task needed: true
timestamp: 2024-03-22 20:42:15 +0900
pre-requisites: 
--output/tsv/ (<EARLY TIME>)
--prepare:glytoucan (2026-09-05 03:53:49 +0900)
latest-prerequisite time: 2026-09-05 03:53:49 +0900
................................

### Update TSV for glytoucan-ncbigene if check_tsv_filesize false or check_config_timestamp false or check_tsv_timestamp true
# File output/tsv/glytoucan-ncbigene.tsv is newer than config/glytoucan-ncbigene/config.yaml
# File output/tsv/glytoucan-ncbigene.tsv is older than input/glytoucan/download.lock
## Update config/glytoucan-ncbigene/config.yaml => output/tsv/glytoucan-ncbigene.tsv
< 2026-09-05T03:53:49 glytoucan-ncbigene
togoid-config config/glytoucan-ncbigene update
# Success: output/tsv/glytoucan-ncbigene.tsv is updated
> 2026-09-05T03:53:50 glytoucan-ncbigene
Rule for TSV (output/tsv/glytoucan-ncbigene.tsv)
------------------------------
Investigating output/tsv/glytoucan-ncbigene.tsv
class: Rake::FileTask
task needed: true
timestamp: 2026-09-05 03:53:50 +0900
pre-requisites: 
--output/tsv/ (<EARLY TIME>)
--prepare:glytoucan (2026-09-05 03:53:50 +0900)
latest-prerequisite time: 2026-09-05 03:53:50 +0900
................................

### Update TSV for glytoucan-uniprot if check_tsv_filesize false or check_config_timestamp false or check_tsv_timestamp true
# File output/tsv/glytoucan-uniprot.tsv is newer than config/glytoucan-uniprot/config.yaml
# File output/tsv/glytoucan-uniprot.tsv is older than input/glytoucan/download.lock
## Update config/glytoucan-uniprot/config.yaml => output/tsv/glytoucan-uniprot.tsv
< 2026-09-05T03:53:50 glytoucan-uniprot
togoid-config config/glytoucan-uniprot update
# Success: output/tsv/glytoucan-uniprot.tsv is updated
> 2026-09-05T03:53:52 glytoucan-uniprot
Rule for TSV (output/tsv/glytoucan-uniprot.tsv)
------------------------------
Investigating output/tsv/glytoucan-uniprot.tsv
class: Rake::FileTask
task needed: true
timestamp: 2026-09-05 03:53:52 +0900
pre-requisites: 
--output/tsv/ (<EARLY TIME>)
--prepare:glytoucan (2026-09-05 03:53:52 +0900)
latest-prerequisite time: 2026-09-05 03:53:52 +0900
................................

### Update TSV for hgnc-ccds if check_tsv_filesize false or check_config_timestamp false or check_tsv_timestamp true
# File output/tsv/hgnc-ccds.tsv is newer than config/hgnc-ccds/config.yaml
# File output/tsv/hgnc-ccds.tsv is older than input/hgnc/download.lock
## Update config/hgnc-ccds/config.yaml => output/tsv/hgnc-ccds.tsv
< 2026-09-05T03:53:52 hgnc-ccds
togoid-config config/hgnc-ccds update
# Success: output/tsv/hgnc-ccds.tsv is updated
> 2026-09-05T03:53:52 hgnc-ccds
Rule for TSV (output/tsv/hgnc-ccds.tsv)
------------------------------
Investigating output/tsv/hgnc-ccds.tsv
class: Rake::FileTask
task needed: true
timestamp: 2026-09-05 03:53:52 +0900
pre-requisites: 
--output/tsv/ (<EARLY TIME>)
--prepare:hgnc (2026-09-05 03:53:52 +0900)
latest-prerequisite time: 2026-09-05 03:53:52 +0900
................................

### Update TSV for hgnc-ec if check_tsv_filesize false or check_config_timestamp false or check_tsv_timestamp true
# File output/tsv/hgnc-ec.tsv is newer than config/hgnc-ec/config.yaml
# File output/tsv/hgnc-ec.tsv is older than input/hgnc/download.lock
## Update config/hgnc-ec/config.yaml => output/tsv/hgnc-ec.tsv
< 2026-09-05T03:53:52 hgnc-ec
togoid-config config/hgnc-ec update
# Success: output/tsv/hgnc-ec.tsv is updated
> 2026-09-05T03:53:53 hgnc-ec
Rule for TSV (output/tsv/hgnc-ec.tsv)
------------------------------
Investigating output/tsv/hgnc-ec.tsv
class: Rake::FileTask
task needed: true
timestamp: 2026-09-05 03:53:53 +0900
pre-requisites: 
--output/tsv/ (<EARLY TIME>)
--prepare:hgnc (2026-09-05 03:53:53 +0900)
latest-prerequisite time: 2026-09-05 03:53:53 +0900
................................

### Update TSV for hgnc-ensembl_gene if check_tsv_filesize false or check_config_timestamp false or check_tsv_timestamp true
# File output/tsv/hgnc-ensembl_gene.tsv is newer than config/hgnc-ensembl_gene/config.yaml
# File output/tsv/hgnc-ensembl_gene.tsv is older than input/hgnc/download.lock
## Update config/hgnc-ensembl_gene/config.yaml => output/tsv/hgnc-ensembl_gene.tsv
< 2026-09-05T03:53:53 hgnc-ensembl_gene
togoid-config config/hgnc-ensembl_gene update
# Success: output/tsv/hgnc-ensembl_gene.tsv is updated
> 2026-09-05T03:53:53 hgnc-ensembl_gene
Rule for TSV (output/tsv/hgnc-ensembl_gene.tsv)
------------------------------
Investigating output/tsv/hgnc-ensembl_gene.tsv
class: Rake::FileTask
task needed: true
timestamp: 2026-09-05 03:53:53 +0900
pre-requisites: 
--output/tsv/ (<EARLY TIME>)
--prepare:hgnc (2026-09-05 03:53:53 +0900)
latest-prerequisite time: 2026-09-05 03:53:53 +0900
................................

### Update TSV for hgnc-hgnc_symbol if check_tsv_filesize false or check_config_timestamp false or check_tsv_timestamp true
# File output/tsv/hgnc-hgnc_symbol.tsv is newer than config/hgnc-hgnc_symbol/config.yaml
# File output/tsv/hgnc-hgnc_symbol.tsv is older than input/hgnc/download.lock
## Update config/hgnc-hgnc_symbol/config.yaml => output/tsv/hgnc-hgnc_symbol.tsv
< 2026-09-05T03:53:53 hgnc-hgnc_symbol
togoid-config config/hgnc-hgnc_symbol update
# Success: output/tsv/hgnc-hgnc_symbol.tsv is updated
> 2026-09-05T03:53:53 hgnc-hgnc_symbol
Rule for TSV (output/tsv/hgnc-hgnc_symbol.tsv)
------------------------------
Investigating output/tsv/hgnc-hgnc_symbol.tsv
class: Rake::FileTask
task needed: true
timestamp: 2026-09-05 03:53:53 +0900
pre-requisites: 
--output/tsv/ (<EARLY TIME>)
--prepare:hgnc (2026-09-05 03:53:53 +0900)
latest-prerequisite time: 2026-09-05 03:53:53 +0900
................................

### Update TSV for hgnc-insdc if check_tsv_filesize false or check_config_timestamp false or check_tsv_timestamp true
# File output/tsv/hgnc-insdc.tsv is newer than config/hgnc-insdc/config.yaml
# File output/tsv/hgnc-insdc.tsv is older than input/hgnc/download.lock
## Update config/hgnc-insdc/config.yaml => output/tsv/hgnc-insdc.tsv
< 2026-09-05T03:53:53 hgnc-insdc
togoid-config config/hgnc-insdc update
# Success: output/tsv/hgnc-insdc.tsv is updated
> 2026-09-05T03:53:54 hgnc-insdc
Rule for TSV (output/tsv/hgnc-insdc.tsv)
------------------------------
Investigating output/tsv/hgnc-insdc.tsv
class: Rake::FileTask
task needed: true
timestamp: 2026-09-05 03:53:54 +0900
pre-requisites: 
--output/tsv/ (<EARLY TIME>)
--prepare:hgnc (2026-09-05 03:53:54 +0900)
latest-prerequisite time: 2026-09-05 03:53:54 +0900
................................

### Update TSV for hgnc-lrg if check_tsv_filesize false or check_config_timestamp false or check_tsv_timestamp true
# File output/tsv/hgnc-lrg.tsv is newer than config/hgnc-lrg/config.yaml
# File output/tsv/hgnc-lrg.tsv is older than input/hgnc/download.lock
## Update config/hgnc-lrg/config.yaml => output/tsv/hgnc-lrg.tsv
< 2026-09-05T03:53:54 hgnc-lrg
togoid-config config/hgnc-lrg update
# Success: output/tsv/hgnc-lrg.tsv is updated
> 2026-09-05T03:53:54 hgnc-lrg
Rule for TSV (output/tsv/hgnc-lrg.tsv)
------------------------------
Investigating output/tsv/hgnc-lrg.tsv
class: Rake::FileTask
task needed: true
timestamp: 2026-09-05 03:53:54 +0900
pre-requisites: 
--output/tsv/ (<EARLY TIME>)
--prepare:hgnc (2026-09-05 03:53:54 +0900)
latest-prerequisite time: 2026-09-05 03:53:54 +0900
................................

### Update TSV for hgnc-mgi_gene if check_tsv_filesize false or check_config_timestamp false or check_tsv_timestamp true
# File output/tsv/hgnc-mgi_gene.tsv is newer than config/hgnc-mgi_gene/config.yaml
# File output/tsv/hgnc-mgi_gene.tsv is older than input/hgnc/download.lock
## Update config/hgnc-mgi_gene/config.yaml => output/tsv/hgnc-mgi_gene.tsv
< 2026-09-05T03:53:54 hgnc-mgi_gene
togoid-config config/hgnc-mgi_gene update
# Success: output/tsv/hgnc-mgi_gene.tsv is updated
> 2026-09-05T03:53:54 hgnc-mgi_gene
Rule for TSV (output/tsv/hgnc-mgi_gene.tsv)
------------------------------
Investigating output/tsv/hgnc-mgi_gene.tsv
class: Rake::FileTask
task needed: true
timestamp: 2026-09-05 03:53:54 +0900
pre-requisites: 
--output/tsv/ (<EARLY TIME>)
--prepare:hgnc (2026-09-05 03:53:54 +0900)
latest-prerequisite time: 2026-09-05 03:53:54 +0900
................................

### Update TSV for hgnc-mirbase if check_tsv_filesize false or check_config_timestamp false or check_tsv_timestamp true
# File output/tsv/hgnc-mirbase.tsv is newer than config/hgnc-mirbase/config.yaml
# File output/tsv/hgnc-mirbase.tsv is older than input/hgnc/download.lock
## Update config/hgnc-mirbase/config.yaml => output/tsv/hgnc-mirbase.tsv
< 2026-09-05T03:53:54 hgnc-mirbase
togoid-config config/hgnc-mirbase update
# Success: output/tsv/hgnc-mirbase.tsv is updated
> 2026-09-05T03:53:55 hgnc-mirbase
Rule for TSV (output/tsv/hgnc-mirbase.tsv)
------------------------------
Investigating output/tsv/hgnc-mirbase.tsv
class: Rake::FileTask
task needed: true
timestamp: 2026-09-05 03:53:55 +0900
pre-requisites: 
--output/tsv/ (<EARLY TIME>)
--prepare:hgnc (2026-09-05 03:53:55 +0900)
latest-prerequisite time: 2026-09-05 03:53:55 +0900
................................

### Update TSV for hgnc-ncbigene if check_tsv_filesize false or check_config_timestamp false or check_tsv_timestamp true
# File output/tsv/hgnc-ncbigene.tsv is newer than config/hgnc-ncbigene/config.yaml
# File output/tsv/hgnc-ncbigene.tsv is older than input/hgnc/download.lock
## Update config/hgnc-ncbigene/config.yaml => output/tsv/hgnc-ncbigene.tsv
< 2026-09-05T03:53:55 hgnc-ncbigene
togoid-config config/hgnc-ncbigene update
# Success: output/tsv/hgnc-ncbigene.tsv is updated
> 2026-09-05T03:53:55 hgnc-ncbigene
Rule for TSV (output/tsv/hgnc-ncbigene.tsv)
------------------------------
Investigating output/tsv/hgnc-ncbigene.tsv
class: Rake::FileTask
task needed: true
timestamp: 2026-09-05 03:53:55 +0900
pre-requisites: 
--output/tsv/ (<EARLY TIME>)
--prepare:hgnc (2026-09-05 03:53:55 +0900)
latest-prerequisite time: 2026-09-05 03:53:55 +0900
................................

### Update TSV for hgnc-omim_gene if check_tsv_filesize false or check_config_timestamp false or check_tsv_timestamp true
# File output/tsv/hgnc-omim_gene.tsv is newer than config/hgnc-omim_gene/config.yaml
# File output/tsv/hgnc-omim_gene.tsv is older than input/hgnc/download.lock
## Update config/hgnc-omim_gene/config.yaml => output/tsv/hgnc-omim_gene.tsv
< 2026-09-05T03:53:55 hgnc-omim_gene
togoid-config config/hgnc-omim_gene update
# Success: output/tsv/hgnc-omim_gene.tsv is updated
> 2026-09-05T03:53:55 hgnc-omim_gene
Rule for TSV (output/tsv/hgnc-omim_gene.tsv)
------------------------------
Investigating output/tsv/hgnc-omim_gene.tsv
class: Rake::FileTask
task needed: true
timestamp: 2026-09-05 03:53:55 +0900
pre-requisites: 
--output/tsv/ (<EARLY TIME>)
--prepare:hgnc (2026-09-05 03:53:55 +0900)
latest-prerequisite time: 2026-09-05 03:53:55 +0900
................................

### Update TSV for hgnc-pubmed if check_tsv_filesize false or check_config_timestamp false or check_tsv_timestamp true
# File output/tsv/hgnc-pubmed.tsv is newer than config/hgnc-pubmed/config.yaml
# File output/tsv/hgnc-pubmed.tsv is older than input/hgnc/download.lock
## Update config/hgnc-pubmed/config.yaml => output/tsv/hgnc-pubmed.tsv
< 2026-09-05T03:53:55 hgnc-pubmed
togoid-config config/hgnc-pubmed update
# Success: output/tsv/hgnc-pubmed.tsv is updated
> 2026-09-05T03:53:56 hgnc-pubmed
Rule for TSV (output/tsv/hgnc-pubmed.tsv)
------------------------------
Investigating output/tsv/hgnc-pubmed.tsv
class: Rake::FileTask
task needed: true
timestamp: 2026-09-05 03:53:56 +0900
pre-requisites: 
--output/tsv/ (<EARLY TIME>)
--prepare:hgnc (2026-09-05 03:53:56 +0900)
latest-prerequisite time: 2026-09-05 03:53:56 +0900
................................

### Update TSV for hgnc-refseq_genomic if check_tsv_filesize false or check_config_timestamp false or check_tsv_timestamp true
# File output/tsv/hgnc-refseq_genomic.tsv is newer than config/hgnc-refseq_genomic/config.yaml
# File output/tsv/hgnc-refseq_genomic.tsv is older than input/hgnc/download.lock
## Update config/hgnc-refseq_genomic/config.yaml => output/tsv/hgnc-refseq_genomic.tsv
< 2026-09-05T03:53:56 hgnc-refseq_genomic
togoid-config config/hgnc-refseq_genomic update
# Success: output/tsv/hgnc-refseq_genomic.tsv is updated
> 2026-09-05T03:53:56 hgnc-refseq_genomic
Rule for TSV (output/tsv/hgnc-refseq_genomic.tsv)
------------------------------
Investigating output/tsv/hgnc-refseq_genomic.tsv
class: Rake::FileTask
task needed: true
timestamp: 2026-09-05 03:53:56 +0900
pre-requisites: 
--output/tsv/ (<EARLY TIME>)
--prepare:hgnc (2026-09-05 03:53:56 +0900)
latest-prerequisite time: 2026-09-05 03:53:56 +0900
................................

### Update TSV for hgnc-refseq_rna if check_tsv_filesize false or check_config_timestamp false or check_tsv_timestamp true
# File output/tsv/hgnc-refseq_rna.tsv is newer than config/hgnc-refseq_rna/config.yaml
# File output/tsv/hgnc-refseq_rna.tsv is older than input/hgnc/download.lock
## Update config/hgnc-refseq_rna/config.yaml => output/tsv/hgnc-refseq_rna.tsv
< 2026-09-05T03:53:56 hgnc-refseq_rna
togoid-config config/hgnc-refseq_rna update
# Success: output/tsv/hgnc-refseq_rna.tsv is updated
> 2026-09-05T03:53:57 hgnc-refseq_rna
Rule for TSV (output/tsv/hgnc-refseq_rna.tsv)
------------------------------
Investigating output/tsv/hgnc-refseq_rna.tsv
class: Rake::FileTask
task needed: true
timestamp: 2026-09-05 03:53:57 +0900
pre-requisites: 
--output/tsv/ (<EARLY TIME>)
--prepare:hgnc (2026-09-05 03:53:57 +0900)
latest-prerequisite time: 2026-09-05 03:53:57 +0900
................................

### Update TSV for hgnc-rgd if check_tsv_filesize false or check_config_timestamp false or check_tsv_timestamp true
# File output/tsv/hgnc-rgd.tsv is newer than config/hgnc-rgd/config.yaml
# File output/tsv/hgnc-rgd.tsv is older than input/hgnc/download.lock
## Update config/hgnc-rgd/config.yaml => output/tsv/hgnc-rgd.tsv
< 2026-09-05T03:53:57 hgnc-rgd
togoid-config config/hgnc-rgd update
# Success: output/tsv/hgnc-rgd.tsv is updated
> 2026-09-05T03:53:57 hgnc-rgd
Rule for TSV (output/tsv/hgnc-rgd.tsv)
------------------------------
Investigating output/tsv/hgnc-rgd.tsv
class: Rake::FileTask
task needed: true
timestamp: 2026-09-05 03:53:57 +0900
pre-requisites: 
--output/tsv/ (<EARLY TIME>)
--prepare:hgnc (2026-09-05 03:53:57 +0900)
latest-prerequisite time: 2026-09-05 03:53:57 +0900
................................

### Update TSV for hgnc-uniprot if check_tsv_filesize false or check_config_timestamp false or check_tsv_timestamp true
# File output/tsv/hgnc-uniprot.tsv is newer than config/hgnc-uniprot/config.yaml
# File output/tsv/hgnc-uniprot.tsv is older than input/hgnc/download.lock
## Update config/hgnc-uniprot/config.yaml => output/tsv/hgnc-uniprot.tsv
< 2026-09-05T03:53:57 hgnc-uniprot
togoid-config config/hgnc-uniprot update
# Success: output/tsv/hgnc-uniprot.tsv is updated
> 2026-09-05T03:53:57 hgnc-uniprot
Rule for TSV (output/tsv/hgnc-uniprot.tsv)
------------------------------
Investigating output/tsv/hgnc-uniprot.tsv
class: Rake::FileTask
task needed: true
timestamp: 2026-09-05 03:53:57 +0900
pre-requisites: 
--output/tsv/ (<EARLY TIME>)
--prepare:hgnc (2026-09-05 03:53:57 +0900)
latest-prerequisite time: 2026-09-05 03:53:57 +0900
................................

### Update TSV for hmdb-chebi if check_tsv_filesize false or check_config_timestamp false or check_tsv_timestamp false
# File output/tsv/hmdb-chebi.tsv is newer than config/hmdb-chebi/config.yaml
# File output/tsv/hmdb-chebi.tsv is newer than input/hmdb/download.lock
# => Preserving output/tsv/hmdb-chebi.tsv
Rule for TSV (output/tsv/hmdb-chebi.tsv)
------------------------------
Investigating output/tsv/hmdb-chebi.tsv
class: Rake::FileTask
task needed: true
timestamp: 2023-07-03 13:03:28 +0900
pre-requisites: 
--output/tsv/ (<EARLY TIME>)
--prepare:hmdb (2026-09-05 03:53:57 +0900)
latest-prerequisite time: 2026-09-05 03:53:57 +0900
................................

### Update TSV for hmdb-inchi_key if check_tsv_filesize false or check_config_timestamp false or check_tsv_timestamp false
# File output/tsv/hmdb-inchi_key.tsv is newer than config/hmdb-inchi_key/config.yaml
# File output/tsv/hmdb-inchi_key.tsv is newer than input/hmdb/download.lock
# => Preserving output/tsv/hmdb-inchi_key.tsv
Rule for TSV (output/tsv/hmdb-inchi_key.tsv)
------------------------------
Investigating output/tsv/hmdb-inchi_key.tsv
class: Rake::FileTask
task needed: true
timestamp: 2023-07-03 13:03:51 +0900
pre-requisites: 
--output/tsv/ (<EARLY TIME>)
--prepare:hmdb (2026-09-05 03:53:57 +0900)
latest-prerequisite time: 2026-09-05 03:53:57 +0900
................................

### Update TSV for hmdb-pdb_ccd if check_tsv_filesize false or check_config_timestamp false or check_tsv_timestamp false
# File output/tsv/hmdb-pdb_ccd.tsv is newer than config/hmdb-pdb_ccd/config.yaml
# File output/tsv/hmdb-pdb_ccd.tsv is newer than input/hmdb/download.lock
# => Preserving output/tsv/hmdb-pdb_ccd.tsv
Rule for TSV (output/tsv/hmdb-pdb_ccd.tsv)
------------------------------
Investigating output/tsv/hmdb-pdb_ccd.tsv
class: Rake::FileTask
task needed: true
timestamp: 2024-01-20 02:10:47 +0900
pre-requisites: 
--output/tsv/ (<EARLY TIME>)
--prepare:hmdb (2026-09-05 03:53:57 +0900)
latest-prerequisite time: 2026-09-05 03:53:57 +0900
................................

### Update TSV for hmdb-pubchem_compound if check_tsv_filesize false or check_config_timestamp false or check_tsv_timestamp false
# File output/tsv/hmdb-pubchem_compound.tsv is newer than config/hmdb-pubchem_compound/config.yaml
# File output/tsv/hmdb-pubchem_compound.tsv is newer than input/hmdb/download.lock
# => Preserving output/tsv/hmdb-pubchem_compound.tsv
Rule for TSV (output/tsv/hmdb-pubchem_compound.tsv)
------------------------------
Investigating output/tsv/hmdb-pubchem_compound.tsv
class: Rake::FileTask
task needed: true
timestamp: 2023-07-03 13:06:27 +0900
pre-requisites: 
--output/tsv/ (<EARLY TIME>)
--prepare:hmdb (2026-09-05 03:53:57 +0900)
latest-prerequisite time: 2026-09-05 03:53:57 +0900
................................

### Update TSV for homologene-ncbigene if check_tsv_filesize false or check_config_timestamp false or check_tsv_timestamp false
# File output/tsv/homologene-ncbigene.tsv is newer than config/homologene-ncbigene/config.yaml
# File output/tsv/homologene-ncbigene.tsv is newer than input/homologene/download.lock
# => Preserving output/tsv/homologene-ncbigene.tsv
Rule for TSV (output/tsv/homologene-ncbigene.tsv)
------------------------------
Investigating output/tsv/homologene-ncbigene.tsv
class: Rake::FileTask
task needed: true
timestamp: 2023-06-02 19:58:16 +0900
pre-requisites: 
--output/tsv/ (<EARLY TIME>)
--prepare:homologene (2026-09-05 03:53:57 +0900)
latest-prerequisite time: 2026-09-05 03:53:57 +0900
................................

### Update TSV for hp_inheritance-omim_phenotype if check_tsv_filesize false or check_config_timestamp false or check_tsv_timestamp true
# File output/tsv/hp_inheritance-omim_phenotype.tsv is newer than config/hp_inheritance-omim_phenotype/config.yaml
# File output/tsv/hp_inheritance-omim_phenotype.tsv has no timestamp file
# File output/tsv/hp_inheritance-omim_phenotype.tsv is created 7.245828001972326 days ago (will be updated when >5 days)
## Update config/hp_inheritance-omim_phenotype/config.yaml => output/tsv/hp_inheritance-omim_phenotype.tsv
< 2026-09-05T03:53:57 hp_inheritance-omim_phenotype
togoid-config config/hp_inheritance-omim_phenotype update
# Success: output/tsv/hp_inheritance-omim_phenotype.tsv is updated
> 2026-09-05T03:53:58 hp_inheritance-omim_phenotype
Rule for TSV (output/tsv/hp_inheritance-omim_phenotype.tsv)
------------------------------
Investigating output/tsv/hp_inheritance-omim_phenotype.tsv
class: Rake::FileTask
task needed: false
timestamp: 2026-09-05 03:53:58 +0900
pre-requisites: 
--output/tsv/ (<EARLY TIME>)
--input/update.txt (2026-09-05 02:59:40 +0900)
latest-prerequisite time: 2026-09-05 02:59:40 +0900
................................

### Update TSV for hp_phenotype-omim_phenotype if check_tsv_filesize false or check_config_timestamp false or check_tsv_timestamp true
# File output/tsv/hp_phenotype-omim_phenotype.tsv is newer than config/hp_phenotype-omim_phenotype/config.yaml
# File output/tsv/hp_phenotype-omim_phenotype.tsv is older than input/hp_phenotype/download.lock
## Update config/hp_phenotype-omim_phenotype/config.yaml => output/tsv/hp_phenotype-omim_phenotype.tsv
< 2026-09-05T03:53:58 hp_phenotype-omim_phenotype
togoid-config config/hp_phenotype-omim_phenotype update
# Success: output/tsv/hp_phenotype-omim_phenotype.tsv is updated
> 2026-09-05T03:53:59 hp_phenotype-omim_phenotype
Rule for TSV (output/tsv/hp_phenotype-omim_phenotype.tsv)
------------------------------
Investigating output/tsv/hp_phenotype-omim_phenotype.tsv
class: Rake::FileTask
task needed: true
timestamp: 2026-09-05 03:53:59 +0900
pre-requisites: 
--output/tsv/ (<EARLY TIME>)
--prepare:hp_phenotype (2026-09-05 03:53:59 +0900)
latest-prerequisite time: 2026-09-05 03:53:59 +0900
................................

### Update TSV for hp_phenotype-orphanet_phenotype if check_tsv_filesize false or check_config_timestamp false or check_tsv_timestamp true
# File output/tsv/hp_phenotype-orphanet_phenotype.tsv is newer than config/hp_phenotype-orphanet_phenotype/config.yaml
# File output/tsv/hp_phenotype-orphanet_phenotype.tsv is older than input/hp_phenotype/download.lock
## Update config/hp_phenotype-orphanet_phenotype/config.yaml => output/tsv/hp_phenotype-orphanet_phenotype.tsv
< 2026-09-05T03:53:59 hp_phenotype-orphanet_phenotype
togoid-config config/hp_phenotype-orphanet_phenotype update
# Success: output/tsv/hp_phenotype-orphanet_phenotype.tsv is updated
> 2026-09-05T03:53:59 hp_phenotype-orphanet_phenotype
Rule for TSV (output/tsv/hp_phenotype-orphanet_phenotype.tsv)
------------------------------
Investigating output/tsv/hp_phenotype-orphanet_phenotype.tsv
class: Rake::FileTask
task needed: true
timestamp: 2026-09-05 03:53:59 +0900
pre-requisites: 
--output/tsv/ (<EARLY TIME>)
--prepare:hp_phenotype (2026-09-05 03:53:59 +0900)
latest-prerequisite time: 2026-09-05 03:53:59 +0900
................................

### Update TSV for insdc-bioproject if check_tsv_filesize false or check_config_timestamp false or check_tsv_timestamp true
# File output/tsv/insdc-bioproject.tsv is newer than config/insdc-bioproject/config.yaml
# File output/tsv/insdc-bioproject.tsv has no timestamp file
# File output/tsv/insdc-bioproject.tsv is created 7.245600943524676 days ago (will be updated when >5 days)
## Update config/insdc-bioproject/config.yaml => output/tsv/insdc-bioproject.tsv
< 2026-09-05T03:53:59 insdc-bioproject
togoid-config config/insdc-bioproject update
# Success: output/tsv/insdc-bioproject.tsv is updated
> 2026-09-05T03:54:21 insdc-bioproject
Rule for TSV (output/tsv/insdc-bioproject.tsv)
------------------------------
Investigating output/tsv/insdc-bioproject.tsv
class: Rake::FileTask
task needed: false
timestamp: 2026-09-05 03:54:21 +0900
pre-requisites: 
--output/tsv/ (<EARLY TIME>)
--input/update.txt (2026-09-05 02:59:40 +0900)
latest-prerequisite time: 2026-09-05 02:59:40 +0900
................................

### Update TSV for insdc-biosample if check_tsv_filesize false or check_config_timestamp false or check_tsv_timestamp true
# File output/tsv/insdc-biosample.tsv is newer than config/insdc-biosample/config.yaml
# File output/tsv/insdc-biosample.tsv has no timestamp file
# File output/tsv/insdc-biosample.tsv is created 7.245033205266134 days ago (will be updated when >5 days)
## Update config/insdc-biosample/config.yaml => output/tsv/insdc-biosample.tsv
< 2026-09-05T03:54:21 insdc-biosample
togoid-config config/insdc-biosample update
# Success: output/tsv/insdc-biosample.tsv is updated
> 2026-09-05T03:55:31 insdc-biosample
Rule for TSV (output/tsv/insdc-biosample.tsv)
------------------------------
Investigating output/tsv/insdc-biosample.tsv
class: Rake::FileTask
task needed: false
timestamp: 2026-09-05 03:55:31 +0900
pre-requisites: 
--output/tsv/ (<EARLY TIME>)
--input/update.txt (2026-09-05 02:59:40 +0900)
latest-prerequisite time: 2026-09-05 02:59:40 +0900
................................

### Update TSV for insdc_master-bioproject if check_tsv_filesize false or check_config_timestamp false or check_tsv_timestamp true
# File output/tsv/insdc_master-bioproject.tsv is newer than config/insdc_master-bioproject/config.yaml
# File output/tsv/insdc_master-bioproject.tsv has no timestamp file
# File output/tsv/insdc_master-bioproject.tsv is created 7.245821647672823 days ago (will be updated when >5 days)
## Update config/insdc_master-bioproject/config.yaml => output/tsv/insdc_master-bioproject.tsv
< 2026-09-05T03:55:31 insdc_master-bioproject
togoid-config config/insdc_master-bioproject update
# Success: output/tsv/insdc_master-bioproject.tsv is updated
> 2026-09-05T03:55:34 insdc_master-bioproject
Rule for TSV (output/tsv/insdc_master-bioproject.tsv)
------------------------------
Investigating output/tsv/insdc_master-bioproject.tsv
class: Rake::FileTask
task needed: false
timestamp: 2026-09-05 03:55:34 +0900
pre-requisites: 
--output/tsv/ (<EARLY TIME>)
--input/update.txt (2026-09-05 02:59:40 +0900)
latest-prerequisite time: 2026-09-05 02:59:40 +0900
................................

### Update TSV for insdc_master-biosample if check_tsv_filesize false or check_config_timestamp false or check_tsv_timestamp true
# File output/tsv/insdc_master-biosample.tsv is newer than config/insdc_master-biosample/config.yaml
# File output/tsv/insdc_master-biosample.tsv has no timestamp file
# File output/tsv/insdc_master-biosample.tsv is created 7.245828035404225 days ago (will be updated when >5 days)
## Update config/insdc_master-biosample/config.yaml => output/tsv/insdc_master-biosample.tsv
< 2026-09-05T03:55:34 insdc_master-biosample
togoid-config config/insdc_master-biosample update
# Success: output/tsv/insdc_master-biosample.tsv is updated
> 2026-09-05T03:55:36 insdc_master-biosample
Rule for TSV (output/tsv/insdc_master-biosample.tsv)
------------------------------
Investigating output/tsv/insdc_master-biosample.tsv
class: Rake::FileTask
task needed: false
timestamp: 2026-09-05 03:55:36 +0900
pre-requisites: 
--output/tsv/ (<EARLY TIME>)
--input/update.txt (2026-09-05 02:59:40 +0900)
latest-prerequisite time: 2026-09-05 02:59:40 +0900
................................

### Update TSV for interpro-go if check_tsv_filesize false or check_config_timestamp false or check_tsv_timestamp true
# File output/tsv/interpro-go.tsv is newer than config/interpro-go/config.yaml
# File output/tsv/interpro-go.tsv is older than input/interpro/download.lock
## Update config/interpro-go/config.yaml => output/tsv/interpro-go.tsv
< 2026-09-05T03:55:36 interpro-go
togoid-config config/interpro-go update
# Success: output/tsv/interpro-go.tsv is updated
> 2026-09-05T03:55:36 interpro-go
Rule for TSV (output/tsv/interpro-go.tsv)
------------------------------
Investigating output/tsv/interpro-go.tsv
class: Rake::FileTask
task needed: true
timestamp: 2026-09-05 03:55:36 +0900
pre-requisites: 
--output/tsv/ (<EARLY TIME>)
--prepare:interpro (2026-09-05 03:55:36 +0900)
latest-prerequisite time: 2026-09-05 03:55:36 +0900
................................

### Update TSV for interpro-pdb if check_tsv_filesize false or check_config_timestamp false or check_tsv_timestamp true
# File output/tsv/interpro-pdb.tsv is newer than config/interpro-pdb/config.yaml
# File output/tsv/interpro-pdb.tsv is older than input/interpro/download.lock
## Update config/interpro-pdb/config.yaml => output/tsv/interpro-pdb.tsv
< 2026-09-05T03:55:36 interpro-pdb
togoid-config config/interpro-pdb update
# Success: output/tsv/interpro-pdb.tsv is updated
> 2026-09-05T03:55:39 interpro-pdb
Rule for TSV (output/tsv/interpro-pdb.tsv)
------------------------------
Investigating output/tsv/interpro-pdb.tsv
class: Rake::FileTask
task needed: true
timestamp: 2026-09-05 03:55:39 +0900
pre-requisites: 
--output/tsv/ (<EARLY TIME>)
--prepare:interpro (2026-09-05 03:55:39 +0900)
latest-prerequisite time: 2026-09-05 03:55:39 +0900
................................

### Update TSV for interpro-pfam if check_tsv_filesize false or check_config_timestamp false or check_tsv_timestamp true
# File output/tsv/interpro-pfam.tsv is newer than config/interpro-pfam/config.yaml
# File output/tsv/interpro-pfam.tsv is older than input/interpro/download.lock
## Update config/interpro-pfam/config.yaml => output/tsv/interpro-pfam.tsv
< 2026-09-05T03:55:39 interpro-pfam
togoid-config config/interpro-pfam update
# Success: output/tsv/interpro-pfam.tsv is updated
> 2026-09-05T03:55:40 interpro-pfam
Rule for TSV (output/tsv/interpro-pfam.tsv)
------------------------------
Investigating output/tsv/interpro-pfam.tsv
class: Rake::FileTask
task needed: true
timestamp: 2026-09-05 03:55:40 +0900
pre-requisites: 
--output/tsv/ (<EARLY TIME>)
--prepare:interpro (2026-09-05 03:55:40 +0900)
latest-prerequisite time: 2026-09-05 03:55:40 +0900
................................

### Update TSV for interpro-prosite if check_tsv_filesize false or check_config_timestamp false or check_tsv_timestamp true
# File output/tsv/interpro-prosite.tsv is newer than config/interpro-prosite/config.yaml
# File output/tsv/interpro-prosite.tsv is older than input/interpro/download.lock
## Update config/interpro-prosite/config.yaml => output/tsv/interpro-prosite.tsv
< 2026-09-05T03:55:40 interpro-prosite
togoid-config config/interpro-prosite update
# Success: output/tsv/interpro-prosite.tsv is updated
> 2026-09-05T03:55:41 interpro-prosite
Rule for TSV (output/tsv/interpro-prosite.tsv)
------------------------------
Investigating output/tsv/interpro-prosite.tsv
class: Rake::FileTask
task needed: true
timestamp: 2026-09-05 03:55:41 +0900
pre-requisites: 
--output/tsv/ (<EARLY TIME>)
--prepare:interpro (2026-09-05 03:55:41 +0900)
latest-prerequisite time: 2026-09-05 03:55:41 +0900
................................

### Update TSV for interpro-pubmed if check_tsv_filesize false or check_config_timestamp false or check_tsv_timestamp true
# File output/tsv/interpro-pubmed.tsv is newer than config/interpro-pubmed/config.yaml
# File output/tsv/interpro-pubmed.tsv is older than input/interpro/download.lock
## Update config/interpro-pubmed/config.yaml => output/tsv/interpro-pubmed.tsv
< 2026-09-05T03:55:41 interpro-pubmed
togoid-config config/interpro-pubmed update
# Success: output/tsv/interpro-pubmed.tsv is updated
> 2026-09-05T03:55:43 interpro-pubmed
Rule for TSV (output/tsv/interpro-pubmed.tsv)
------------------------------
Investigating output/tsv/interpro-pubmed.tsv
class: Rake::FileTask
task needed: true
timestamp: 2026-09-05 03:55:43 +0900
pre-requisites: 
--output/tsv/ (<EARLY TIME>)
--prepare:interpro (2026-09-05 03:55:43 +0900)
latest-prerequisite time: 2026-09-05 03:55:43 +0900
................................

### Update TSV for interpro-reactome_pathway if check_tsv_filesize false or check_config_timestamp false or check_tsv_timestamp true
# File output/tsv/interpro-reactome_pathway.tsv is newer than config/interpro-reactome_pathway/config.yaml
# File output/tsv/interpro-reactome_pathway.tsv is older than input/interpro/download.lock
## Update config/interpro-reactome_pathway/config.yaml => output/tsv/interpro-reactome_pathway.tsv
< 2026-09-05T03:55:43 interpro-reactome_pathway
togoid-config config/interpro-reactome_pathway update
# Success: output/tsv/interpro-reactome_pathway.tsv is updated
> 2026-09-05T03:55:44 interpro-reactome_pathway
Rule for TSV (output/tsv/interpro-reactome_pathway.tsv)
------------------------------
Investigating output/tsv/interpro-reactome_pathway.tsv
class: Rake::FileTask
task needed: true
timestamp: 2026-09-05 03:55:44 +0900
pre-requisites: 
--output/tsv/ (<EARLY TIME>)
--prepare:interpro (2026-09-05 03:55:44 +0900)
latest-prerequisite time: 2026-09-05 03:55:44 +0900
................................

### Update TSV for interpro-smart if check_tsv_filesize false or check_config_timestamp false or check_tsv_timestamp true
# File output/tsv/interpro-smart.tsv is newer than config/interpro-smart/config.yaml
# File output/tsv/interpro-smart.tsv is older than input/interpro/download.lock
## Update config/interpro-smart/config.yaml => output/tsv/interpro-smart.tsv
< 2026-09-05T03:55:44 interpro-smart
togoid-config config/interpro-smart update
# Success: output/tsv/interpro-smart.tsv is updated
> 2026-09-05T03:55:45 interpro-smart
Rule for TSV (output/tsv/interpro-smart.tsv)
------------------------------
Investigating output/tsv/interpro-smart.tsv
class: Rake::FileTask
task needed: true
timestamp: 2026-09-05 03:55:45 +0900
pre-requisites: 
--output/tsv/ (<EARLY TIME>)
--prepare:interpro (2026-09-05 03:55:45 +0900)
latest-prerequisite time: 2026-09-05 03:55:45 +0900
................................

### Update TSV for interpro-uniprot if check_tsv_filesize false or check_config_timestamp false or check_tsv_timestamp true
# File output/tsv/interpro-uniprot.tsv is newer than config/interpro-uniprot/config.yaml
# File output/tsv/interpro-uniprot.tsv is older than input/interpro/download.lock
## Update config/interpro-uniprot/config.yaml => output/tsv/interpro-uniprot.tsv
< 2026-09-05T03:55:45 interpro-uniprot
togoid-config config/interpro-uniprot update
# Success: output/tsv/interpro-uniprot.tsv is updated
> 2026-09-05T04:14:26 interpro-uniprot
Rule for TSV (output/tsv/interpro-uniprot.tsv)
------------------------------
Investigating output/tsv/interpro-uniprot.tsv
class: Rake::FileTask
task needed: true
timestamp: 2026-09-05 04:14:26 +0900
pre-requisites: 
--output/tsv/ (<EARLY TIME>)
--prepare:interpro (2026-09-05 04:14:26 +0900)
latest-prerequisite time: 2026-09-05 04:14:26 +0900
................................

### Update TSV for jga_study-jga_dataset if check_tsv_filesize false or check_config_timestamp false or check_tsv_timestamp true
# File output/tsv/jga_study-jga_dataset.tsv is newer than config/jga_study-jga_dataset/config.yaml
# File output/tsv/jga_study-jga_dataset.tsv has no timestamp file
# File output/tsv/jga_study-jga_dataset.tsv is created 7.258928899281643 days ago (will be updated when >5 days)
## Update config/jga_study-jga_dataset/config.yaml => output/tsv/jga_study-jga_dataset.tsv
< 2026-09-05T04:14:26 jga_study-jga_dataset
togoid-config config/jga_study-jga_dataset update
# Success: output/tsv/jga_study-jga_dataset.tsv is updated
> 2026-09-05T04:14:26 jga_study-jga_dataset
Rule for TSV (output/tsv/jga_study-jga_dataset.tsv)
------------------------------
Investigating output/tsv/jga_study-jga_dataset.tsv
class: Rake::FileTask
task needed: false
timestamp: 2026-09-05 04:14:26 +0900
pre-requisites: 
--output/tsv/ (<EARLY TIME>)
--input/update.txt (2026-09-05 02:59:40 +0900)
latest-prerequisite time: 2026-09-05 02:59:40 +0900
................................

### Update TSV for jga_study-nbdc_human_db if check_tsv_filesize false or check_config_timestamp false or check_tsv_timestamp true
# File output/tsv/jga_study-nbdc_human_db.tsv is newer than config/jga_study-nbdc_human_db/config.yaml
# File output/tsv/jga_study-nbdc_human_db.tsv has no timestamp file
# File output/tsv/jga_study-nbdc_human_db.tsv is created 7.258928846311482 days ago (will be updated when >5 days)
## Update config/jga_study-nbdc_human_db/config.yaml => output/tsv/jga_study-nbdc_human_db.tsv
< 2026-09-05T04:14:26 jga_study-nbdc_human_db
togoid-config config/jga_study-nbdc_human_db update
# Success: output/tsv/jga_study-nbdc_human_db.tsv is updated
> 2026-09-05T04:14:26 jga_study-nbdc_human_db
Rule for TSV (output/tsv/jga_study-nbdc_human_db.tsv)
------------------------------
Investigating output/tsv/jga_study-nbdc_human_db.tsv
class: Rake::FileTask
task needed: false
timestamp: 2026-09-05 04:14:26 +0900
pre-requisites: 
--output/tsv/ (<EARLY TIME>)
--input/update.txt (2026-09-05 02:59:40 +0900)
latest-prerequisite time: 2026-09-05 02:59:40 +0900
................................

### Update TSV for jga_study-pubmed if check_tsv_filesize false or check_config_timestamp false or check_tsv_timestamp true
# File output/tsv/jga_study-pubmed.tsv is newer than config/jga_study-pubmed/config.yaml
# File output/tsv/jga_study-pubmed.tsv has no timestamp file
# File output/tsv/jga_study-pubmed.tsv is created 7.258929556121307 days ago (will be updated when >5 days)
## Update config/jga_study-pubmed/config.yaml => output/tsv/jga_study-pubmed.tsv
< 2026-09-05T04:14:26 jga_study-pubmed
togoid-config config/jga_study-pubmed update
# Success: output/tsv/jga_study-pubmed.tsv is updated
> 2026-09-05T04:14:26 jga_study-pubmed
Rule for TSV (output/tsv/jga_study-pubmed.tsv)
------------------------------
Investigating output/tsv/jga_study-pubmed.tsv
class: Rake::FileTask
task needed: false
timestamp: 2026-09-05 04:14:26 +0900
pre-requisites: 
--output/tsv/ (<EARLY TIME>)
--input/update.txt (2026-09-05 02:59:40 +0900)
latest-prerequisite time: 2026-09-05 02:59:40 +0900
................................

### Update TSV for lipidmaps-chebi if check_tsv_filesize false or check_config_timestamp false or check_tsv_timestamp true
# File output/tsv/lipidmaps-chebi.tsv is newer than config/lipidmaps-chebi/config.yaml
# File output/tsv/lipidmaps-chebi.tsv is older than input/lipidmaps/download.lock
## Update config/lipidmaps-chebi/config.yaml => output/tsv/lipidmaps-chebi.tsv
< 2026-09-05T04:14:26 lipidmaps-chebi
togoid-config config/lipidmaps-chebi update
# Success: output/tsv/lipidmaps-chebi.tsv is updated
> 2026-09-05T04:14:27 lipidmaps-chebi
Rule for TSV (output/tsv/lipidmaps-chebi.tsv)
------------------------------
Investigating output/tsv/lipidmaps-chebi.tsv
class: Rake::FileTask
task needed: true
timestamp: 2026-09-05 04:14:27 +0900
pre-requisites: 
--output/tsv/ (<EARLY TIME>)
--prepare:lipidmaps (2026-09-05 04:14:27 +0900)
latest-prerequisite time: 2026-09-05 04:14:27 +0900
................................

### Update TSV for lipidmaps-inchi_key if check_tsv_filesize false or check_config_timestamp false or check_tsv_timestamp true
# File output/tsv/lipidmaps-inchi_key.tsv is newer than config/lipidmaps-inchi_key/config.yaml
# File output/tsv/lipidmaps-inchi_key.tsv is older than input/lipidmaps/download.lock
## Update config/lipidmaps-inchi_key/config.yaml => output/tsv/lipidmaps-inchi_key.tsv
< 2026-09-05T04:14:27 lipidmaps-inchi_key
togoid-config config/lipidmaps-inchi_key update
# Success: output/tsv/lipidmaps-inchi_key.tsv is updated
> 2026-09-05T04:14:27 lipidmaps-inchi_key
Rule for TSV (output/tsv/lipidmaps-inchi_key.tsv)
------------------------------
Investigating output/tsv/lipidmaps-inchi_key.tsv
class: Rake::FileTask
task needed: true
timestamp: 2026-09-05 04:14:27 +0900
pre-requisites: 
--output/tsv/ (<EARLY TIME>)
--prepare:lipidmaps (2026-09-05 04:14:27 +0900)
latest-prerequisite time: 2026-09-05 04:14:27 +0900
................................

### Update TSV for lipidmaps-swisslipids if check_tsv_filesize false or check_config_timestamp false or check_tsv_timestamp true
# File output/tsv/lipidmaps-swisslipids.tsv is newer than config/lipidmaps-swisslipids/config.yaml
# File output/tsv/lipidmaps-swisslipids.tsv is older than input/lipidmaps/download.lock
## Update config/lipidmaps-swisslipids/config.yaml => output/tsv/lipidmaps-swisslipids.tsv
< 2026-09-05T04:14:27 lipidmaps-swisslipids
togoid-config config/lipidmaps-swisslipids update
# Success: output/tsv/lipidmaps-swisslipids.tsv is updated
> 2026-09-05T04:14:28 lipidmaps-swisslipids
Rule for TSV (output/tsv/lipidmaps-swisslipids.tsv)
------------------------------
Investigating output/tsv/lipidmaps-swisslipids.tsv
class: Rake::FileTask
task needed: true
timestamp: 2026-09-05 04:14:28 +0900
pre-requisites: 
--output/tsv/ (<EARLY TIME>)
--prepare:lipidmaps (2026-09-05 04:14:28 +0900)
latest-prerequisite time: 2026-09-05 04:14:28 +0900
................................

### Update TSV for mbgd_gene-uniprot if check_tsv_filesize false or check_config_timestamp false or check_tsv_timestamp true
# File output/tsv/mbgd_gene-uniprot.tsv is newer than config/mbgd_gene-uniprot/config.yaml
# File output/tsv/mbgd_gene-uniprot.tsv has no timestamp file
# File output/tsv/mbgd_gene-uniprot.tsv is created 686.2543771153457 days ago (will be updated when >5 days)
## Update config/mbgd_gene-uniprot/config.yaml => output/tsv/mbgd_gene-uniprot.tsv
< 2026-09-05T04:14:28 mbgd_gene-uniprot
togoid-config config/mbgd_gene-uniprot update
# Error: output/tsv/mbgd_gene-uniprot.tsv new file size per old 0 / 4017692184 = 0.0 < 0.5
# Error: Failed to create output/tsv/mbgd_gene-uniprot.tsv or created file was empty
# Failure: output/tsv/mbgd_gene-uniprot.tsv is not updated
> 2026-09-05T04:14:31 mbgd_gene-uniprot
Rule for TSV (output/tsv/mbgd_gene-uniprot.tsv)
------------------------------
Investigating output/tsv/mbgd_gene-uniprot.tsv
class: Rake::FileTask
task needed: true
timestamp: 2024-10-18 22:08:10 +0900
pre-requisites: 
--output/tsv/ (<EARLY TIME>)
--input/update.txt (2026-09-05 02:59:40 +0900)
latest-prerequisite time: 2026-09-05 02:59:40 +0900
................................

### Update TSV for mbgd_organism-taxonomy if check_tsv_filesize false or check_config_timestamp false or check_tsv_timestamp true
# File output/tsv/mbgd_organism-taxonomy.tsv is newer than config/mbgd_organism-taxonomy/config.yaml
# File output/tsv/mbgd_organism-taxonomy.tsv has no timestamp file
# File output/tsv/mbgd_organism-taxonomy.tsv is created 686.2544095569725 days ago (will be updated when >5 days)
## Update config/mbgd_organism-taxonomy/config.yaml => output/tsv/mbgd_organism-taxonomy.tsv
< 2026-09-05T04:14:31 mbgd_organism-taxonomy
togoid-config config/mbgd_organism-taxonomy update
# Error: output/tsv/mbgd_organism-taxonomy.tsv new file size per old 0 / 81445 = 0.0 < 0.5
# Error: Failed to create output/tsv/mbgd_organism-taxonomy.tsv or created file was empty
# Failure: output/tsv/mbgd_organism-taxonomy.tsv is not updated
> 2026-09-05T04:14:34 mbgd_organism-taxonomy
Rule for TSV (output/tsv/mbgd_organism-taxonomy.tsv)
------------------------------
Investigating output/tsv/mbgd_organism-taxonomy.tsv
class: Rake::FileTask
task needed: true
timestamp: 2024-10-18 22:08:10 +0900
pre-requisites: 
--output/tsv/ (<EARLY TIME>)
--input/update.txt (2026-09-05 02:59:40 +0900)
latest-prerequisite time: 2026-09-05 02:59:40 +0900
................................

### Update TSV for medgen-hp_phenotype if check_tsv_filesize false or check_config_timestamp false or check_tsv_timestamp true
# File output/tsv/medgen-hp_phenotype.tsv is newer than config/medgen-hp_phenotype/config.yaml
# File output/tsv/medgen-hp_phenotype.tsv has no timestamp file
# File output/tsv/medgen-hp_phenotype.tsv is created 7.258930075239156 days ago (will be updated when >5 days)
## Update config/medgen-hp_phenotype/config.yaml => output/tsv/medgen-hp_phenotype.tsv
< 2026-09-05T04:14:34 medgen-hp_phenotype
togoid-config config/medgen-hp_phenotype update
# Success: output/tsv/medgen-hp_phenotype.tsv is updated
> 2026-09-05T04:14:34 medgen-hp_phenotype
Rule for TSV (output/tsv/medgen-hp_phenotype.tsv)
------------------------------
Investigating output/tsv/medgen-hp_phenotype.tsv
class: Rake::FileTask
task needed: false
timestamp: 2026-09-05 04:14:34 +0900
pre-requisites: 
--output/tsv/ (<EARLY TIME>)
--input/update.txt (2026-09-05 02:59:40 +0900)
latest-prerequisite time: 2026-09-05 02:59:40 +0900
................................

### Update TSV for medgen-mesh if check_tsv_filesize false or check_config_timestamp false or check_tsv_timestamp true
# File output/tsv/medgen-mesh.tsv is newer than config/medgen-mesh/config.yaml
# File output/tsv/medgen-mesh.tsv has no timestamp file
# File output/tsv/medgen-mesh.tsv is created 7.258930091462686 days ago (will be updated when >5 days)
## Update config/medgen-mesh/config.yaml => output/tsv/medgen-mesh.tsv
< 2026-09-05T04:14:34 medgen-mesh
togoid-config config/medgen-mesh update
# Success: output/tsv/medgen-mesh.tsv is updated
> 2026-09-05T04:14:34 medgen-mesh
Rule for TSV (output/tsv/medgen-mesh.tsv)
------------------------------
Investigating output/tsv/medgen-mesh.tsv
class: Rake::FileTask
task needed: false
timestamp: 2026-09-05 04:14:34 +0900
pre-requisites: 
--output/tsv/ (<EARLY TIME>)
--input/update.txt (2026-09-05 02:59:40 +0900)
latest-prerequisite time: 2026-09-05 02:59:40 +0900
................................

### Update TSV for medgen-mondo if check_tsv_filesize false or check_config_timestamp false or check_tsv_timestamp true
# File output/tsv/medgen-mondo.tsv is newer than config/medgen-mondo/config.yaml
# File output/tsv/medgen-mondo.tsv has no timestamp file
# File output/tsv/medgen-mondo.tsv is created 7.258929993870001 days ago (will be updated when >5 days)
## Update config/medgen-mondo/config.yaml => output/tsv/medgen-mondo.tsv
< 2026-09-05T04:14:34 medgen-mondo
togoid-config config/medgen-mondo update
# Success: output/tsv/medgen-mondo.tsv is updated
> 2026-09-05T04:14:34 medgen-mondo
Rule for TSV (output/tsv/medgen-mondo.tsv)
------------------------------
Investigating output/tsv/medgen-mondo.tsv
class: Rake::FileTask
task needed: false
timestamp: 2026-09-05 04:14:34 +0900
pre-requisites: 
--output/tsv/ (<EARLY TIME>)
--input/update.txt (2026-09-05 02:59:40 +0900)
latest-prerequisite time: 2026-09-05 02:59:40 +0900
................................

### Update TSV for medgen-ncbigene if check_tsv_filesize false or check_config_timestamp false or check_tsv_timestamp true
# File output/tsv/medgen-ncbigene.tsv is newer than config/medgen-ncbigene/config.yaml
# File output/tsv/medgen-ncbigene.tsv has no timestamp file
# File output/tsv/medgen-ncbigene.tsv is created 7.258930199073159 days ago (will be updated when >5 days)
## Update config/medgen-ncbigene/config.yaml => output/tsv/medgen-ncbigene.tsv
< 2026-09-05T04:14:35 medgen-ncbigene
togoid-config config/medgen-ncbigene update
# Success: output/tsv/medgen-ncbigene.tsv is updated
> 2026-09-05T04:14:35 medgen-ncbigene
Rule for TSV (output/tsv/medgen-ncbigene.tsv)
------------------------------
Investigating output/tsv/medgen-ncbigene.tsv
class: Rake::FileTask
task needed: false
timestamp: 2026-09-05 04:14:35 +0900
pre-requisites: 
--output/tsv/ (<EARLY TIME>)
--input/update.txt (2026-09-05 02:59:40 +0900)
latest-prerequisite time: 2026-09-05 02:59:40 +0900
................................

### Update TSV for medgen-omim_phenotype if check_tsv_filesize false or check_config_timestamp false or check_tsv_timestamp true
# File output/tsv/medgen-omim_phenotype.tsv is newer than config/medgen-omim_phenotype/config.yaml
# File output/tsv/medgen-omim_phenotype.tsv has no timestamp file
# File output/tsv/medgen-omim_phenotype.tsv is created 7.258930198689399 days ago (will be updated when >5 days)
## Update config/medgen-omim_phenotype/config.yaml => output/tsv/medgen-omim_phenotype.tsv
< 2026-09-05T04:14:35 medgen-omim_phenotype
togoid-config config/medgen-omim_phenotype update
# Success: output/tsv/medgen-omim_phenotype.tsv is updated
> 2026-09-05T04:14:35 medgen-omim_phenotype
Rule for TSV (output/tsv/medgen-omim_phenotype.tsv)
------------------------------
Investigating output/tsv/medgen-omim_phenotype.tsv
class: Rake::FileTask
task needed: false
timestamp: 2026-09-05 04:14:35 +0900
pre-requisites: 
--output/tsv/ (<EARLY TIME>)
--input/update.txt (2026-09-05 02:59:40 +0900)
latest-prerequisite time: 2026-09-05 02:59:40 +0900
................................

### Update TSV for medgen-orphanet_phenotype if check_tsv_filesize false or check_config_timestamp false or check_tsv_timestamp true
# File output/tsv/medgen-orphanet_phenotype.tsv is newer than config/medgen-orphanet_phenotype/config.yaml
# File output/tsv/medgen-orphanet_phenotype.tsv has no timestamp file
# File output/tsv/medgen-orphanet_phenotype.tsv is created 7.2589302439623955 days ago (will be updated when >5 days)
## Update config/medgen-orphanet_phenotype/config.yaml => output/tsv/medgen-orphanet_phenotype.tsv
< 2026-09-05T04:14:35 medgen-orphanet_phenotype
togoid-config config/medgen-orphanet_phenotype update
# Success: output/tsv/medgen-orphanet_phenotype.tsv is updated
> 2026-09-05T04:14:35 medgen-orphanet_phenotype
Rule for TSV (output/tsv/medgen-orphanet_phenotype.tsv)
------------------------------
Investigating output/tsv/medgen-orphanet_phenotype.tsv
class: Rake::FileTask
task needed: false
timestamp: 2026-09-05 04:14:35 +0900
pre-requisites: 
--output/tsv/ (<EARLY TIME>)
--input/update.txt (2026-09-05 02:59:40 +0900)
latest-prerequisite time: 2026-09-05 02:59:40 +0900
................................

### Update TSV for mgi_gene-ensembl_gene if check_tsv_filesize false or check_config_timestamp false or check_tsv_timestamp true
# File output/tsv/mgi_gene-ensembl_gene.tsv is newer than config/mgi_gene-ensembl_gene/config.yaml
# File output/tsv/mgi_gene-ensembl_gene.tsv is older than input/mgi_gene/download.lock
## Update config/mgi_gene-ensembl_gene/config.yaml => output/tsv/mgi_gene-ensembl_gene.tsv
< 2026-09-05T04:14:35 mgi_gene-ensembl_gene
togoid-config config/mgi_gene-ensembl_gene update
# Success: output/tsv/mgi_gene-ensembl_gene.tsv is updated
> 2026-09-05T04:14:35 mgi_gene-ensembl_gene
Rule for TSV (output/tsv/mgi_gene-ensembl_gene.tsv)
------------------------------
Investigating output/tsv/mgi_gene-ensembl_gene.tsv
class: Rake::FileTask
task needed: true
timestamp: 2026-09-05 04:14:35 +0900
pre-requisites: 
--output/tsv/ (<EARLY TIME>)
--prepare:mgi_gene (2026-09-05 04:14:35 +0900)
latest-prerequisite time: 2026-09-05 04:14:35 +0900
................................

### Update TSV for mgi_gene-hgnc if check_tsv_filesize false or check_config_timestamp false or check_tsv_timestamp true
# File output/tsv/mgi_gene-hgnc.tsv is newer than config/mgi_gene-hgnc/config.yaml
# File output/tsv/mgi_gene-hgnc.tsv is older than input/mgi_gene/download.lock
## Update config/mgi_gene-hgnc/config.yaml => output/tsv/mgi_gene-hgnc.tsv
< 2026-09-05T04:14:35 mgi_gene-hgnc
togoid-config config/mgi_gene-hgnc update
# Success: output/tsv/mgi_gene-hgnc.tsv is updated
> 2026-09-05T04:14:36 mgi_gene-hgnc
Rule for TSV (output/tsv/mgi_gene-hgnc.tsv)
------------------------------
Investigating output/tsv/mgi_gene-hgnc.tsv
class: Rake::FileTask
task needed: true
timestamp: 2026-09-05 04:14:36 +0900
pre-requisites: 
--output/tsv/ (<EARLY TIME>)
--prepare:mgi_gene (2026-09-05 04:14:36 +0900)
latest-prerequisite time: 2026-09-05 04:14:36 +0900
................................

### Update TSV for mgi_gene-mgi_allele if check_tsv_filesize false or check_config_timestamp false or check_tsv_timestamp true
# File output/tsv/mgi_gene-mgi_allele.tsv is newer than config/mgi_gene-mgi_allele/config.yaml
# File output/tsv/mgi_gene-mgi_allele.tsv is older than input/mgi_gene/download.lock
## Update config/mgi_gene-mgi_allele/config.yaml => output/tsv/mgi_gene-mgi_allele.tsv
< 2026-09-05T04:14:36 mgi_gene-mgi_allele
togoid-config config/mgi_gene-mgi_allele update
# Success: output/tsv/mgi_gene-mgi_allele.tsv is updated
> 2026-09-05T04:14:37 mgi_gene-mgi_allele
Rule for TSV (output/tsv/mgi_gene-mgi_allele.tsv)
------------------------------
Investigating output/tsv/mgi_gene-mgi_allele.tsv
class: Rake::FileTask
task needed: true
timestamp: 2026-09-05 04:14:37 +0900
pre-requisites: 
--output/tsv/ (<EARLY TIME>)
--prepare:mgi_gene (2026-09-05 04:14:37 +0900)
latest-prerequisite time: 2026-09-05 04:14:37 +0900
................................

### Update TSV for mgi_gene-ncbigene if check_tsv_filesize false or check_config_timestamp false or check_tsv_timestamp true
# File output/tsv/mgi_gene-ncbigene.tsv is newer than config/mgi_gene-ncbigene/config.yaml
# File output/tsv/mgi_gene-ncbigene.tsv is older than input/mgi_gene/download.lock
## Update config/mgi_gene-ncbigene/config.yaml => output/tsv/mgi_gene-ncbigene.tsv
< 2026-09-05T04:14:37 mgi_gene-ncbigene
togoid-config config/mgi_gene-ncbigene update
# Success: output/tsv/mgi_gene-ncbigene.tsv is updated
> 2026-09-05T04:14:38 mgi_gene-ncbigene
Rule for TSV (output/tsv/mgi_gene-ncbigene.tsv)
------------------------------
Investigating output/tsv/mgi_gene-ncbigene.tsv
class: Rake::FileTask
task needed: true
timestamp: 2026-09-05 04:14:38 +0900
pre-requisites: 
--output/tsv/ (<EARLY TIME>)
--prepare:mgi_gene (2026-09-05 04:14:38 +0900)
latest-prerequisite time: 2026-09-05 04:14:38 +0900
................................

### Update TSV for mgi_gene-uniprot if check_tsv_filesize false or check_config_timestamp false or check_tsv_timestamp true
# File output/tsv/mgi_gene-uniprot.tsv is newer than config/mgi_gene-uniprot/config.yaml
# File output/tsv/mgi_gene-uniprot.tsv is older than input/mgi_gene/download.lock
## Update config/mgi_gene-uniprot/config.yaml => output/tsv/mgi_gene-uniprot.tsv
< 2026-09-05T04:14:38 mgi_gene-uniprot
togoid-config config/mgi_gene-uniprot update
# Success: output/tsv/mgi_gene-uniprot.tsv is updated
> 2026-09-05T04:14:38 mgi_gene-uniprot
Rule for TSV (output/tsv/mgi_gene-uniprot.tsv)
------------------------------
Investigating output/tsv/mgi_gene-uniprot.tsv
class: Rake::FileTask
task needed: true
timestamp: 2026-09-05 04:14:38 +0900
pre-requisites: 
--output/tsv/ (<EARLY TIME>)
--prepare:mgi_gene (2026-09-05 04:14:38 +0900)
latest-prerequisite time: 2026-09-05 04:14:38 +0900
................................

### Update TSV for mgi_genotype-doid if check_tsv_filesize false or check_config_timestamp false or check_tsv_timestamp true
# File output/tsv/mgi_genotype-doid.tsv is newer than config/mgi_genotype-doid/config.yaml
# File output/tsv/mgi_genotype-doid.tsv is older than input/mgi_genotype/download.lock
## Update config/mgi_genotype-doid/config.yaml => output/tsv/mgi_genotype-doid.tsv
< 2026-09-05T04:14:38 mgi_genotype-doid
togoid-config config/mgi_genotype-doid update
# Error: output/tsv/mgi_genotype-doid.tsv new file size per old 0 / 114278 = 0.0 < 0.5
# Error: Failed to create output/tsv/mgi_genotype-doid.tsv or created file was empty
# Failure: output/tsv/mgi_genotype-doid.tsv is not updated
> 2026-09-05T04:14:38 mgi_genotype-doid
Rule for TSV (output/tsv/mgi_genotype-doid.tsv)
------------------------------
Investigating output/tsv/mgi_genotype-doid.tsv
class: Rake::FileTask
task needed: true
timestamp: 2026-08-07 22:17:52 +0900
pre-requisites: 
--output/tsv/ (<EARLY TIME>)
--prepare:mgi_genotype (2026-09-05 04:14:38 +0900)
latest-prerequisite time: 2026-09-05 04:14:38 +0900
................................

### Update TSV for mgi_genotype-mgi_allele if check_tsv_filesize false or check_config_timestamp false or check_tsv_timestamp true
# File output/tsv/mgi_genotype-mgi_allele.tsv is newer than config/mgi_genotype-mgi_allele/config.yaml
# File output/tsv/mgi_genotype-mgi_allele.tsv is older than input/mgi_genotype/download.lock
## Update config/mgi_genotype-mgi_allele/config.yaml => output/tsv/mgi_genotype-mgi_allele.tsv
< 2026-09-05T04:14:38 mgi_genotype-mgi_allele
togoid-config config/mgi_genotype-mgi_allele update
# Error: output/tsv/mgi_genotype-mgi_allele.tsv new file size per old 0 / 2005600 = 0.0 < 0.5
# Error: Failed to create output/tsv/mgi_genotype-mgi_allele.tsv or created file was empty
# Failure: output/tsv/mgi_genotype-mgi_allele.tsv is not updated
> 2026-09-05T04:14:38 mgi_genotype-mgi_allele
Rule for TSV (output/tsv/mgi_genotype-mgi_allele.tsv)
------------------------------
Investigating output/tsv/mgi_genotype-mgi_allele.tsv
class: Rake::FileTask
task needed: true
timestamp: 2026-08-07 22:17:53 +0900
pre-requisites: 
--output/tsv/ (<EARLY TIME>)
--prepare:mgi_genotype (2026-09-05 04:14:38 +0900)
latest-prerequisite time: 2026-09-05 04:14:38 +0900
................................

### Update TSV for mgi_genotype-mp if check_tsv_filesize false or check_config_timestamp false or check_tsv_timestamp true
# File output/tsv/mgi_genotype-mp.tsv is newer than config/mgi_genotype-mp/config.yaml
# File output/tsv/mgi_genotype-mp.tsv is older than input/mgi_genotype/download.lock
## Update config/mgi_genotype-mp/config.yaml => output/tsv/mgi_genotype-mp.tsv
< 2026-09-05T04:14:38 mgi_genotype-mp
togoid-config config/mgi_genotype-mp update
# Error: output/tsv/mgi_genotype-mp.tsv new file size per old 0 / 6440592 = 0.0 < 0.5
# Error: Failed to create output/tsv/mgi_genotype-mp.tsv or created file was empty
# Failure: output/tsv/mgi_genotype-mp.tsv is not updated
> 2026-09-05T04:14:38 mgi_genotype-mp
Rule for TSV (output/tsv/mgi_genotype-mp.tsv)
------------------------------
Investigating output/tsv/mgi_genotype-mp.tsv
class: Rake::FileTask
task needed: true
timestamp: 2026-08-07 22:17:55 +0900
pre-requisites: 
--output/tsv/ (<EARLY TIME>)
--prepare:mgi_genotype (2026-09-05 04:14:38 +0900)
latest-prerequisite time: 2026-09-05 04:14:38 +0900
................................

### Update TSV for mirbase-mirbase_mature if check_tsv_filesize false or check_config_timestamp false or check_tsv_timestamp true
# File output/tsv/mirbase-mirbase_mature.tsv is newer than config/mirbase-mirbase_mature/config.yaml
# File output/tsv/mirbase-mirbase_mature.tsv is older than input/mirbase/download.lock
## Update config/mirbase-mirbase_mature/config.yaml => output/tsv/mirbase-mirbase_mature.tsv
< 2026-09-05T04:14:38 mirbase-mirbase_mature
togoid-config config/mirbase-mirbase_mature update
# Success: output/tsv/mirbase-mirbase_mature.tsv is updated
> 2026-09-05T04:14:38 mirbase-mirbase_mature
Rule for TSV (output/tsv/mirbase-mirbase_mature.tsv)
------------------------------
Investigating output/tsv/mirbase-mirbase_mature.tsv
class: Rake::FileTask
task needed: true
timestamp: 2026-09-05 04:14:38 +0900
pre-requisites: 
--output/tsv/ (<EARLY TIME>)
--prepare:mirbase (2026-09-05 04:14:38 +0900)
latest-prerequisite time: 2026-09-05 04:14:38 +0900
................................

### Update TSV for mondo-doid if check_tsv_filesize false or check_config_timestamp false or check_tsv_timestamp true
# File output/tsv/mondo-doid.tsv is newer than config/mondo-doid/config.yaml
# File output/tsv/mondo-doid.tsv has no timestamp file
# File output/tsv/mondo-doid.tsv is created 7.258933503495451 days ago (will be updated when >5 days)
## Update config/mondo-doid/config.yaml => output/tsv/mondo-doid.tsv
< 2026-09-05T04:14:38 mondo-doid
togoid-config config/mondo-doid update
# Success: output/tsv/mondo-doid.tsv is updated
> 2026-09-05T04:14:39 mondo-doid
Rule for TSV (output/tsv/mondo-doid.tsv)
------------------------------
Investigating output/tsv/mondo-doid.tsv
class: Rake::FileTask
task needed: false
timestamp: 2026-09-05 04:14:39 +0900
pre-requisites: 
--output/tsv/ (<EARLY TIME>)
--input/update.txt (2026-09-05 02:59:40 +0900)
latest-prerequisite time: 2026-09-05 02:59:40 +0900
................................

### Update TSV for mondo-efo_disease if check_tsv_filesize false or check_config_timestamp false or check_tsv_timestamp true
# File output/tsv/mondo-efo_disease.tsv is newer than config/mondo-efo_disease/config.yaml
# File output/tsv/mondo-efo_disease.tsv has no timestamp file
# File output/tsv/mondo-efo_disease.tsv is created 7.258933693518738 days ago (will be updated when >5 days)
## Update config/mondo-efo_disease/config.yaml => output/tsv/mondo-efo_disease.tsv
< 2026-09-05T04:14:39 mondo-efo_disease
togoid-config config/mondo-efo_disease update
# Success: output/tsv/mondo-efo_disease.tsv is updated
> 2026-09-05T04:14:39 mondo-efo_disease
Rule for TSV (output/tsv/mondo-efo_disease.tsv)
------------------------------
Investigating output/tsv/mondo-efo_disease.tsv
class: Rake::FileTask
task needed: false
timestamp: 2026-09-05 04:14:39 +0900
pre-requisites: 
--output/tsv/ (<EARLY TIME>)
--input/update.txt (2026-09-05 02:59:40 +0900)
latest-prerequisite time: 2026-09-05 02:59:40 +0900
................................

### Update TSV for mondo-hp_phenotype if check_tsv_filesize false or check_config_timestamp false or check_tsv_timestamp true
# File output/tsv/mondo-hp_phenotype.tsv is newer than config/mondo-hp_phenotype/config.yaml
# File output/tsv/mondo-hp_phenotype.tsv has no timestamp file
# File output/tsv/mondo-hp_phenotype.tsv is created 7.258933782834607 days ago (will be updated when >5 days)
## Update config/mondo-hp_phenotype/config.yaml => output/tsv/mondo-hp_phenotype.tsv
< 2026-09-05T04:14:39 mondo-hp_phenotype
togoid-config config/mondo-hp_phenotype update
# Success: output/tsv/mondo-hp_phenotype.tsv is updated
> 2026-09-05T04:14:39 mondo-hp_phenotype
Rule for TSV (output/tsv/mondo-hp_phenotype.tsv)
------------------------------
Investigating output/tsv/mondo-hp_phenotype.tsv
class: Rake::FileTask
task needed: false
timestamp: 2026-09-05 04:14:39 +0900
pre-requisites: 
--output/tsv/ (<EARLY TIME>)
--input/update.txt (2026-09-05 02:59:40 +0900)
latest-prerequisite time: 2026-09-05 02:59:40 +0900
................................

### Update TSV for mondo-meddra if check_tsv_filesize false or check_config_timestamp false or check_tsv_timestamp true
# File output/tsv/mondo-meddra.tsv is newer than config/mondo-meddra/config.yaml
# File output/tsv/mondo-meddra.tsv has no timestamp file
# File output/tsv/mondo-meddra.tsv is created 7.25893375777265 days ago (will be updated when >5 days)
## Update config/mondo-meddra/config.yaml => output/tsv/mondo-meddra.tsv
< 2026-09-05T04:14:39 mondo-meddra
togoid-config config/mondo-meddra update
# Success: output/tsv/mondo-meddra.tsv is updated
> 2026-09-05T04:14:39 mondo-meddra
Rule for TSV (output/tsv/mondo-meddra.tsv)
------------------------------
Investigating output/tsv/mondo-meddra.tsv
class: Rake::FileTask
task needed: false
timestamp: 2026-09-05 04:14:39 +0900
pre-requisites: 
--output/tsv/ (<EARLY TIME>)
--input/update.txt (2026-09-05 02:59:40 +0900)
latest-prerequisite time: 2026-09-05 02:59:40 +0900
................................

### Update TSV for mondo-mesh if check_tsv_filesize false or check_config_timestamp false or check_tsv_timestamp true
# File output/tsv/mondo-mesh.tsv is newer than config/mondo-mesh/config.yaml
# File output/tsv/mondo-mesh.tsv has no timestamp file
# File output/tsv/mondo-mesh.tsv is created 7.258933736643402 days ago (will be updated when >5 days)
## Update config/mondo-mesh/config.yaml => output/tsv/mondo-mesh.tsv
< 2026-09-05T04:14:39 mondo-mesh
togoid-config config/mondo-mesh update
# Success: output/tsv/mondo-mesh.tsv is updated
> 2026-09-05T04:14:39 mondo-mesh
Rule for TSV (output/tsv/mondo-mesh.tsv)
------------------------------
Investigating output/tsv/mondo-mesh.tsv
class: Rake::FileTask
task needed: false
timestamp: 2026-09-05 04:14:39 +0900
pre-requisites: 
--output/tsv/ (<EARLY TIME>)
--input/update.txt (2026-09-05 02:59:40 +0900)
latest-prerequisite time: 2026-09-05 02:59:40 +0900
................................

### Update TSV for mondo-ncit_disease if check_tsv_filesize false or check_config_timestamp false or check_tsv_timestamp true
# File output/tsv/mondo-ncit_disease.tsv is newer than config/mondo-ncit_disease/config.yaml
# File output/tsv/mondo-ncit_disease.tsv has no timestamp file
# File output/tsv/mondo-ncit_disease.tsv is created 7.2589317765680095 days ago (will be updated when >5 days)
## Update config/mondo-ncit_disease/config.yaml => output/tsv/mondo-ncit_disease.tsv
< 2026-09-05T04:14:39 mondo-ncit_disease
togoid-config config/mondo-ncit_disease update
# Success: output/tsv/mondo-ncit_disease.tsv is updated
> 2026-09-05T04:14:39 mondo-ncit_disease
Rule for TSV (output/tsv/mondo-ncit_disease.tsv)
------------------------------
Investigating output/tsv/mondo-ncit_disease.tsv
class: Rake::FileTask
task needed: false
timestamp: 2026-09-05 04:14:39 +0900
pre-requisites: 
--output/tsv/ (<EARLY TIME>)
--input/update.txt (2026-09-05 02:59:40 +0900)
latest-prerequisite time: 2026-09-05 02:59:40 +0900
................................

### Update TSV for mondo-omim_phenotype if check_tsv_filesize false or check_config_timestamp false or check_tsv_timestamp true
# File output/tsv/mondo-omim_phenotype.tsv is newer than config/mondo-omim_phenotype/config.yaml
# File output/tsv/mondo-omim_phenotype.tsv has no timestamp file
# File output/tsv/mondo-omim_phenotype.tsv is created 7.2589311560371295 days ago (will be updated when >5 days)
## Update config/mondo-omim_phenotype/config.yaml => output/tsv/mondo-omim_phenotype.tsv
< 2026-09-05T04:14:39 mondo-omim_phenotype
togoid-config config/mondo-omim_phenotype update
# Success: output/tsv/mondo-omim_phenotype.tsv is updated
> 2026-09-05T04:14:40 mondo-omim_phenotype
Rule for TSV (output/tsv/mondo-omim_phenotype.tsv)
------------------------------
Investigating output/tsv/mondo-omim_phenotype.tsv
class: Rake::FileTask
task needed: false
timestamp: 2026-09-05 04:14:40 +0900
pre-requisites: 
--output/tsv/ (<EARLY TIME>)
--input/update.txt (2026-09-05 02:59:40 +0900)
latest-prerequisite time: 2026-09-05 02:59:40 +0900
................................

### Update TSV for mondo-orphanet_phenotype if check_tsv_filesize false or check_config_timestamp false or check_tsv_timestamp true
# File output/tsv/mondo-orphanet_phenotype.tsv is newer than config/mondo-orphanet_phenotype/config.yaml
# File output/tsv/mondo-orphanet_phenotype.tsv has no timestamp file
# File output/tsv/mondo-orphanet_phenotype.tsv is created 7.258931205122014 days ago (will be updated when >5 days)
## Update config/mondo-orphanet_phenotype/config.yaml => output/tsv/mondo-orphanet_phenotype.tsv
< 2026-09-05T04:14:40 mondo-orphanet_phenotype
togoid-config config/mondo-orphanet_phenotype update
# Success: output/tsv/mondo-orphanet_phenotype.tsv is updated
> 2026-09-05T04:14:40 mondo-orphanet_phenotype
Rule for TSV (output/tsv/mondo-orphanet_phenotype.tsv)
------------------------------
Investigating output/tsv/mondo-orphanet_phenotype.tsv
class: Rake::FileTask
task needed: false
timestamp: 2026-09-05 04:14:40 +0900
pre-requisites: 
--output/tsv/ (<EARLY TIME>)
--input/update.txt (2026-09-05 02:59:40 +0900)
latest-prerequisite time: 2026-09-05 02:59:40 +0900
................................

### Update TSV for nando-hp_phenotype if check_tsv_filesize false or check_config_timestamp false or check_tsv_timestamp true
# File output/tsv/nando-hp_phenotype.tsv is newer than config/nando-hp_phenotype/config.yaml
# File output/tsv/nando-hp_phenotype.tsv has no timestamp file
# File output/tsv/nando-hp_phenotype.tsv is created 7.258916555221666 days ago (will be updated when >5 days)
## Update config/nando-hp_phenotype/config.yaml => output/tsv/nando-hp_phenotype.tsv
< 2026-09-05T04:14:40 nando-hp_phenotype
togoid-config config/nando-hp_phenotype update
# Success: output/tsv/nando-hp_phenotype.tsv is updated
> 2026-09-05T04:14:41 nando-hp_phenotype
Rule for TSV (output/tsv/nando-hp_phenotype.tsv)
------------------------------
Investigating output/tsv/nando-hp_phenotype.tsv
class: Rake::FileTask
task needed: false
timestamp: 2026-09-05 04:14:41 +0900
pre-requisites: 
--output/tsv/ (<EARLY TIME>)
--input/update.txt (2026-09-05 02:59:40 +0900)
latest-prerequisite time: 2026-09-05 02:59:40 +0900
................................

### Update TSV for nando-mondo if check_tsv_filesize false or check_config_timestamp false or check_tsv_timestamp true
# File output/tsv/nando-mondo.tsv is newer than config/nando-mondo/config.yaml
# File output/tsv/nando-mondo.tsv has no timestamp file
# File output/tsv/nando-mondo.tsv is created 7.258929204109768 days ago (will be updated when >5 days)
## Update config/nando-mondo/config.yaml => output/tsv/nando-mondo.tsv
< 2026-09-05T04:14:41 nando-mondo
togoid-config config/nando-mondo update
# Success: output/tsv/nando-mondo.tsv is updated
> 2026-09-05T04:14:41 nando-mondo
Rule for TSV (output/tsv/nando-mondo.tsv)
------------------------------
Investigating output/tsv/nando-mondo.tsv
class: Rake::FileTask
task needed: false
timestamp: 2026-09-05 04:14:41 +0900
pre-requisites: 
--output/tsv/ (<EARLY TIME>)
--input/update.txt (2026-09-05 02:59:40 +0900)
latest-prerequisite time: 2026-09-05 02:59:40 +0900
................................

### Update TSV for nando-nbdc_human_db if check_tsv_filesize false or check_config_timestamp false or check_tsv_timestamp true
# File output/tsv/nando-nbdc_human_db.tsv is newer than config/nando-nbdc_human_db/config.yaml
# File output/tsv/nando-nbdc_human_db.tsv has no timestamp file
# File output/tsv/nando-nbdc_human_db.tsv is created 7.258929776431632 days ago (will be updated when >5 days)
## Update config/nando-nbdc_human_db/config.yaml => output/tsv/nando-nbdc_human_db.tsv
< 2026-09-05T04:14:41 nando-nbdc_human_db
togoid-config config/nando-nbdc_human_db update
# Success: output/tsv/nando-nbdc_human_db.tsv is updated
> 2026-09-05T04:14:42 nando-nbdc_human_db
Rule for TSV (output/tsv/nando-nbdc_human_db.tsv)
------------------------------
Investigating output/tsv/nando-nbdc_human_db.tsv
class: Rake::FileTask
task needed: false
timestamp: 2026-09-05 04:14:42 +0900
pre-requisites: 
--output/tsv/ (<EARLY TIME>)
--input/update.txt (2026-09-05 02:59:40 +0900)
latest-prerequisite time: 2026-09-05 02:59:40 +0900
................................

### Update TSV for nando-ncbigene if check_tsv_filesize false or check_config_timestamp false or check_tsv_timestamp true
# File output/tsv/nando-ncbigene.tsv is newer than config/nando-ncbigene/config.yaml
# File output/tsv/nando-ncbigene.tsv has no timestamp file
# File output/tsv/nando-ncbigene.tsv is created 7.2589289276925575 days ago (will be updated when >5 days)
## Update config/nando-ncbigene/config.yaml => output/tsv/nando-ncbigene.tsv
< 2026-09-05T04:14:42 nando-ncbigene
togoid-config config/nando-ncbigene update
# Success: output/tsv/nando-ncbigene.tsv is updated
> 2026-09-05T04:14:42 nando-ncbigene
Rule for TSV (output/tsv/nando-ncbigene.tsv)
------------------------------
Investigating output/tsv/nando-ncbigene.tsv
class: Rake::FileTask
task needed: false
timestamp: 2026-09-05 04:14:42 +0900
pre-requisites: 
--output/tsv/ (<EARLY TIME>)
--input/update.txt (2026-09-05 02:59:40 +0900)
latest-prerequisite time: 2026-09-05 02:59:40 +0900
................................

### Update TSV for ncbigene-ensembl_gene if check_tsv_filesize false or check_config_timestamp false or check_tsv_timestamp true
# File output/tsv/ncbigene-ensembl_gene.tsv is newer than config/ncbigene-ensembl_gene/config.yaml
# File output/tsv/ncbigene-ensembl_gene.tsv is older than input/ncbigene/download.lock
## Update config/ncbigene-ensembl_gene/config.yaml => output/tsv/ncbigene-ensembl_gene.tsv
< 2026-09-05T04:14:42 ncbigene-ensembl_gene
togoid-config config/ncbigene-ensembl_gene update
# Success: output/tsv/ncbigene-ensembl_gene.tsv is updated
> 2026-09-05T04:15:18 ncbigene-ensembl_gene
Rule for TSV (output/tsv/ncbigene-ensembl_gene.tsv)
------------------------------
Investigating output/tsv/ncbigene-ensembl_gene.tsv
class: Rake::FileTask
task needed: true
timestamp: 2026-09-05 04:15:18 +0900
pre-requisites: 
--output/tsv/ (<EARLY TIME>)
--prepare:ncbigene (2026-09-05 04:15:18 +0900)
latest-prerequisite time: 2026-09-05 04:15:18 +0900
................................

### Update TSV for ncbigene-ensembl_protein if check_tsv_filesize false or check_config_timestamp false or check_tsv_timestamp true
# File output/tsv/ncbigene-ensembl_protein.tsv is newer than config/ncbigene-ensembl_protein/config.yaml
# File output/tsv/ncbigene-ensembl_protein.tsv is older than input/ncbigene/download.lock
## Update config/ncbigene-ensembl_protein/config.yaml => output/tsv/ncbigene-ensembl_protein.tsv
< 2026-09-05T04:15:18 ncbigene-ensembl_protein
togoid-config config/ncbigene-ensembl_protein update
# Success: output/tsv/ncbigene-ensembl_protein.tsv is updated
> 2026-09-05T04:16:33 ncbigene-ensembl_protein
Rule for TSV (output/tsv/ncbigene-ensembl_protein.tsv)
------------------------------
Investigating output/tsv/ncbigene-ensembl_protein.tsv
class: Rake::FileTask
task needed: true
timestamp: 2026-09-05 04:16:33 +0900
pre-requisites: 
--output/tsv/ (<EARLY TIME>)
--prepare:ncbigene (2026-09-05 04:16:33 +0900)
latest-prerequisite time: 2026-09-05 04:16:33 +0900
................................

### Update TSV for ncbigene-ensembl_transcript if check_tsv_filesize false or check_config_timestamp false or check_tsv_timestamp true
# File output/tsv/ncbigene-ensembl_transcript.tsv is newer than config/ncbigene-ensembl_transcript/config.yaml
# File output/tsv/ncbigene-ensembl_transcript.tsv is older than input/ncbigene/download.lock
## Update config/ncbigene-ensembl_transcript/config.yaml => output/tsv/ncbigene-ensembl_transcript.tsv
< 2026-09-05T04:16:33 ncbigene-ensembl_transcript
togoid-config config/ncbigene-ensembl_transcript update
# Success: output/tsv/ncbigene-ensembl_transcript.tsv is updated
> 2026-09-05T04:17:42 ncbigene-ensembl_transcript
Rule for TSV (output/tsv/ncbigene-ensembl_transcript.tsv)
------------------------------
Investigating output/tsv/ncbigene-ensembl_transcript.tsv
class: Rake::FileTask
task needed: true
timestamp: 2026-09-05 04:17:42 +0900
pre-requisites: 
--output/tsv/ (<EARLY TIME>)
--prepare:ncbigene (2026-09-05 04:17:42 +0900)
latest-prerequisite time: 2026-09-05 04:17:42 +0900
................................

### Update TSV for ncbigene-flybase_gene if check_tsv_filesize false or check_config_timestamp false or check_tsv_timestamp true
# File output/tsv/ncbigene-flybase_gene.tsv is newer than config/ncbigene-flybase_gene/config.yaml
# File output/tsv/ncbigene-flybase_gene.tsv is older than input/ncbigene/download.lock
## Update config/ncbigene-flybase_gene/config.yaml => output/tsv/ncbigene-flybase_gene.tsv
< 2026-09-05T04:17:42 ncbigene-flybase_gene
togoid-config config/ncbigene-flybase_gene update
# Success: output/tsv/ncbigene-flybase_gene.tsv is updated
> 2026-09-05T04:19:09 ncbigene-flybase_gene
Rule for TSV (output/tsv/ncbigene-flybase_gene.tsv)
------------------------------
Investigating output/tsv/ncbigene-flybase_gene.tsv
class: Rake::FileTask
task needed: true
timestamp: 2026-09-05 04:19:09 +0900
pre-requisites: 
--output/tsv/ (<EARLY TIME>)
--prepare:ncbigene (2026-09-05 04:19:09 +0900)
latest-prerequisite time: 2026-09-05 04:19:09 +0900
................................

### Update TSV for ncbigene-go if check_tsv_filesize false or check_config_timestamp false or check_tsv_timestamp true
# File output/tsv/ncbigene-go.tsv is newer than config/ncbigene-go/config.yaml
# File output/tsv/ncbigene-go.tsv is older than input/ncbigene/download.lock
## Update config/ncbigene-go/config.yaml => output/tsv/ncbigene-go.tsv
< 2026-09-05T04:19:09 ncbigene-go
togoid-config config/ncbigene-go update
# Success: output/tsv/ncbigene-go.tsv is updated
> 2026-09-05T04:25:31 ncbigene-go
Rule for TSV (output/tsv/ncbigene-go.tsv)
------------------------------
Investigating output/tsv/ncbigene-go.tsv
class: Rake::FileTask
task needed: true
timestamp: 2026-09-05 04:25:31 +0900
pre-requisites: 
--output/tsv/ (<EARLY TIME>)
--prepare:ncbigene (2026-09-05 04:25:31 +0900)
latest-prerequisite time: 2026-09-05 04:25:31 +0900
................................

### Update TSV for ncbigene-hgnc if check_tsv_filesize false or check_config_timestamp false or check_tsv_timestamp true
# File output/tsv/ncbigene-hgnc.tsv is newer than config/ncbigene-hgnc/config.yaml
# File output/tsv/ncbigene-hgnc.tsv is older than input/ncbigene/download.lock
## Update config/ncbigene-hgnc/config.yaml => output/tsv/ncbigene-hgnc.tsv
< 2026-09-05T04:25:31 ncbigene-hgnc
togoid-config config/ncbigene-hgnc update
# Success: output/tsv/ncbigene-hgnc.tsv is updated
> 2026-09-05T04:25:31 ncbigene-hgnc
Rule for TSV (output/tsv/ncbigene-hgnc.tsv)
------------------------------
Investigating output/tsv/ncbigene-hgnc.tsv
class: Rake::FileTask
task needed: true
timestamp: 2026-09-05 04:25:31 +0900
pre-requisites: 
--output/tsv/ (<EARLY TIME>)
--prepare:ncbigene (2026-09-05 04:25:31 +0900)
latest-prerequisite time: 2026-09-05 04:25:31 +0900
................................

### Update TSV for ncbigene-mgi_gene if check_tsv_filesize false or check_config_timestamp false or check_tsv_timestamp true
# File output/tsv/ncbigene-mgi_gene.tsv is newer than config/ncbigene-mgi_gene/config.yaml
# File output/tsv/ncbigene-mgi_gene.tsv is older than input/ncbigene/download.lock
## Update config/ncbigene-mgi_gene/config.yaml => output/tsv/ncbigene-mgi_gene.tsv
< 2026-09-05T04:25:31 ncbigene-mgi_gene
togoid-config config/ncbigene-mgi_gene update
# Success: output/tsv/ncbigene-mgi_gene.tsv is updated
> 2026-09-05T04:26:45 ncbigene-mgi_gene
Rule for TSV (output/tsv/ncbigene-mgi_gene.tsv)
------------------------------
Investigating output/tsv/ncbigene-mgi_gene.tsv
class: Rake::FileTask
task needed: true
timestamp: 2026-09-05 04:26:45 +0900
pre-requisites: 
--output/tsv/ (<EARLY TIME>)
--prepare:ncbigene (2026-09-05 04:26:45 +0900)
latest-prerequisite time: 2026-09-05 04:26:45 +0900
................................

### Update TSV for ncbigene-mirbase if check_tsv_filesize false or check_config_timestamp false or check_tsv_timestamp true
# File output/tsv/ncbigene-mirbase.tsv is newer than config/ncbigene-mirbase/config.yaml
# File output/tsv/ncbigene-mirbase.tsv is older than input/ncbigene/download.lock
## Update config/ncbigene-mirbase/config.yaml => output/tsv/ncbigene-mirbase.tsv
< 2026-09-05T04:26:45 ncbigene-mirbase
togoid-config config/ncbigene-mirbase update
# Success: output/tsv/ncbigene-mirbase.tsv is updated
> 2026-09-05T04:28:45 ncbigene-mirbase
Rule for TSV (output/tsv/ncbigene-mirbase.tsv)
------------------------------
Investigating output/tsv/ncbigene-mirbase.tsv
class: Rake::FileTask
task needed: true
timestamp: 2026-09-05 04:28:45 +0900
pre-requisites: 
--output/tsv/ (<EARLY TIME>)
--prepare:ncbigene (2026-09-05 04:28:45 +0900)
latest-prerequisite time: 2026-09-05 04:28:45 +0900
................................

### Update TSV for ncbigene-omim_gene if check_tsv_filesize false or check_config_timestamp false or check_tsv_timestamp true
# File output/tsv/ncbigene-omim_gene.tsv is newer than config/ncbigene-omim_gene/config.yaml
# File output/tsv/ncbigene-omim_gene.tsv is older than input/ncbigene/download.lock
## Update config/ncbigene-omim_gene/config.yaml => output/tsv/ncbigene-omim_gene.tsv
< 2026-09-05T04:28:45 ncbigene-omim_gene
togoid-config config/ncbigene-omim_gene update
# Success: output/tsv/ncbigene-omim_gene.tsv is updated
> 2026-09-05T04:28:45 ncbigene-omim_gene
Rule for TSV (output/tsv/ncbigene-omim_gene.tsv)
------------------------------
Investigating output/tsv/ncbigene-omim_gene.tsv
class: Rake::FileTask
task needed: true
timestamp: 2026-09-05 04:28:45 +0900
pre-requisites: 
--output/tsv/ (<EARLY TIME>)
--prepare:ncbigene (2026-09-05 04:28:45 +0900)
latest-prerequisite time: 2026-09-05 04:28:45 +0900
................................

### Update TSV for ncbigene-refseq_genomic if check_tsv_filesize false or check_config_timestamp false or check_tsv_timestamp true
# File output/tsv/ncbigene-refseq_genomic.tsv is newer than config/ncbigene-refseq_genomic/config.yaml
# File output/tsv/ncbigene-refseq_genomic.tsv is older than input/ncbigene/download.lock
## Update config/ncbigene-refseq_genomic/config.yaml => output/tsv/ncbigene-refseq_genomic.tsv
< 2026-09-05T04:28:46 ncbigene-refseq_genomic
togoid-config config/ncbigene-refseq_genomic update
# Success: output/tsv/ncbigene-refseq_genomic.tsv is updated
> 2026-09-05T04:33:18 ncbigene-refseq_genomic
Rule for TSV (output/tsv/ncbigene-refseq_genomic.tsv)
------------------------------
Investigating output/tsv/ncbigene-refseq_genomic.tsv
class: Rake::FileTask
task needed: true
timestamp: 2026-09-05 04:33:18 +0900
pre-requisites: 
--output/tsv/ (<EARLY TIME>)
--prepare:ncbigene (2026-09-05 04:33:18 +0900)
latest-prerequisite time: 2026-09-05 04:33:18 +0900
................................

### Update TSV for ncbigene-refseq_protein if check_tsv_filesize false or check_config_timestamp false or check_tsv_timestamp true
# File output/tsv/ncbigene-refseq_protein.tsv is newer than config/ncbigene-refseq_protein/config.yaml
# File output/tsv/ncbigene-refseq_protein.tsv is older than input/ncbigene/download.lock
## Update config/ncbigene-refseq_protein/config.yaml => output/tsv/ncbigene-refseq_protein.tsv
< 2026-09-05T04:33:18 ncbigene-refseq_protein
togoid-config config/ncbigene-refseq_protein update
# Success: output/tsv/ncbigene-refseq_protein.tsv is updated
> 2026-09-05T04:38:35 ncbigene-refseq_protein
Rule for TSV (output/tsv/ncbigene-refseq_protein.tsv)
------------------------------
Investigating output/tsv/ncbigene-refseq_protein.tsv
class: Rake::FileTask
task needed: true
timestamp: 2026-09-05 04:38:35 +0900
pre-requisites: 
--output/tsv/ (<EARLY TIME>)
--prepare:ncbigene (2026-09-05 04:38:35 +0900)
latest-prerequisite time: 2026-09-05 04:38:35 +0900
................................

### Update TSV for ncbigene-refseq_rna if check_tsv_filesize false or check_config_timestamp false or check_tsv_timestamp true
# File output/tsv/ncbigene-refseq_rna.tsv is newer than config/ncbigene-refseq_rna/config.yaml
# File output/tsv/ncbigene-refseq_rna.tsv is older than input/ncbigene/download.lock
## Update config/ncbigene-refseq_rna/config.yaml => output/tsv/ncbigene-refseq_rna.tsv
< 2026-09-05T04:38:35 ncbigene-refseq_rna
togoid-config config/ncbigene-refseq_rna update
# Success: output/tsv/ncbigene-refseq_rna.tsv is updated
> 2026-09-05T04:43:07 ncbigene-refseq_rna
Rule for TSV (output/tsv/ncbigene-refseq_rna.tsv)
------------------------------
Investigating output/tsv/ncbigene-refseq_rna.tsv
class: Rake::FileTask
task needed: true
timestamp: 2026-09-05 04:43:07 +0900
pre-requisites: 
--output/tsv/ (<EARLY TIME>)
--prepare:ncbigene (2026-09-05 04:43:07 +0900)
latest-prerequisite time: 2026-09-05 04:43:07 +0900
................................

### Update TSV for ncbigene-rgd if check_tsv_filesize false or check_config_timestamp false or check_tsv_timestamp true
# File output/tsv/ncbigene-rgd.tsv is newer than config/ncbigene-rgd/config.yaml
# File output/tsv/ncbigene-rgd.tsv is older than input/ncbigene/download.lock
## Update config/ncbigene-rgd/config.yaml => output/tsv/ncbigene-rgd.tsv
< 2026-09-05T04:43:07 ncbigene-rgd
togoid-config config/ncbigene-rgd update
# Success: output/tsv/ncbigene-rgd.tsv is updated
> 2026-09-05T04:44:20 ncbigene-rgd
Rule for TSV (output/tsv/ncbigene-rgd.tsv)
------------------------------
Investigating output/tsv/ncbigene-rgd.tsv
class: Rake::FileTask
task needed: true
timestamp: 2026-09-05 04:44:20 +0900
pre-requisites: 
--output/tsv/ (<EARLY TIME>)
--prepare:ncbigene (2026-09-05 04:44:20 +0900)
latest-prerequisite time: 2026-09-05 04:44:20 +0900
................................

### Update TSV for ncbigene-sgd if check_tsv_filesize false or check_config_timestamp false or check_tsv_timestamp true
# File output/tsv/ncbigene-sgd.tsv is newer than config/ncbigene-sgd/config.yaml
# File output/tsv/ncbigene-sgd.tsv is older than input/ncbigene/download.lock
## Update config/ncbigene-sgd/config.yaml => output/tsv/ncbigene-sgd.tsv
< 2026-09-05T04:44:20 ncbigene-sgd
togoid-config config/ncbigene-sgd update
# Success: output/tsv/ncbigene-sgd.tsv is updated
> 2026-09-05T04:45:45 ncbigene-sgd
Rule for TSV (output/tsv/ncbigene-sgd.tsv)
------------------------------
Investigating output/tsv/ncbigene-sgd.tsv
class: Rake::FileTask
task needed: true
timestamp: 2026-09-05 04:45:45 +0900
pre-requisites: 
--output/tsv/ (<EARLY TIME>)
--prepare:ncbigene (2026-09-05 04:45:45 +0900)
latest-prerequisite time: 2026-09-05 04:45:45 +0900
................................

### Update TSV for ncbigene-tair if check_tsv_filesize false or check_config_timestamp false or check_tsv_timestamp true
# File output/tsv/ncbigene-tair.tsv is newer than config/ncbigene-tair/config.yaml
# File output/tsv/ncbigene-tair.tsv is older than input/ncbigene/download.lock
## Update config/ncbigene-tair/config.yaml => output/tsv/ncbigene-tair.tsv
< 2026-09-05T04:45:45 ncbigene-tair
togoid-config config/ncbigene-tair update
# Success: output/tsv/ncbigene-tair.tsv is updated
> 2026-09-05T04:47:10 ncbigene-tair
Rule for TSV (output/tsv/ncbigene-tair.tsv)
------------------------------
Investigating output/tsv/ncbigene-tair.tsv
class: Rake::FileTask
task needed: true
timestamp: 2026-09-05 04:47:10 +0900
pre-requisites: 
--output/tsv/ (<EARLY TIME>)
--prepare:ncbigene (2026-09-05 04:47:10 +0900)
latest-prerequisite time: 2026-09-05 04:47:10 +0900
................................

### Update TSV for ncbigene-taxonomy if check_tsv_filesize false or check_config_timestamp false or check_tsv_timestamp true
# File output/tsv/ncbigene-taxonomy.tsv is newer than config/ncbigene-taxonomy/config.yaml
# File output/tsv/ncbigene-taxonomy.tsv is older than input/ncbigene/download.lock
## Update config/ncbigene-taxonomy/config.yaml => output/tsv/ncbigene-taxonomy.tsv
< 2026-09-05T04:47:10 ncbigene-taxonomy
togoid-config config/ncbigene-taxonomy update
# Success: output/tsv/ncbigene-taxonomy.tsv is updated
> 2026-09-05T04:47:59 ncbigene-taxonomy
Rule for TSV (output/tsv/ncbigene-taxonomy.tsv)
------------------------------
Investigating output/tsv/ncbigene-taxonomy.tsv
class: Rake::FileTask
task needed: true
timestamp: 2026-09-05 04:47:59 +0900
pre-requisites: 
--output/tsv/ (<EARLY TIME>)
--prepare:ncbigene (2026-09-05 04:47:59 +0900)
latest-prerequisite time: 2026-09-05 04:47:59 +0900
................................

### Update TSV for ncbigene-vgnc if check_tsv_filesize false or check_config_timestamp false or check_tsv_timestamp true
# File output/tsv/ncbigene-vgnc.tsv is newer than config/ncbigene-vgnc/config.yaml
# File output/tsv/ncbigene-vgnc.tsv is older than input/ncbigene/download.lock
## Update config/ncbigene-vgnc/config.yaml => output/tsv/ncbigene-vgnc.tsv
< 2026-09-05T04:47:59 ncbigene-vgnc
togoid-config config/ncbigene-vgnc update
# Success: output/tsv/ncbigene-vgnc.tsv is updated
> 2026-09-05T04:49:24 ncbigene-vgnc
Rule for TSV (output/tsv/ncbigene-vgnc.tsv)
------------------------------
Investigating output/tsv/ncbigene-vgnc.tsv
class: Rake::FileTask
task needed: true
timestamp: 2026-09-05 04:49:24 +0900
pre-requisites: 
--output/tsv/ (<EARLY TIME>)
--prepare:ncbigene (2026-09-05 04:49:24 +0900)
latest-prerequisite time: 2026-09-05 04:49:24 +0900
................................

### Update TSV for ncbigene-wormbase_gene if check_tsv_filesize false or check_config_timestamp false or check_tsv_timestamp true
# File output/tsv/ncbigene-wormbase_gene.tsv is newer than config/ncbigene-wormbase_gene/config.yaml
# File output/tsv/ncbigene-wormbase_gene.tsv is older than input/ncbigene/download.lock
## Update config/ncbigene-wormbase_gene/config.yaml => output/tsv/ncbigene-wormbase_gene.tsv
< 2026-09-05T04:49:24 ncbigene-wormbase_gene
togoid-config config/ncbigene-wormbase_gene update
# Success: output/tsv/ncbigene-wormbase_gene.tsv is updated
> 2026-09-05T04:50:50 ncbigene-wormbase_gene
Rule for TSV (output/tsv/ncbigene-wormbase_gene.tsv)
------------------------------
Investigating output/tsv/ncbigene-wormbase_gene.tsv
class: Rake::FileTask
task needed: true
timestamp: 2026-09-05 04:50:50 +0900
pre-requisites: 
--output/tsv/ (<EARLY TIME>)
--prepare:ncbigene (2026-09-05 04:50:50 +0900)
latest-prerequisite time: 2026-09-05 04:50:50 +0900
................................

### Update TSV for ncbigene-xenbase_gene if check_tsv_filesize false or check_config_timestamp false or check_tsv_timestamp true
# File output/tsv/ncbigene-xenbase_gene.tsv is newer than config/ncbigene-xenbase_gene/config.yaml
# File output/tsv/ncbigene-xenbase_gene.tsv is older than input/ncbigene/download.lock
## Update config/ncbigene-xenbase_gene/config.yaml => output/tsv/ncbigene-xenbase_gene.tsv
< 2026-09-05T04:50:50 ncbigene-xenbase_gene
togoid-config config/ncbigene-xenbase_gene update
# Success: output/tsv/ncbigene-xenbase_gene.tsv is updated
> 2026-09-05T04:52:15 ncbigene-xenbase_gene
Rule for TSV (output/tsv/ncbigene-xenbase_gene.tsv)
------------------------------
Investigating output/tsv/ncbigene-xenbase_gene.tsv
class: Rake::FileTask
task needed: true
timestamp: 2026-09-05 04:52:15 +0900
pre-requisites: 
--output/tsv/ (<EARLY TIME>)
--prepare:ncbigene (2026-09-05 04:52:15 +0900)
latest-prerequisite time: 2026-09-05 04:52:15 +0900
................................

### Update TSV for ncbigene-zfin_gene if check_tsv_filesize false or check_config_timestamp false or check_tsv_timestamp true
# File output/tsv/ncbigene-zfin_gene.tsv is newer than config/ncbigene-zfin_gene/config.yaml
# File output/tsv/ncbigene-zfin_gene.tsv is older than input/ncbigene/download.lock
## Update config/ncbigene-zfin_gene/config.yaml => output/tsv/ncbigene-zfin_gene.tsv
< 2026-09-05T04:52:15 ncbigene-zfin_gene
togoid-config config/ncbigene-zfin_gene update
# Success: output/tsv/ncbigene-zfin_gene.tsv is updated
> 2026-09-05T04:53:40 ncbigene-zfin_gene
Rule for TSV (output/tsv/ncbigene-zfin_gene.tsv)
------------------------------
Investigating output/tsv/ncbigene-zfin_gene.tsv
class: Rake::FileTask
task needed: true
timestamp: 2026-09-05 04:53:40 +0900
pre-requisites: 
--output/tsv/ (<EARLY TIME>)
--prepare:ncbigene (2026-09-05 04:53:40 +0900)
latest-prerequisite time: 2026-09-05 04:53:40 +0900
................................

### Update TSV for ncit_disease-ncit_tissue if check_tsv_filesize false or check_config_timestamp false or check_tsv_timestamp true
# File output/tsv/ncit_disease-ncit_tissue.tsv is newer than config/ncit_disease-ncit_tissue/config.yaml
# File output/tsv/ncit_disease-ncit_tissue.tsv has no timestamp file
# File output/tsv/ncit_disease-ncit_tissue.tsv is created 7.258998402464109 days ago (will be updated when >5 days)
## Update config/ncit_disease-ncit_tissue/config.yaml => output/tsv/ncit_disease-ncit_tissue.tsv
< 2026-09-05T04:53:40 ncit_disease-ncit_tissue
togoid-config config/ncit_disease-ncit_tissue update
# Success: output/tsv/ncit_disease-ncit_tissue.tsv is updated
> 2026-09-05T04:53:43 ncit_disease-ncit_tissue
Rule for TSV (output/tsv/ncit_disease-ncit_tissue.tsv)
------------------------------
Investigating output/tsv/ncit_disease-ncit_tissue.tsv
class: Rake::FileTask
task needed: false
timestamp: 2026-09-05 04:53:43 +0900
pre-requisites: 
--output/tsv/ (<EARLY TIME>)
--input/update.txt (2026-09-05 02:59:40 +0900)
latest-prerequisite time: 2026-09-05 02:59:40 +0900
................................

### Update TSV for oma_protein-ensembl_gene if check_tsv_filesize false or check_config_timestamp false or check_tsv_timestamp true
# File output/tsv/oma_protein-ensembl_gene.tsv is newer than config/oma_protein-ensembl_gene/config.yaml
# File output/tsv/oma_protein-ensembl_gene.tsv is older than input/oma_protein/download.lock
## Update config/oma_protein-ensembl_gene/config.yaml => output/tsv/oma_protein-ensembl_gene.tsv
< 2026-09-05T04:53:43 oma_protein-ensembl_gene
togoid-config config/oma_protein-ensembl_gene update
Warning: Failed to retrieve taxon:9646 in loop_count:1
Warning: Failed to retrieve taxon:61819 in loop_count:1
Warning: Failed to retrieve taxon:80972 in loop_count:1
Warning: Failed to retrieve taxon:161767 in loop_count:1
Warning: Failed to retrieve taxon:8839 in loop_count:1
Warning: Failed to retrieve taxon:8840 in loop_count:1
Warning: Failed to retrieve taxon:64144 in loop_count:1
Warning: Failed to retrieve taxon:28377 in loop_count:1
Warning: Failed to retrieve taxon:37293 in loop_count:1
Warning: Failed to retrieve taxon:8154 in loop_count:1
Warning: Failed to retrieve taxon:7994 in loop_count:1
Warning: Failed to retrieve taxon:194338 in loop_count:1
Warning: Failed to retrieve taxon:9771 in loop_count:1
Warning: Failed to retrieve taxon:30522 in loop_count:1
Warning: Failed to retrieve taxon:9913 in loop_count:1
Warning: Failed to retrieve taxon:6239 in loop_count:1
Warning: Failed to retrieve taxon:9483 in loop_count:1
Warning: Failed to retrieve taxon:7868 in loop_count:1
Warning: Failed to retrieve taxon:9615 in loop_count:1
Warning: Failed to retrieve taxon:9925 in loop_count:1
Warning: Failed to retrieve taxon:1868482 in loop_count:1
Warning: Failed to retrieve taxon:37548 in loop_count:1
Warning: Failed to retrieve taxon:10141 in loop_count:1
Warning: Failed to retrieve taxon:2715852 in loop_count:1
Warning: Failed to retrieve taxon:9531 in loop_count:1
Warning: Failed to retrieve taxon:106734 in loop_count:1
Warning: Failed to retrieve taxon:9031 in loop_count:1
Warning: Failed to retrieve taxon:34839 in loop_count:1
Warning: Failed to retrieve taxon:44316 in loop_count:1
Warning: Failed to retrieve taxon:60711 in loop_count:1
Warning: Failed to retrieve taxon:9358 in loop_count:1
Warning: Failed to retrieve taxon:8478 in loop_count:1
Warning: Failed to retrieve taxon:7719 in loop_count:1
Warning: Failed to retrieve taxon:51511 in loop_count:1
Warning: Failed to retrieve taxon:336983 in loop_count:1
Warning: Failed to retrieve taxon:1196302 in loop_count:1
Warning: Failed to retrieve taxon:10029 in loop_count:1
Warning: Failed to retrieve taxon:8502 in loop_count:1
Warning: Failed to retrieve taxon:244447 in loop_count:1
Warning: Failed to retrieve taxon:630221 in loop_count:1
Warning: Failed to retrieve taxon:28743 in loop_count:1
Warning: Failed to retrieve taxon:7955 in loop_count:1
Warning: Failed to retrieve taxon:9361 in loop_count:1
Warning: Failed to retrieve taxon:13489 in loop_count:1
Warning: Failed to retrieve taxon:10020 in loop_count:1
Warning: Failed to retrieve taxon:7227 in loop_count:1
Warning: Failed to retrieve taxon:173247 in loop_count:1
Warning: Failed to retrieve taxon:9371 in loop_count:1
Warning: Failed to retrieve taxon:8005 in loop_count:1
Warning: Failed to retrieve taxon:7764 in loop_count:1
Warning: Failed to retrieve taxon:9365 in loop_count:1
Warning: Failed to retrieve taxon:8010 in loop_count:1
Warning: Failed to retrieve taxon:100819 in loop_count:1
Warning: Failed to retrieve taxon:9685 in loop_count:1
Warning: Failed to retrieve taxon:59894 in loop_count:1
Warning: Failed to retrieve taxon:885580 in loop_count:1
Warning: Failed to retrieve taxon:8049 in loop_count:1
Warning: Failed to retrieve taxon:33528 in loop_count:1
Warning: Failed to retrieve taxon:69293 in loop_count:1
Warning: Failed to retrieve taxon:9595 in loop_count:1
Warning: Failed to retrieve taxon:8153 in loop_count:1
Warning: Failed to retrieve taxon:10181 in loop_count:1
Warning: Failed to retrieve taxon:109280 in loop_count:1
Warning: Failed to retrieve taxon:9796 in loop_count:1
Warning: Failed to retrieve taxon:9606 in loop_count:1
Warning: Failed to retrieve taxon:7998 in loop_count:1
Warning: Failed to retrieve taxon:43179 in loop_count:1
Warning: Failed to retrieve taxon:51337 in loop_count:1
Warning: Failed to retrieve taxon:40217 in loop_count:1
Warning: Failed to retrieve taxon:37003 in loop_count:1
Warning: Failed to retrieve taxon:7897 in loop_count:1
Warning: Failed to retrieve taxon:7918 in loop_count:1
Warning: Failed to retrieve taxon:9785 in loop_count:1
Warning: Failed to retrieve taxon:9541 in loop_count:1
Warning: Failed to retrieve taxon:9544 in loop_count:1
Warning: Failed to retrieve taxon:9545 in loop_count:1
Warning: Failed to retrieve taxon:9568 in loop_count:1
Warning: Failed to retrieve taxon:9103 in loop_count:1
Warning: Failed to retrieve taxon:13146 in loop_count:1
Warning: Failed to retrieve taxon:30608 in loop_count:1
Warning: Failed to retrieve taxon:79684 in loop_count:1
Warning: Failed to retrieve taxon:94237 in loop_count:1
Warning: Failed to retrieve taxon:13616 in loop_count:1
Warning: Failed to retrieve taxon:10090 in loop_count:1
Warning: Failed to retrieve taxon:9669 in loop_count:1
Warning: Failed to retrieve taxon:59463 in loop_count:1
Warning: Failed to retrieve taxon:35670 in loop_count:1
Warning: Failed to retrieve taxon:1026970 in loop_count:1
Warning: Failed to retrieve taxon:32507 in loop_count:1
Warning: Failed to retrieve taxon:61853 in loop_count:1
Warning: Failed to retrieve taxon:9315 in loop_count:1
Warning: Failed to retrieve taxon:105023 in loop_count:1
Warning: Failed to retrieve taxon:9978 in loop_count:1
Warning: Failed to retrieve taxon:10160 in loop_count:1
Warning: Failed to retrieve taxon:47969 in loop_count:1
Warning: Failed to retrieve taxon:8128 in loop_count:1
Warning: Failed to retrieve taxon:9258 in loop_count:1
Warning: Failed to retrieve taxon:123683 in loop_count:1
Warning: Failed to retrieve taxon:8090 in loop_count:1
Warning: Failed to retrieve taxon:30732 in loop_count:1
Warning: Failed to retrieve taxon:30611 in loop_count:1
Warning: Failed to retrieve taxon:9689 in loop_count:1
Warning: Failed to retrieve taxon:9597 in loop_count:1
Warning: Failed to retrieve taxon:9598 in loop_count:1
Warning: Failed to retrieve taxon:9555 in loop_count:1
Warning: Failed to retrieve taxon:9157 in loop_count:1
Warning: Failed to retrieve taxon:13735 in loop_count:1
Warning: Failed to retrieve taxon:7757 in loop_count:1
Warning: Failed to retrieve taxon:9054 in loop_count:1
Warning: Failed to retrieve taxon:38626 in loop_count:1
Warning: Failed to retrieve taxon:9823 in loop_count:1
Warning: Failed to retrieve taxon:64176 in loop_count:1
Warning: Failed to retrieve taxon:48698 in loop_count:1
Warning: Failed to retrieve taxon:8081 in loop_count:1
Warning: Failed to retrieve taxon:9601 in loop_count:1
Warning: Failed to retrieve taxon:9813 in loop_count:1
Warning: Failed to retrieve taxon:379532 in loop_count:1
Warning: Failed to retrieve taxon:8673 in loop_count:1
Warning: Failed to retrieve taxon:132908 in loop_count:1
Warning: Failed to retrieve taxon:42514 in loop_count:1
Warning: Failed to retrieve taxon:9986 in loop_count:1
Warning: Failed to retrieve taxon:10116 in loop_count:1
Warning: Failed to retrieve taxon:61621 in loop_count:1
Warning: Failed to retrieve taxon:59479 in loop_count:1
Warning: Failed to retrieve taxon:61622 in loop_count:1
Warning: Failed to retrieve taxon:39432 in loop_count:1
Warning: Failed to retrieve taxon:181472 in loop_count:1
Warning: Failed to retrieve taxon:96440 in loop_count:1
Warning: Failed to retrieve taxon:8030 in loop_count:1
Warning: Failed to retrieve taxon:8032 in loop_count:1
Warning: Failed to retrieve taxon:9305 in loop_count:1
Warning: Failed to retrieve taxon:52904 in loop_count:1
Warning: Failed to retrieve taxon:9135 in loop_count:1
Warning: Failed to retrieve taxon:41447 in loop_count:1
Warning: Failed to retrieve taxon:9940 in loop_count:1
Warning: Failed to retrieve taxon:75366 in loop_count:1
Warning: Failed to retrieve taxon:42254 in loop_count:1
Warning: Failed to retrieve taxon:8175 in loop_count:1
Warning: Failed to retrieve taxon:8508 in loop_count:1
Warning: Failed to retrieve taxon:2489341 in loop_count:1
Warning: Failed to retrieve taxon:37032 in loop_count:1
Warning: Failed to retrieve taxon:59729 in loop_count:1
Warning: Failed to retrieve taxon:31033 in loop_count:1
Warning: Failed to retrieve taxon:99883 in loop_count:1
Warning: Failed to retrieve taxon:37347 in loop_count:1
Warning: Failed to retrieve taxon:9739 in loop_count:1
Warning: Failed to retrieve taxon:9643 in loop_count:1
Warning: Failed to retrieve taxon:29073 in loop_count:1
Warning: Failed to retrieve taxon:61221 in loop_count:1
Warning: Failed to retrieve taxon:30538 in loop_count:1
Warning: Failed to retrieve taxon:29139 in loop_count:1
Warning: Failed to retrieve taxon:9627 in loop_count:1
Warning: Failed to retrieve taxon:8364 in loop_count:1
Warning: Failed to retrieve taxon:8083 in loop_count:1
Warning: Failed to retrieve taxon:559292 in loop_count:1
# Error: output/tsv/oma_protein-ensembl_gene.tsv new file size per old 0 / 86222314 = 0.0 < 0.5
# Error: Failed to create output/tsv/oma_protein-ensembl_gene.tsv or created file was empty
# Failure: output/tsv/oma_protein-ensembl_gene.tsv is not updated
> 2026-09-05T04:55:36 oma_protein-ensembl_gene
Rule for TSV (output/tsv/oma_protein-ensembl_gene.tsv)
------------------------------
Investigating output/tsv/oma_protein-ensembl_gene.tsv
class: Rake::FileTask
task needed: true
timestamp: 2025-04-25 00:23:37 +0900
pre-requisites: 
--output/tsv/ (<EARLY TIME>)
--prepare:oma_protein (2026-09-05 04:55:36 +0900)
latest-prerequisite time: 2026-09-05 04:55:36 +0900
................................

### Update TSV for oma_protein-ensembl_transcript if check_tsv_filesize false or check_config_timestamp false or check_tsv_timestamp false
# File output/tsv/oma_protein-ensembl_transcript.tsv is newer than config/oma_protein-ensembl_transcript/config.yaml
# File output/tsv/oma_protein-ensembl_transcript.tsv is newer than input/oma_protein/download.lock
# => Preserving output/tsv/oma_protein-ensembl_transcript.tsv
Rule for TSV (output/tsv/oma_protein-ensembl_transcript.tsv)
------------------------------
Investigating output/tsv/oma_protein-ensembl_transcript.tsv
class: Rake::FileTask
task needed: true
timestamp: 2026-08-07 23:06:42 +0900
pre-requisites: 
--output/tsv/ (<EARLY TIME>)
--prepare:oma_protein (2026-09-05 04:55:36 +0900)
latest-prerequisite time: 2026-09-05 04:55:36 +0900
................................

### Update TSV for oma_protein-ncbigene if check_tsv_filesize false or check_config_timestamp false or check_tsv_timestamp false
# File output/tsv/oma_protein-ncbigene.tsv is newer than config/oma_protein-ncbigene/config.yaml
# File output/tsv/oma_protein-ncbigene.tsv is newer than input/oma_protein/download.lock
# => Preserving output/tsv/oma_protein-ncbigene.tsv
Rule for TSV (output/tsv/oma_protein-ncbigene.tsv)
------------------------------
Investigating output/tsv/oma_protein-ncbigene.tsv
class: Rake::FileTask
task needed: true
timestamp: 2026-08-07 23:07:23 +0900
pre-requisites: 
--output/tsv/ (<EARLY TIME>)
--prepare:oma_protein (2026-09-05 04:55:36 +0900)
latest-prerequisite time: 2026-09-05 04:55:36 +0900
................................

### Update TSV for oma_protein-uniprot if check_tsv_filesize false or check_config_timestamp false or check_tsv_timestamp false
# File output/tsv/oma_protein-uniprot.tsv is newer than config/oma_protein-uniprot/config.yaml
# File output/tsv/oma_protein-uniprot.tsv is newer than input/oma_protein/download.lock
# => Preserving output/tsv/oma_protein-uniprot.tsv
Rule for TSV (output/tsv/oma_protein-uniprot.tsv)
------------------------------
Investigating output/tsv/oma_protein-uniprot.tsv
class: Rake::FileTask
task needed: true
timestamp: 2026-08-07 23:07:31 +0900
pre-requisites: 
--output/tsv/ (<EARLY TIME>)
--prepare:oma_protein (2026-09-05 04:55:36 +0900)
latest-prerequisite time: 2026-09-05 04:55:36 +0900
................................

### Update TSV for orphanet_gene-ensembl_gene if check_tsv_filesize false or check_config_timestamp false or check_tsv_timestamp true
# File output/tsv/orphanet_gene-ensembl_gene.tsv is newer than config/orphanet_gene-ensembl_gene/config.yaml
# File output/tsv/orphanet_gene-ensembl_gene.tsv has no timestamp file
# File output/tsv/orphanet_gene-ensembl_gene.tsv is created 7.259035910136261 days ago (will be updated when >5 days)
## Update config/orphanet_gene-ensembl_gene/config.yaml => output/tsv/orphanet_gene-ensembl_gene.tsv
< 2026-09-05T04:55:36 orphanet_gene-ensembl_gene
togoid-config config/orphanet_gene-ensembl_gene update
# Success: output/tsv/orphanet_gene-ensembl_gene.tsv is updated
> 2026-09-05T04:55:36 orphanet_gene-ensembl_gene
Rule for TSV (output/tsv/orphanet_gene-ensembl_gene.tsv)
------------------------------
Investigating output/tsv/orphanet_gene-ensembl_gene.tsv
class: Rake::FileTask
task needed: false
timestamp: 2026-09-05 04:55:36 +0900
pre-requisites: 
--output/tsv/ (<EARLY TIME>)
--input/update.txt (2026-09-05 02:59:40 +0900)
latest-prerequisite time: 2026-09-05 02:59:40 +0900
................................

### Update TSV for orphanet_gene-hgnc if check_tsv_filesize false or check_config_timestamp false or check_tsv_timestamp true
# File output/tsv/orphanet_gene-hgnc.tsv is newer than config/orphanet_gene-hgnc/config.yaml
# File output/tsv/orphanet_gene-hgnc.tsv has no timestamp file
# File output/tsv/orphanet_gene-hgnc.tsv is created 7.259035972511527 days ago (will be updated when >5 days)
## Update config/orphanet_gene-hgnc/config.yaml => output/tsv/orphanet_gene-hgnc.tsv
< 2026-09-05T04:55:36 orphanet_gene-hgnc
togoid-config config/orphanet_gene-hgnc update
# Success: output/tsv/orphanet_gene-hgnc.tsv is updated
> 2026-09-05T04:55:36 orphanet_gene-hgnc
Rule for TSV (output/tsv/orphanet_gene-hgnc.tsv)
------------------------------
Investigating output/tsv/orphanet_gene-hgnc.tsv
class: Rake::FileTask
task needed: false
timestamp: 2026-09-05 04:55:36 +0900
pre-requisites: 
--output/tsv/ (<EARLY TIME>)
--input/update.txt (2026-09-05 02:59:40 +0900)
latest-prerequisite time: 2026-09-05 02:59:40 +0900
................................

### Update TSV for orphanet_gene-omim_gene if check_tsv_filesize false or check_config_timestamp false or check_tsv_timestamp true
# File output/tsv/orphanet_gene-omim_gene.tsv is newer than config/orphanet_gene-omim_gene/config.yaml
# File output/tsv/orphanet_gene-omim_gene.tsv has no timestamp file
# File output/tsv/orphanet_gene-omim_gene.tsv is created 7.259036028863761 days ago (will be updated when >5 days)
## Update config/orphanet_gene-omim_gene/config.yaml => output/tsv/orphanet_gene-omim_gene.tsv
< 2026-09-05T04:55:36 orphanet_gene-omim_gene
togoid-config config/orphanet_gene-omim_gene update
# Success: output/tsv/orphanet_gene-omim_gene.tsv is updated
> 2026-09-05T04:55:36 orphanet_gene-omim_gene
Rule for TSV (output/tsv/orphanet_gene-omim_gene.tsv)
------------------------------
Investigating output/tsv/orphanet_gene-omim_gene.tsv
class: Rake::FileTask
task needed: false
timestamp: 2026-09-05 04:55:36 +0900
pre-requisites: 
--output/tsv/ (<EARLY TIME>)
--input/update.txt (2026-09-05 02:59:40 +0900)
latest-prerequisite time: 2026-09-05 02:59:40 +0900
................................

### Update TSV for orphanet_gene-uniprot if check_tsv_filesize false or check_config_timestamp false or check_tsv_timestamp true
# File output/tsv/orphanet_gene-uniprot.tsv is newer than config/orphanet_gene-uniprot/config.yaml
# File output/tsv/orphanet_gene-uniprot.tsv has no timestamp file
# File output/tsv/orphanet_gene-uniprot.tsv is created 7.25903593771353 days ago (will be updated when >5 days)
## Update config/orphanet_gene-uniprot/config.yaml => output/tsv/orphanet_gene-uniprot.tsv
< 2026-09-05T04:55:36 orphanet_gene-uniprot
togoid-config config/orphanet_gene-uniprot update
# Success: output/tsv/orphanet_gene-uniprot.tsv is updated
> 2026-09-05T04:55:36 orphanet_gene-uniprot
Rule for TSV (output/tsv/orphanet_gene-uniprot.tsv)
------------------------------
Investigating output/tsv/orphanet_gene-uniprot.tsv
class: Rake::FileTask
task needed: false
timestamp: 2026-09-05 04:55:36 +0900
pre-requisites: 
--output/tsv/ (<EARLY TIME>)
--input/update.txt (2026-09-05 02:59:40 +0900)
latest-prerequisite time: 2026-09-05 02:59:40 +0900
................................

### Update TSV for orphanet_phenotype-meddra if check_tsv_filesize false or check_config_timestamp false or check_tsv_timestamp true
# File output/tsv/orphanet_phenotype-meddra.tsv is newer than config/orphanet_phenotype-meddra/config.yaml
# File output/tsv/orphanet_phenotype-meddra.tsv is older than input/orphanet_phenotype/download.lock
## Update config/orphanet_phenotype-meddra/config.yaml => output/tsv/orphanet_phenotype-meddra.tsv
< 2026-09-05T04:55:36 orphanet_phenotype-meddra
togoid-config config/orphanet_phenotype-meddra update
# Success: output/tsv/orphanet_phenotype-meddra.tsv is updated
> 2026-09-05T04:55:36 orphanet_phenotype-meddra
Rule for TSV (output/tsv/orphanet_phenotype-meddra.tsv)
------------------------------
Investigating output/tsv/orphanet_phenotype-meddra.tsv
class: Rake::FileTask
task needed: true
timestamp: 2026-09-05 04:55:36 +0900
pre-requisites: 
--output/tsv/ (<EARLY TIME>)
--prepare:orphanet_phenotype (2026-09-05 04:55:36 +0900)
latest-prerequisite time: 2026-09-05 04:55:36 +0900
................................

### Update TSV for orphanet_phenotype-mesh if check_tsv_filesize false or check_config_timestamp false or check_tsv_timestamp true
# File output/tsv/orphanet_phenotype-mesh.tsv is newer than config/orphanet_phenotype-mesh/config.yaml
# File output/tsv/orphanet_phenotype-mesh.tsv is older than input/orphanet_phenotype/download.lock
## Update config/orphanet_phenotype-mesh/config.yaml => output/tsv/orphanet_phenotype-mesh.tsv
< 2026-09-05T04:55:36 orphanet_phenotype-mesh
togoid-config config/orphanet_phenotype-mesh update
# Success: output/tsv/orphanet_phenotype-mesh.tsv is updated
> 2026-09-05T04:55:37 orphanet_phenotype-mesh
Rule for TSV (output/tsv/orphanet_phenotype-mesh.tsv)
------------------------------
Investigating output/tsv/orphanet_phenotype-mesh.tsv
class: Rake::FileTask
task needed: true
timestamp: 2026-09-05 04:55:37 +0900
pre-requisites: 
--output/tsv/ (<EARLY TIME>)
--prepare:orphanet_phenotype (2026-09-05 04:55:37 +0900)
latest-prerequisite time: 2026-09-05 04:55:37 +0900
................................

### Update TSV for orphanet_phenotype-omim_phenotype if check_tsv_filesize false or check_config_timestamp false or check_tsv_timestamp true
# File output/tsv/orphanet_phenotype-omim_phenotype.tsv is newer than config/orphanet_phenotype-omim_phenotype/config.yaml
# File output/tsv/orphanet_phenotype-omim_phenotype.tsv is older than input/orphanet_phenotype/download.lock
## Update config/orphanet_phenotype-omim_phenotype/config.yaml => output/tsv/orphanet_phenotype-omim_phenotype.tsv
< 2026-09-05T04:55:37 orphanet_phenotype-omim_phenotype
togoid-config config/orphanet_phenotype-omim_phenotype update
# Success: output/tsv/orphanet_phenotype-omim_phenotype.tsv is updated
> 2026-09-05T04:55:37 orphanet_phenotype-omim_phenotype
Rule for TSV (output/tsv/orphanet_phenotype-omim_phenotype.tsv)
------------------------------
Investigating output/tsv/orphanet_phenotype-omim_phenotype.tsv
class: Rake::FileTask
task needed: true
timestamp: 2026-09-05 04:55:37 +0900
pre-requisites: 
--output/tsv/ (<EARLY TIME>)
--prepare:orphanet_phenotype (2026-09-05 04:55:37 +0900)
latest-prerequisite time: 2026-09-05 04:55:37 +0900
................................

### Update TSV for orphanet_phenotype-orphanet_gene if check_tsv_filesize false or check_config_timestamp false or check_tsv_timestamp true
# File output/tsv/orphanet_phenotype-orphanet_gene.tsv is newer than config/orphanet_phenotype-orphanet_gene/config.yaml
# File output/tsv/orphanet_phenotype-orphanet_gene.tsv is older than input/orphanet_phenotype/download.lock
## Update config/orphanet_phenotype-orphanet_gene/config.yaml => output/tsv/orphanet_phenotype-orphanet_gene.tsv
< 2026-09-05T04:55:37 orphanet_phenotype-orphanet_gene
togoid-config config/orphanet_phenotype-orphanet_gene update
# Success: output/tsv/orphanet_phenotype-orphanet_gene.tsv is updated
> 2026-09-05T04:55:37 orphanet_phenotype-orphanet_gene
Rule for TSV (output/tsv/orphanet_phenotype-orphanet_gene.tsv)
------------------------------
Investigating output/tsv/orphanet_phenotype-orphanet_gene.tsv
class: Rake::FileTask
task needed: true
timestamp: 2026-09-05 04:55:37 +0900
pre-requisites: 
--output/tsv/ (<EARLY TIME>)
--prepare:orphanet_phenotype (2026-09-05 04:55:37 +0900)
latest-prerequisite time: 2026-09-05 04:55:37 +0900
................................

### Update TSV for pdb-go if check_tsv_filesize false or check_config_timestamp false or check_tsv_timestamp true
# File output/tsv/pdb-go.tsv is newer than config/pdb-go/config.yaml
# File output/tsv/pdb-go.tsv has no timestamp file
# File output/tsv/pdb-go.tsv is created 7.2590085284357055 days ago (will be updated when >5 days)
## Update config/pdb-go/config.yaml => output/tsv/pdb-go.tsv
< 2026-09-05T04:55:37 pdb-go
togoid-config config/pdb-go update
# Success: output/tsv/pdb-go.tsv is updated
> 2026-09-05T04:55:40 pdb-go
Rule for TSV (output/tsv/pdb-go.tsv)
------------------------------
Investigating output/tsv/pdb-go.tsv
class: Rake::FileTask
task needed: false
timestamp: 2026-09-05 04:55:40 +0900
pre-requisites: 
--output/tsv/ (<EARLY TIME>)
--input/update.txt (2026-09-05 02:59:40 +0900)
latest-prerequisite time: 2026-09-05 02:59:40 +0900
................................

### Update TSV for pdb-interpro if check_tsv_filesize false or check_config_timestamp false or check_tsv_timestamp true
# File output/tsv/pdb-interpro.tsv is newer than config/pdb-interpro/config.yaml
# File output/tsv/pdb-interpro.tsv has no timestamp file
# File output/tsv/pdb-interpro.tsv is created 7.259013427229109 days ago (will be updated when >5 days)
## Update config/pdb-interpro/config.yaml => output/tsv/pdb-interpro.tsv
< 2026-09-05T04:55:40 pdb-interpro
togoid-config config/pdb-interpro update
# Success: output/tsv/pdb-interpro.tsv is updated
> 2026-09-05T04:55:42 pdb-interpro
Rule for TSV (output/tsv/pdb-interpro.tsv)
------------------------------
Investigating output/tsv/pdb-interpro.tsv
class: Rake::FileTask
task needed: false
timestamp: 2026-09-05 04:55:42 +0900
pre-requisites: 
--output/tsv/ (<EARLY TIME>)
--input/update.txt (2026-09-05 02:59:40 +0900)
latest-prerequisite time: 2026-09-05 02:59:40 +0900
................................

### Update TSV for pdb-pdb_ccd if check_tsv_filesize false or check_config_timestamp false or check_tsv_timestamp true
# File output/tsv/pdb-pdb_ccd.tsv is newer than config/pdb-pdb_ccd/config.yaml
# File output/tsv/pdb-pdb_ccd.tsv has no timestamp file
# File output/tsv/pdb-pdb_ccd.tsv is created 7.259025443687072 days ago (will be updated when >5 days)
## Update config/pdb-pdb_ccd/config.yaml => output/tsv/pdb-pdb_ccd.tsv
< 2026-09-05T04:55:42 pdb-pdb_ccd
togoid-config config/pdb-pdb_ccd update
# Success: output/tsv/pdb-pdb_ccd.tsv is updated
> 2026-09-05T04:55:43 pdb-pdb_ccd
Rule for TSV (output/tsv/pdb-pdb_ccd.tsv)
------------------------------
Investigating output/tsv/pdb-pdb_ccd.tsv
class: Rake::FileTask
task needed: false
timestamp: 2026-09-05 04:55:43 +0900
pre-requisites: 
--output/tsv/ (<EARLY TIME>)
--input/update.txt (2026-09-05 02:59:40 +0900)
latest-prerequisite time: 2026-09-05 02:59:40 +0900
................................

### Update TSV for pdb-pfam if check_tsv_filesize false or check_config_timestamp false or check_tsv_timestamp true
# File output/tsv/pdb-pfam.tsv is newer than config/pdb-pfam/config.yaml
# File output/tsv/pdb-pfam.tsv has no timestamp file
# File output/tsv/pdb-pfam.tsv is created 7.259027606055301 days ago (will be updated when >5 days)
## Update config/pdb-pfam/config.yaml => output/tsv/pdb-pfam.tsv
< 2026-09-05T04:55:43 pdb-pfam
togoid-config config/pdb-pfam update
# Success: output/tsv/pdb-pfam.tsv is updated
> 2026-09-05T04:55:43 pdb-pfam
Rule for TSV (output/tsv/pdb-pfam.tsv)
------------------------------
Investigating output/tsv/pdb-pfam.tsv
class: Rake::FileTask
task needed: false
timestamp: 2026-09-05 04:55:43 +0900
pre-requisites: 
--output/tsv/ (<EARLY TIME>)
--input/update.txt (2026-09-05 02:59:40 +0900)
latest-prerequisite time: 2026-09-05 02:59:40 +0900
................................

### Update TSV for pdb-uniprot if check_tsv_filesize false or check_config_timestamp false or check_tsv_timestamp true
# File output/tsv/pdb-uniprot.tsv is newer than config/pdb-uniprot/config.yaml
# File output/tsv/pdb-uniprot.tsv has no timestamp file
# File output/tsv/pdb-uniprot.tsv is created 7.259026573810682 days ago (will be updated when >5 days)
## Update config/pdb-uniprot/config.yaml => output/tsv/pdb-uniprot.tsv
< 2026-09-05T04:55:43 pdb-uniprot
togoid-config config/pdb-uniprot update
# Success: output/tsv/pdb-uniprot.tsv is updated
> 2026-09-05T04:55:44 pdb-uniprot
Rule for TSV (output/tsv/pdb-uniprot.tsv)
------------------------------
Investigating output/tsv/pdb-uniprot.tsv
class: Rake::FileTask
task needed: false
timestamp: 2026-09-05 04:55:44 +0900
pre-requisites: 
--output/tsv/ (<EARLY TIME>)
--input/update.txt (2026-09-05 02:59:40 +0900)
latest-prerequisite time: 2026-09-05 02:59:40 +0900
................................

### Update TSV for pmc-pubmed if check_tsv_filesize false or check_config_timestamp false or check_tsv_timestamp true
# File output/tsv/pmc-pubmed.tsv is newer than config/pmc-pubmed/config.yaml
# File output/tsv/pmc-pubmed.tsv is older than input/pmc/download.lock
## Update config/pmc-pubmed/config.yaml => output/tsv/pmc-pubmed.tsv
< 2026-09-05T04:55:44 pmc-pubmed
togoid-config config/pmc-pubmed update
# Success: output/tsv/pmc-pubmed.tsv is updated
> 2026-09-05T05:01:58 pmc-pubmed
Rule for TSV (output/tsv/pmc-pubmed.tsv)
------------------------------
Investigating output/tsv/pmc-pubmed.tsv
class: Rake::FileTask
task needed: true
timestamp: 2026-09-05 05:01:58 +0900
pre-requisites: 
--output/tsv/ (<EARLY TIME>)
--prepare:pmc (2026-09-05 05:01:58 +0900)
latest-prerequisite time: 2026-09-05 05:01:58 +0900
................................

### Update TSV for prosite-prosite_prorule if check_tsv_filesize false or check_config_timestamp false or check_tsv_timestamp true
# File output/tsv/prosite-prosite_prorule.tsv is newer than config/prosite-prosite_prorule/config.yaml
# File output/tsv/prosite-prosite_prorule.tsv is older than input/prosite/download.lock
## Update config/prosite-prosite_prorule/config.yaml => output/tsv/prosite-prosite_prorule.tsv
< 2026-09-05T05:01:58 prosite-prosite_prorule
togoid-config config/prosite-prosite_prorule update
# Success: output/tsv/prosite-prosite_prorule.tsv is updated
> 2026-09-05T05:01:59 prosite-prosite_prorule
Rule for TSV (output/tsv/prosite-prosite_prorule.tsv)
------------------------------
Investigating output/tsv/prosite-prosite_prorule.tsv
class: Rake::FileTask
task needed: true
timestamp: 2026-09-05 05:01:59 +0900
pre-requisites: 
--output/tsv/ (<EARLY TIME>)
--prepare:prosite (2026-09-05 05:01:59 +0900)
latest-prerequisite time: 2026-09-05 05:01:59 +0900
................................

### Update TSV for pubchem_compound-atc if check_tsv_filesize false or check_config_timestamp false or check_tsv_timestamp true
# File output/tsv/pubchem_compound-atc.tsv is newer than config/pubchem_compound-atc/config.yaml
# File output/tsv/pubchem_compound-atc.tsv has no timestamp file
# File output/tsv/pubchem_compound-atc.tsv is created 7.259051537746007 days ago (will be updated when >5 days)
## Update config/pubchem_compound-atc/config.yaml => output/tsv/pubchem_compound-atc.tsv
< 2026-09-05T05:01:59 pubchem_compound-atc
togoid-config config/pubchem_compound-atc update
# Success: output/tsv/pubchem_compound-atc.tsv is updated
> 2026-09-05T05:01:59 pubchem_compound-atc
Rule for TSV (output/tsv/pubchem_compound-atc.tsv)
------------------------------
Investigating output/tsv/pubchem_compound-atc.tsv
class: Rake::FileTask
task needed: false
timestamp: 2026-09-05 05:01:59 +0900
pre-requisites: 
--output/tsv/ (<EARLY TIME>)
--input/update.txt (2026-09-05 02:59:40 +0900)
latest-prerequisite time: 2026-09-05 02:59:40 +0900
................................

### Update TSV for pubchem_compound-chebi if check_tsv_filesize false or check_config_timestamp false or check_tsv_timestamp true
# File output/tsv/pubchem_compound-chebi.tsv is newer than config/pubchem_compound-chebi/config.yaml
# File output/tsv/pubchem_compound-chebi.tsv has no timestamp file
# File output/tsv/pubchem_compound-chebi.tsv is created 7.259049091798727 days ago (will be updated when >5 days)
## Update config/pubchem_compound-chebi/config.yaml => output/tsv/pubchem_compound-chebi.tsv
< 2026-09-05T05:01:59 pubchem_compound-chebi
togoid-config config/pubchem_compound-chebi update
# Success: output/tsv/pubchem_compound-chebi.tsv is updated
> 2026-09-05T05:02:00 pubchem_compound-chebi
Rule for TSV (output/tsv/pubchem_compound-chebi.tsv)
------------------------------
Investigating output/tsv/pubchem_compound-chebi.tsv
class: Rake::FileTask
task needed: false
timestamp: 2026-09-05 05:02:00 +0900
pre-requisites: 
--output/tsv/ (<EARLY TIME>)
--input/update.txt (2026-09-05 02:59:40 +0900)
latest-prerequisite time: 2026-09-05 02:59:40 +0900
................................

### Update TSV for pubchem_compound-chembl_compound if check_tsv_filesize false or check_config_timestamp false or check_tsv_timestamp true
# File output/tsv/pubchem_compound-chembl_compound.tsv is newer than config/pubchem_compound-chembl_compound/config.yaml
# File output/tsv/pubchem_compound-chembl_compound.tsv has no timestamp file
# File output/tsv/pubchem_compound-chembl_compound.tsv is created 7.258998494756701 days ago (will be updated when >5 days)
## Update config/pubchem_compound-chembl_compound/config.yaml => output/tsv/pubchem_compound-chembl_compound.tsv
< 2026-09-05T05:02:00 pubchem_compound-chembl_compound
togoid-config config/pubchem_compound-chembl_compound update
# Success: output/tsv/pubchem_compound-chembl_compound.tsv is updated
> 2026-09-05T05:02:04 pubchem_compound-chembl_compound
Rule for TSV (output/tsv/pubchem_compound-chembl_compound.tsv)
------------------------------
Investigating output/tsv/pubchem_compound-chembl_compound.tsv
class: Rake::FileTask
task needed: false
timestamp: 2026-09-05 05:02:04 +0900
pre-requisites: 
--output/tsv/ (<EARLY TIME>)
--input/update.txt (2026-09-05 02:59:40 +0900)
latest-prerequisite time: 2026-09-05 02:59:40 +0900
................................

### Update TSV for pubchem_compound-drugbank if check_tsv_filesize false or check_config_timestamp false or check_tsv_timestamp true
# File output/tsv/pubchem_compound-drugbank.tsv is newer than config/pubchem_compound-drugbank/config.yaml
# File output/tsv/pubchem_compound-drugbank.tsv has no timestamp file
# File output/tsv/pubchem_compound-drugbank.tsv is created 7.259049996535312 days ago (will be updated when >5 days)
## Update config/pubchem_compound-drugbank/config.yaml => output/tsv/pubchem_compound-drugbank.tsv
< 2026-09-05T05:02:04 pubchem_compound-drugbank
togoid-config config/pubchem_compound-drugbank update
# Success: output/tsv/pubchem_compound-drugbank.tsv is updated
> 2026-09-05T05:02:05 pubchem_compound-drugbank
Rule for TSV (output/tsv/pubchem_compound-drugbank.tsv)
------------------------------
Investigating output/tsv/pubchem_compound-drugbank.tsv
class: Rake::FileTask
task needed: false
timestamp: 2026-09-05 05:02:05 +0900
pre-requisites: 
--output/tsv/ (<EARLY TIME>)
--input/update.txt (2026-09-05 02:59:40 +0900)
latest-prerequisite time: 2026-09-05 02:59:40 +0900
................................

### Update TSV for pubchem_compound-glytoucan if check_tsv_filesize false or check_config_timestamp false or check_tsv_timestamp true
# File output/tsv/pubchem_compound-glytoucan.tsv is newer than config/pubchem_compound-glytoucan/config.yaml
# File output/tsv/pubchem_compound-glytoucan.tsv has no timestamp file
# File output/tsv/pubchem_compound-glytoucan.tsv is created 7.259049627410417 days ago (will be updated when >5 days)
## Update config/pubchem_compound-glytoucan/config.yaml => output/tsv/pubchem_compound-glytoucan.tsv
< 2026-09-05T05:02:05 pubchem_compound-glytoucan
togoid-config config/pubchem_compound-glytoucan update
# Success: output/tsv/pubchem_compound-glytoucan.tsv is updated
> 2026-09-05T05:02:05 pubchem_compound-glytoucan
Rule for TSV (output/tsv/pubchem_compound-glytoucan.tsv)
------------------------------
Investigating output/tsv/pubchem_compound-glytoucan.tsv
class: Rake::FileTask
task needed: false
timestamp: 2026-09-05 05:02:05 +0900
pre-requisites: 
--output/tsv/ (<EARLY TIME>)
--input/update.txt (2026-09-05 02:59:40 +0900)
latest-prerequisite time: 2026-09-05 02:59:40 +0900
................................

### Update TSV for pubchem_compound-inchi_key if check_tsv_filesize false or check_config_timestamp false or check_tsv_timestamp true
# File output/tsv/pubchem_compound-inchi_key.tsv is newer than config/pubchem_compound-inchi_key/config.yaml
# File output/tsv/pubchem_compound-inchi_key.tsv has no timestamp file
# File output/tsv/pubchem_compound-inchi_key.tsv is created 7.254420163169282 days ago (will be updated when >5 days)
## Update config/pubchem_compound-inchi_key/config.yaml => output/tsv/pubchem_compound-inchi_key.tsv
< 2026-09-05T05:02:05 pubchem_compound-inchi_key
togoid-config config/pubchem_compound-inchi_key update
# Success: output/tsv/pubchem_compound-inchi_key.tsv is updated
> 2026-09-05T05:08:45 pubchem_compound-inchi_key
Rule for TSV (output/tsv/pubchem_compound-inchi_key.tsv)
------------------------------
Investigating output/tsv/pubchem_compound-inchi_key.tsv
class: Rake::FileTask
task needed: false
timestamp: 2026-09-05 05:08:45 +0900
pre-requisites: 
--output/tsv/ (<EARLY TIME>)
--input/update.txt (2026-09-05 02:59:40 +0900)
latest-prerequisite time: 2026-09-05 02:59:40 +0900
................................

### Update TSV for pubchem_pathway-ncbigene if check_tsv_filesize false or check_config_timestamp false or check_tsv_timestamp true
# File output/tsv/pubchem_pathway-ncbigene.tsv is newer than config/pubchem_pathway-ncbigene/config.yaml
# File output/tsv/pubchem_pathway-ncbigene.tsv has no timestamp file
# File output/tsv/pubchem_pathway-ncbigene.tsv is created 7.25904871353397 days ago (will be updated when >5 days)
## Update config/pubchem_pathway-ncbigene/config.yaml => output/tsv/pubchem_pathway-ncbigene.tsv
< 2026-09-05T05:08:45 pubchem_pathway-ncbigene
togoid-config config/pubchem_pathway-ncbigene update
# Success: output/tsv/pubchem_pathway-ncbigene.tsv is updated
> 2026-09-05T05:08:45 pubchem_pathway-ncbigene
Rule for TSV (output/tsv/pubchem_pathway-ncbigene.tsv)
------------------------------
Investigating output/tsv/pubchem_pathway-ncbigene.tsv
class: Rake::FileTask
task needed: false
timestamp: 2026-09-05 05:08:45 +0900
pre-requisites: 
--output/tsv/ (<EARLY TIME>)
--input/update.txt (2026-09-05 02:59:40 +0900)
latest-prerequisite time: 2026-09-05 02:59:40 +0900
................................

### Update TSV for pubchem_pathway-pathbank if check_tsv_filesize false or check_config_timestamp false or check_tsv_timestamp true
# File output/tsv/pubchem_pathway-pathbank.tsv is newer than config/pubchem_pathway-pathbank/config.yaml
# File output/tsv/pubchem_pathway-pathbank.tsv has no timestamp file
# File output/tsv/pubchem_pathway-pathbank.tsv is created 7.259048531095289 days ago (will be updated when >5 days)
## Update config/pubchem_pathway-pathbank/config.yaml => output/tsv/pubchem_pathway-pathbank.tsv
< 2026-09-05T05:08:45 pubchem_pathway-pathbank
togoid-config config/pubchem_pathway-pathbank update
# Success: output/tsv/pubchem_pathway-pathbank.tsv is updated
> 2026-09-05T05:08:45 pubchem_pathway-pathbank
Rule for TSV (output/tsv/pubchem_pathway-pathbank.tsv)
------------------------------
Investigating output/tsv/pubchem_pathway-pathbank.tsv
class: Rake::FileTask
task needed: false
timestamp: 2026-09-05 05:08:45 +0900
pre-requisites: 
--output/tsv/ (<EARLY TIME>)
--input/update.txt (2026-09-05 02:59:40 +0900)
latest-prerequisite time: 2026-09-05 02:59:40 +0900
................................

### Update TSV for pubchem_pathway-pubchem_compound if check_tsv_filesize false or check_config_timestamp false or check_tsv_timestamp true
# File output/tsv/pubchem_pathway-pubchem_compound.tsv is newer than config/pubchem_pathway-pubchem_compound/config.yaml
# File output/tsv/pubchem_pathway-pubchem_compound.tsv has no timestamp file
# File output/tsv/pubchem_pathway-pubchem_compound.tsv is created 7.259027869531019 days ago (will be updated when >5 days)
## Update config/pubchem_pathway-pubchem_compound/config.yaml => output/tsv/pubchem_pathway-pubchem_compound.tsv
< 2026-09-05T05:08:45 pubchem_pathway-pubchem_compound
togoid-config config/pubchem_pathway-pubchem_compound update
# Success: output/tsv/pubchem_pathway-pubchem_compound.tsv is updated
> 2026-09-05T05:08:47 pubchem_pathway-pubchem_compound
Rule for TSV (output/tsv/pubchem_pathway-pubchem_compound.tsv)
------------------------------
Investigating output/tsv/pubchem_pathway-pubchem_compound.tsv
class: Rake::FileTask
task needed: false
timestamp: 2026-09-05 05:08:47 +0900
pre-requisites: 
--output/tsv/ (<EARLY TIME>)
--input/update.txt (2026-09-05 02:59:40 +0900)
latest-prerequisite time: 2026-09-05 02:59:40 +0900
................................

### Update TSV for pubchem_pathway-reactome_pathway if check_tsv_filesize false or check_config_timestamp false or check_tsv_timestamp true
# File output/tsv/pubchem_pathway-reactome_pathway.tsv is newer than config/pubchem_pathway-reactome_pathway/config.yaml
# File output/tsv/pubchem_pathway-reactome_pathway.tsv has no timestamp file
# File output/tsv/pubchem_pathway-reactome_pathway.tsv is created 7.2590492420352435 days ago (will be updated when >5 days)
## Update config/pubchem_pathway-reactome_pathway/config.yaml => output/tsv/pubchem_pathway-reactome_pathway.tsv
< 2026-09-05T05:08:47 pubchem_pathway-reactome_pathway
togoid-config config/pubchem_pathway-reactome_pathway update
# Success: output/tsv/pubchem_pathway-reactome_pathway.tsv is updated
> 2026-09-05T05:08:47 pubchem_pathway-reactome_pathway
Rule for TSV (output/tsv/pubchem_pathway-reactome_pathway.tsv)
------------------------------
Investigating output/tsv/pubchem_pathway-reactome_pathway.tsv
class: Rake::FileTask
task needed: false
timestamp: 2026-09-05 05:08:47 +0900
pre-requisites: 
--output/tsv/ (<EARLY TIME>)
--input/update.txt (2026-09-05 02:59:40 +0900)
latest-prerequisite time: 2026-09-05 02:59:40 +0900
................................

### Update TSV for pubchem_pathway-uniprot if check_tsv_filesize false or check_config_timestamp false or check_tsv_timestamp true
# File output/tsv/pubchem_pathway-uniprot.tsv is newer than config/pubchem_pathway-uniprot/config.yaml
# File output/tsv/pubchem_pathway-uniprot.tsv has no timestamp file
# File output/tsv/pubchem_pathway-uniprot.tsv is created 7.259038237380128 days ago (will be updated when >5 days)
## Update config/pubchem_pathway-uniprot/config.yaml => output/tsv/pubchem_pathway-uniprot.tsv
< 2026-09-05T05:08:47 pubchem_pathway-uniprot
togoid-config config/pubchem_pathway-uniprot update
# Success: output/tsv/pubchem_pathway-uniprot.tsv is updated
> 2026-09-05T05:08:49 pubchem_pathway-uniprot
Rule for TSV (output/tsv/pubchem_pathway-uniprot.tsv)
------------------------------
Investigating output/tsv/pubchem_pathway-uniprot.tsv
class: Rake::FileTask
task needed: false
timestamp: 2026-09-05 05:08:49 +0900
pre-requisites: 
--output/tsv/ (<EARLY TIME>)
--input/update.txt (2026-09-05 02:59:40 +0900)
latest-prerequisite time: 2026-09-05 02:59:40 +0900
................................

### Update TSV for pubchem_pathway-wikipathways if check_tsv_filesize false or check_config_timestamp false or check_tsv_timestamp true
# File output/tsv/pubchem_pathway-wikipathways.tsv is newer than config/pubchem_pathway-wikipathways/config.yaml
# File output/tsv/pubchem_pathway-wikipathways.tsv has no timestamp file
# File output/tsv/pubchem_pathway-wikipathways.tsv is created 7.259049352547165 days ago (will be updated when >5 days)
## Update config/pubchem_pathway-wikipathways/config.yaml => output/tsv/pubchem_pathway-wikipathways.tsv
< 2026-09-05T05:08:49 pubchem_pathway-wikipathways
togoid-config config/pubchem_pathway-wikipathways update
# Success: output/tsv/pubchem_pathway-wikipathways.tsv is updated
> 2026-09-05T05:08:49 pubchem_pathway-wikipathways
Rule for TSV (output/tsv/pubchem_pathway-wikipathways.tsv)
------------------------------
Investigating output/tsv/pubchem_pathway-wikipathways.tsv
class: Rake::FileTask
task needed: false
timestamp: 2026-09-05 05:08:49 +0900
pre-requisites: 
--output/tsv/ (<EARLY TIME>)
--input/update.txt (2026-09-05 02:59:40 +0900)
latest-prerequisite time: 2026-09-05 02:59:40 +0900
................................

### Update TSV for reactome_pathway-chebi if check_tsv_filesize false or check_config_timestamp false or check_tsv_timestamp true
# File output/tsv/reactome_pathway-chebi.tsv is newer than config/reactome_pathway-chebi/config.yaml
# File output/tsv/reactome_pathway-chebi.tsv has no timestamp file
# File output/tsv/reactome_pathway-chebi.tsv is created 7.259045958724479 days ago (will be updated when >5 days)
## Update config/reactome_pathway-chebi/config.yaml => output/tsv/reactome_pathway-chebi.tsv
< 2026-09-05T05:08:49 reactome_pathway-chebi
togoid-config config/reactome_pathway-chebi update
# Success: output/tsv/reactome_pathway-chebi.tsv is updated
> 2026-09-05T05:08:49 reactome_pathway-chebi
Rule for TSV (output/tsv/reactome_pathway-chebi.tsv)
------------------------------
Investigating output/tsv/reactome_pathway-chebi.tsv
class: Rake::FileTask
task needed: true
timestamp: 2026-09-05 05:08:49 +0900
pre-requisites: 
--output/tsv/ (<EARLY TIME>)
--prepare:reactome (2026-09-05 05:08:49 +0900)
latest-prerequisite time: 2026-09-05 05:08:49 +0900
................................

### Update TSV for reactome_pathway-go if check_tsv_filesize false or check_config_timestamp false or check_tsv_timestamp true
# File output/tsv/reactome_pathway-go.tsv is newer than config/reactome_pathway-go/config.yaml
# File output/tsv/reactome_pathway-go.tsv has no timestamp file
# File output/tsv/reactome_pathway-go.tsv is created 7.259049401730741 days ago (will be updated when >5 days)
## Update config/reactome_pathway-go/config.yaml => output/tsv/reactome_pathway-go.tsv
< 2026-09-05T05:08:49 reactome_pathway-go
togoid-config config/reactome_pathway-go update
# Success: output/tsv/reactome_pathway-go.tsv is updated
> 2026-09-05T05:08:49 reactome_pathway-go
Rule for TSV (output/tsv/reactome_pathway-go.tsv)
------------------------------
Investigating output/tsv/reactome_pathway-go.tsv
class: Rake::FileTask
task needed: true
timestamp: 2026-09-05 05:08:49 +0900
pre-requisites: 
--output/tsv/ (<EARLY TIME>)
--prepare:reactome (2026-09-05 05:08:49 +0900)
latest-prerequisite time: 2026-09-05 05:08:49 +0900
................................

### Update TSV for reactome_pathway-iuphar_ligand if check_tsv_filesize false or check_config_timestamp false or check_tsv_timestamp true
# File output/tsv/reactome_pathway-iuphar_ligand.tsv is newer than config/reactome_pathway-iuphar_ligand/config.yaml
# File output/tsv/reactome_pathway-iuphar_ligand.tsv has no timestamp file
# File output/tsv/reactome_pathway-iuphar_ligand.tsv is created 7.259049342675325 days ago (will be updated when >5 days)
## Update config/reactome_pathway-iuphar_ligand/config.yaml => output/tsv/reactome_pathway-iuphar_ligand.tsv
< 2026-09-05T05:08:49 reactome_pathway-iuphar_ligand
togoid-config config/reactome_pathway-iuphar_ligand update
# Success: output/tsv/reactome_pathway-iuphar_ligand.tsv is updated
> 2026-09-05T05:08:49 reactome_pathway-iuphar_ligand
Rule for TSV (output/tsv/reactome_pathway-iuphar_ligand.tsv)
------------------------------
Investigating output/tsv/reactome_pathway-iuphar_ligand.tsv
class: Rake::FileTask
task needed: true
timestamp: 2026-09-05 05:08:49 +0900
pre-requisites: 
--output/tsv/ (<EARLY TIME>)
--prepare:reactome (2026-09-05 05:08:49 +0900)
latest-prerequisite time: 2026-09-05 05:08:49 +0900
................................

### Update TSV for reactome_pathway-mirbase if check_tsv_filesize false or check_config_timestamp false or check_tsv_timestamp true
# File output/tsv/reactome_pathway-mirbase.tsv is newer than config/reactome_pathway-mirbase/config.yaml
# File output/tsv/reactome_pathway-mirbase.tsv has no timestamp file
# File output/tsv/reactome_pathway-mirbase.tsv is created 7.259049749124132 days ago (will be updated when >5 days)
## Update config/reactome_pathway-mirbase/config.yaml => output/tsv/reactome_pathway-mirbase.tsv
< 2026-09-05T05:08:49 reactome_pathway-mirbase
togoid-config config/reactome_pathway-mirbase update
# Success: output/tsv/reactome_pathway-mirbase.tsv is updated
> 2026-09-05T05:08:50 reactome_pathway-mirbase
Rule for TSV (output/tsv/reactome_pathway-mirbase.tsv)
------------------------------
Investigating output/tsv/reactome_pathway-mirbase.tsv
class: Rake::FileTask
task needed: true
timestamp: 2026-09-05 05:08:50 +0900
pre-requisites: 
--output/tsv/ (<EARLY TIME>)
--prepare:reactome (2026-09-05 05:08:50 +0900)
latest-prerequisite time: 2026-09-05 05:08:50 +0900
................................

### Update TSV for reactome_pathway-mirbase_mature if check_tsv_filesize false or check_config_timestamp false or check_tsv_timestamp true
# File output/tsv/reactome_pathway-mirbase_mature.tsv is newer than config/reactome_pathway-mirbase_mature/config.yaml
# File output/tsv/reactome_pathway-mirbase_mature.tsv has no timestamp file
# File output/tsv/reactome_pathway-mirbase_mature.tsv is created 7.259049963347372 days ago (will be updated when >5 days)
## Update config/reactome_pathway-mirbase_mature/config.yaml => output/tsv/reactome_pathway-mirbase_mature.tsv
< 2026-09-05T05:08:50 reactome_pathway-mirbase_mature
togoid-config config/reactome_pathway-mirbase_mature update
# Success: output/tsv/reactome_pathway-mirbase_mature.tsv is updated
> 2026-09-05T05:08:50 reactome_pathway-mirbase_mature
Rule for TSV (output/tsv/reactome_pathway-mirbase_mature.tsv)
------------------------------
Investigating output/tsv/reactome_pathway-mirbase_mature.tsv
class: Rake::FileTask
task needed: true
timestamp: 2026-09-05 05:08:50 +0900
pre-requisites: 
--output/tsv/ (<EARLY TIME>)
--prepare:reactome (2026-09-05 05:08:50 +0900)
latest-prerequisite time: 2026-09-05 05:08:50 +0900
................................

### Update TSV for reactome_pathway-reactome_reaction if check_tsv_filesize false or check_config_timestamp false or check_tsv_timestamp true
# File output/tsv/reactome_pathway-reactome_reaction.tsv is newer than config/reactome_pathway-reactome_reaction/config.yaml
# File output/tsv/reactome_pathway-reactome_reaction.tsv has no timestamp file
# File output/tsv/reactome_pathway-reactome_reaction.tsv is created 7.259042404805591 days ago (will be updated when >5 days)
## Update config/reactome_pathway-reactome_reaction/config.yaml => output/tsv/reactome_pathway-reactome_reaction.tsv
< 2026-09-05T05:08:50 reactome_pathway-reactome_reaction
togoid-config config/reactome_pathway-reactome_reaction update
# Success: output/tsv/reactome_pathway-reactome_reaction.tsv is updated
> 2026-09-05T05:08:51 reactome_pathway-reactome_reaction
Rule for TSV (output/tsv/reactome_pathway-reactome_reaction.tsv)
------------------------------
Investigating output/tsv/reactome_pathway-reactome_reaction.tsv
class: Rake::FileTask
task needed: true
timestamp: 2026-09-05 05:08:51 +0900
pre-requisites: 
--output/tsv/ (<EARLY TIME>)
--prepare:reactome (2026-09-05 05:08:51 +0900)
latest-prerequisite time: 2026-09-05 05:08:51 +0900
................................

### Update TSV for reactome_pathway-uniprot if check_tsv_filesize false or check_config_timestamp false or check_tsv_timestamp true
# File output/tsv/reactome_pathway-uniprot.tsv is newer than config/reactome_pathway-uniprot/config.yaml
# File output/tsv/reactome_pathway-uniprot.tsv has no timestamp file
# File output/tsv/reactome_pathway-uniprot.tsv is created 7.259037643487558 days ago (will be updated when >5 days)
## Update config/reactome_pathway-uniprot/config.yaml => output/tsv/reactome_pathway-uniprot.tsv
< 2026-09-05T05:08:51 reactome_pathway-uniprot
togoid-config config/reactome_pathway-uniprot update
# Success: output/tsv/reactome_pathway-uniprot.tsv is updated
> 2026-09-05T05:08:52 reactome_pathway-uniprot
Rule for TSV (output/tsv/reactome_pathway-uniprot.tsv)
------------------------------
Investigating output/tsv/reactome_pathway-uniprot.tsv
class: Rake::FileTask
task needed: true
timestamp: 2026-09-05 05:08:52 +0900
pre-requisites: 
--output/tsv/ (<EARLY TIME>)
--prepare:reactome (2026-09-05 05:08:52 +0900)
latest-prerequisite time: 2026-09-05 05:08:52 +0900
................................

### Update TSV for reactome_reaction-chebi if check_tsv_filesize false or check_config_timestamp false or check_tsv_timestamp true
# File output/tsv/reactome_reaction-chebi.tsv is newer than config/reactome_reaction-chebi/config.yaml
# File output/tsv/reactome_reaction-chebi.tsv has no timestamp file
# File output/tsv/reactome_reaction-chebi.tsv is created 7.259046888646747 days ago (will be updated when >5 days)
## Update config/reactome_reaction-chebi/config.yaml => output/tsv/reactome_reaction-chebi.tsv
< 2026-09-05T05:08:52 reactome_reaction-chebi
togoid-config config/reactome_reaction-chebi update
# Success: output/tsv/reactome_reaction-chebi.tsv is updated
> 2026-09-05T05:08:52 reactome_reaction-chebi
Rule for TSV (output/tsv/reactome_reaction-chebi.tsv)
------------------------------
Investigating output/tsv/reactome_reaction-chebi.tsv
class: Rake::FileTask
task needed: true
timestamp: 2026-09-05 05:08:52 +0900
pre-requisites: 
--output/tsv/ (<EARLY TIME>)
--prepare:reactome (2026-09-05 05:08:52 +0900)
latest-prerequisite time: 2026-09-05 05:08:52 +0900
................................

### Update TSV for reactome_reaction-go if check_tsv_filesize false or check_config_timestamp false or check_tsv_timestamp true
# File output/tsv/reactome_reaction-go.tsv is newer than config/reactome_reaction-go/config.yaml
# File output/tsv/reactome_reaction-go.tsv has no timestamp file
# File output/tsv/reactome_reaction-go.tsv is created 7.2590488911793525 days ago (will be updated when >5 days)
## Update config/reactome_reaction-go/config.yaml => output/tsv/reactome_reaction-go.tsv
< 2026-09-05T05:08:52 reactome_reaction-go
togoid-config config/reactome_reaction-go update
# Success: output/tsv/reactome_reaction-go.tsv is updated
> 2026-09-05T05:08:52 reactome_reaction-go
Rule for TSV (output/tsv/reactome_reaction-go.tsv)
------------------------------
Investigating output/tsv/reactome_reaction-go.tsv
class: Rake::FileTask
task needed: true
timestamp: 2026-09-05 05:08:52 +0900
pre-requisites: 
--output/tsv/ (<EARLY TIME>)
--prepare:reactome (2026-09-05 05:08:52 +0900)
latest-prerequisite time: 2026-09-05 05:08:52 +0900
................................

### Update TSV for reactome_reaction-iuphar_ligand if check_tsv_filesize false or check_config_timestamp false or check_tsv_timestamp true
# File output/tsv/reactome_reaction-iuphar_ligand.tsv is newer than config/reactome_reaction-iuphar_ligand/config.yaml
# File output/tsv/reactome_reaction-iuphar_ligand.tsv has no timestamp file
# File output/tsv/reactome_reaction-iuphar_ligand.tsv is created 7.259047942132499 days ago (will be updated when >5 days)
## Update config/reactome_reaction-iuphar_ligand/config.yaml => output/tsv/reactome_reaction-iuphar_ligand.tsv
< 2026-09-05T05:08:52 reactome_reaction-iuphar_ligand
togoid-config config/reactome_reaction-iuphar_ligand update
# Success: output/tsv/reactome_reaction-iuphar_ligand.tsv is updated
> 2026-09-05T05:08:52 reactome_reaction-iuphar_ligand
Rule for TSV (output/tsv/reactome_reaction-iuphar_ligand.tsv)
------------------------------
Investigating output/tsv/reactome_reaction-iuphar_ligand.tsv
class: Rake::FileTask
task needed: true
timestamp: 2026-09-05 05:08:52 +0900
pre-requisites: 
--output/tsv/ (<EARLY TIME>)
--prepare:reactome (2026-09-05 05:08:52 +0900)
latest-prerequisite time: 2026-09-05 05:08:52 +0900
................................

### Update TSV for reactome_reaction-mirbase if check_tsv_filesize false or check_config_timestamp false or check_tsv_timestamp true
# File output/tsv/reactome_reaction-mirbase.tsv is newer than config/reactome_reaction-mirbase/config.yaml
# File output/tsv/reactome_reaction-mirbase.tsv has no timestamp file
# File output/tsv/reactome_reaction-mirbase.tsv is created 7.25904939761353 days ago (will be updated when >5 days)
## Update config/reactome_reaction-mirbase/config.yaml => output/tsv/reactome_reaction-mirbase.tsv
< 2026-09-05T05:08:52 reactome_reaction-mirbase
togoid-config config/reactome_reaction-mirbase update
# Success: output/tsv/reactome_reaction-mirbase.tsv is updated
> 2026-09-05T05:08:53 reactome_reaction-mirbase
Rule for TSV (output/tsv/reactome_reaction-mirbase.tsv)
------------------------------
Investigating output/tsv/reactome_reaction-mirbase.tsv
class: Rake::FileTask
task needed: true
timestamp: 2026-09-05 05:08:53 +0900
pre-requisites: 
--output/tsv/ (<EARLY TIME>)
--prepare:reactome (2026-09-05 05:08:53 +0900)
latest-prerequisite time: 2026-09-05 05:08:53 +0900
................................

### Update TSV for reactome_reaction-mirbase_mature if check_tsv_filesize false or check_config_timestamp false or check_tsv_timestamp true
# File output/tsv/reactome_reaction-mirbase_mature.tsv is newer than config/reactome_reaction-mirbase_mature/config.yaml
# File output/tsv/reactome_reaction-mirbase_mature.tsv has no timestamp file
# File output/tsv/reactome_reaction-mirbase_mature.tsv is created 7.259049533715961 days ago (will be updated when >5 days)
## Update config/reactome_reaction-mirbase_mature/config.yaml => output/tsv/reactome_reaction-mirbase_mature.tsv
< 2026-09-05T05:08:53 reactome_reaction-mirbase_mature
togoid-config config/reactome_reaction-mirbase_mature update
# Success: output/tsv/reactome_reaction-mirbase_mature.tsv is updated
> 2026-09-05T05:08:53 reactome_reaction-mirbase_mature
Rule for TSV (output/tsv/reactome_reaction-mirbase_mature.tsv)
------------------------------
Investigating output/tsv/reactome_reaction-mirbase_mature.tsv
class: Rake::FileTask
task needed: true
timestamp: 2026-09-05 05:08:53 +0900
pre-requisites: 
--output/tsv/ (<EARLY TIME>)
--prepare:reactome (2026-09-05 05:08:53 +0900)
latest-prerequisite time: 2026-09-05 05:08:53 +0900
................................

### Update TSV for reactome_reaction-uniprot if check_tsv_filesize false or check_config_timestamp false or check_tsv_timestamp true
# File output/tsv/reactome_reaction-uniprot.tsv is newer than config/reactome_reaction-uniprot/config.yaml
# File output/tsv/reactome_reaction-uniprot.tsv has no timestamp file
# File output/tsv/reactome_reaction-uniprot.tsv is created 7.259039874522801 days ago (will be updated when >5 days)
## Update config/reactome_reaction-uniprot/config.yaml => output/tsv/reactome_reaction-uniprot.tsv
< 2026-09-05T05:08:53 reactome_reaction-uniprot
togoid-config config/reactome_reaction-uniprot update
# Success: output/tsv/reactome_reaction-uniprot.tsv is updated
> 2026-09-05T05:08:54 reactome_reaction-uniprot
Rule for TSV (output/tsv/reactome_reaction-uniprot.tsv)
------------------------------
Investigating output/tsv/reactome_reaction-uniprot.tsv
class: Rake::FileTask
task needed: true
timestamp: 2026-09-05 05:08:54 +0900
pre-requisites: 
--output/tsv/ (<EARLY TIME>)
--prepare:reactome (2026-09-05 05:08:54 +0900)
latest-prerequisite time: 2026-09-05 05:08:54 +0900
................................

### Update TSV for refseq_protein-taxonomy if check_tsv_filesize false or check_config_timestamp false or check_tsv_timestamp true
# File output/tsv/refseq_protein-taxonomy.tsv is newer than config/refseq_protein-taxonomy/config.yaml
# File output/tsv/refseq_protein-taxonomy.tsv is older than input/refseq_protein/download.lock
## Update config/refseq_protein-taxonomy/config.yaml => output/tsv/refseq_protein-taxonomy.tsv
< 2026-09-05T05:08:54 refseq_protein-taxonomy
togoid-config config/refseq_protein-taxonomy update
# Success: output/tsv/refseq_protein-taxonomy.tsv is updated
> 2026-09-05T05:14:03 refseq_protein-taxonomy
Rule for TSV (output/tsv/refseq_protein-taxonomy.tsv)
------------------------------
Investigating output/tsv/refseq_protein-taxonomy.tsv
class: Rake::FileTask
task needed: true
timestamp: 2026-09-05 05:14:03 +0900
pre-requisites: 
--output/tsv/ (<EARLY TIME>)
--prepare:refseq_protein (2026-09-05 05:14:03 +0900)
latest-prerequisite time: 2026-09-05 05:14:03 +0900
................................

### Update TSV for refseq_protein-uniprot if check_tsv_filesize false or check_config_timestamp false or check_tsv_timestamp true
# File output/tsv/refseq_protein-uniprot.tsv is newer than config/refseq_protein-uniprot/config.yaml
# File output/tsv/refseq_protein-uniprot.tsv is older than input/refseq_protein/download.lock
## Update config/refseq_protein-uniprot/config.yaml => output/tsv/refseq_protein-uniprot.tsv
< 2026-09-05T05:14:03 refseq_protein-uniprot
togoid-config config/refseq_protein-uniprot update
# Success: output/tsv/refseq_protein-uniprot.tsv is updated
> 2026-09-05T05:18:01 refseq_protein-uniprot
Rule for TSV (output/tsv/refseq_protein-uniprot.tsv)
------------------------------
Investigating output/tsv/refseq_protein-uniprot.tsv
class: Rake::FileTask
task needed: true
timestamp: 2026-09-05 05:18:01 +0900
pre-requisites: 
--output/tsv/ (<EARLY TIME>)
--prepare:refseq_protein (2026-09-05 05:18:01 +0900)
latest-prerequisite time: 2026-09-05 05:18:01 +0900
................................

### Update TSV for refseq_rna-dbsnp if check_tsv_filesize false or check_config_timestamp false or check_tsv_timestamp false
# File output/tsv/refseq_rna-dbsnp.tsv is newer than config/refseq_rna-dbsnp/config.yaml
# File output/tsv/refseq_rna-dbsnp.tsv is newer than input/refseq_rna/download.lock
# => Preserving output/tsv/refseq_rna-dbsnp.tsv
Rule for TSV (output/tsv/refseq_rna-dbsnp.tsv)
------------------------------
Investigating output/tsv/refseq_rna-dbsnp.tsv
class: Rake::FileTask
task needed: true
timestamp: 2026-07-18 06:56:57 +0900
pre-requisites: 
--output/tsv/ (<EARLY TIME>)
--prepare:refseq_rna (2026-09-05 05:18:01 +0900)
latest-prerequisite time: 2026-09-05 05:18:01 +0900
................................

### Update TSV for refseq_rna-hgnc if check_tsv_filesize false or check_config_timestamp false or check_tsv_timestamp false
# File output/tsv/refseq_rna-hgnc.tsv is newer than config/refseq_rna-hgnc/config.yaml
# File output/tsv/refseq_rna-hgnc.tsv is newer than input/refseq_rna/download.lock
# => Preserving output/tsv/refseq_rna-hgnc.tsv
Rule for TSV (output/tsv/refseq_rna-hgnc.tsv)
------------------------------
Investigating output/tsv/refseq_rna-hgnc.tsv
class: Rake::FileTask
task needed: true
timestamp: 2026-07-18 06:58:38 +0900
pre-requisites: 
--output/tsv/ (<EARLY TIME>)
--prepare:refseq_rna (2026-09-05 05:18:01 +0900)
latest-prerequisite time: 2026-09-05 05:18:01 +0900
................................

### Update TSV for refseq_rna-ncbigene if check_tsv_filesize false or check_config_timestamp false or check_tsv_timestamp false
# File output/tsv/refseq_rna-ncbigene.tsv is newer than config/refseq_rna-ncbigene/config.yaml
# File output/tsv/refseq_rna-ncbigene.tsv is newer than input/refseq_rna/download.lock
# => Preserving output/tsv/refseq_rna-ncbigene.tsv
Rule for TSV (output/tsv/refseq_rna-ncbigene.tsv)
------------------------------
Investigating output/tsv/refseq_rna-ncbigene.tsv
class: Rake::FileTask
task needed: true
timestamp: 2026-07-18 07:02:26 +0900
pre-requisites: 
--output/tsv/ (<EARLY TIME>)
--prepare:refseq_rna (2026-09-05 05:18:01 +0900)
latest-prerequisite time: 2026-09-05 05:18:01 +0900
................................

### Update TSV for refseq_rna-omim_gene if check_tsv_filesize false or check_config_timestamp false or check_tsv_timestamp false
# File output/tsv/refseq_rna-omim_gene.tsv is newer than config/refseq_rna-omim_gene/config.yaml
# File output/tsv/refseq_rna-omim_gene.tsv is newer than input/refseq_rna/download.lock
# => Preserving output/tsv/refseq_rna-omim_gene.tsv
Rule for TSV (output/tsv/refseq_rna-omim_gene.tsv)
------------------------------
Investigating output/tsv/refseq_rna-omim_gene.tsv
class: Rake::FileTask
task needed: true
timestamp: 2026-07-18 07:04:24 +0900
pre-requisites: 
--output/tsv/ (<EARLY TIME>)
--prepare:refseq_rna (2026-09-05 05:18:01 +0900)
latest-prerequisite time: 2026-09-05 05:18:01 +0900
................................

### Update TSV for refseq_rna-pubmed if check_tsv_filesize false or check_config_timestamp false or check_tsv_timestamp false
# File output/tsv/refseq_rna-pubmed.tsv is newer than config/refseq_rna-pubmed/config.yaml
# File output/tsv/refseq_rna-pubmed.tsv is newer than input/refseq_rna/download.lock
# => Preserving output/tsv/refseq_rna-pubmed.tsv
Rule for TSV (output/tsv/refseq_rna-pubmed.tsv)
------------------------------
Investigating output/tsv/refseq_rna-pubmed.tsv
class: Rake::FileTask
task needed: true
timestamp: 2026-07-18 07:06:37 +0900
pre-requisites: 
--output/tsv/ (<EARLY TIME>)
--prepare:refseq_rna (2026-09-05 05:18:01 +0900)
latest-prerequisite time: 2026-09-05 05:18:01 +0900
................................

### Update TSV for refseq_rna-refseq_protein if check_tsv_filesize false or check_config_timestamp false or check_tsv_timestamp false
# File output/tsv/refseq_rna-refseq_protein.tsv is newer than config/refseq_rna-refseq_protein/config.yaml
# File output/tsv/refseq_rna-refseq_protein.tsv is newer than input/refseq_rna/download.lock
# => Preserving output/tsv/refseq_rna-refseq_protein.tsv
Rule for TSV (output/tsv/refseq_rna-refseq_protein.tsv)
------------------------------
Investigating output/tsv/refseq_rna-refseq_protein.tsv
class: Rake::FileTask
task needed: true
timestamp: 2026-07-18 07:10:26 +0900
pre-requisites: 
--output/tsv/ (<EARLY TIME>)
--prepare:refseq_rna (2026-09-05 05:18:01 +0900)
latest-prerequisite time: 2026-09-05 05:18:01 +0900
................................

### Update TSV for refseq_rna-taxonomy if check_tsv_filesize false or check_config_timestamp false or check_tsv_timestamp false
# File output/tsv/refseq_rna-taxonomy.tsv is newer than config/refseq_rna-taxonomy/config.yaml
# File output/tsv/refseq_rna-taxonomy.tsv is newer than input/refseq_rna/download.lock
# => Preserving output/tsv/refseq_rna-taxonomy.tsv
Rule for TSV (output/tsv/refseq_rna-taxonomy.tsv)
------------------------------
Investigating output/tsv/refseq_rna-taxonomy.tsv
class: Rake::FileTask
task needed: true
timestamp: 2026-07-18 07:14:08 +0900
pre-requisites: 
--output/tsv/ (<EARLY TIME>)
--prepare:refseq_rna (2026-09-05 05:18:01 +0900)
latest-prerequisite time: 2026-09-05 05:18:01 +0900
................................

### Update TSV for rhea-chebi if check_tsv_filesize false or check_config_timestamp false or check_tsv_timestamp true
# File output/tsv/rhea-chebi.tsv is newer than config/rhea-chebi/config.yaml
# File output/tsv/rhea-chebi.tsv is older than input/rhea/download.lock
## Update config/rhea-chebi/config.yaml => output/tsv/rhea-chebi.tsv
< 2026-09-05T05:18:01 rhea-chebi
togoid-config config/rhea-chebi update
# Success: output/tsv/rhea-chebi.tsv is updated
> 2026-09-05T05:18:01 rhea-chebi
Rule for TSV (output/tsv/rhea-chebi.tsv)
------------------------------
Investigating output/tsv/rhea-chebi.tsv
class: Rake::FileTask
task needed: true
timestamp: 2026-09-05 05:18:01 +0900
pre-requisites: 
--output/tsv/ (<EARLY TIME>)
--prepare:rhea (2026-09-05 05:18:01 +0900)
latest-prerequisite time: 2026-09-05 05:18:01 +0900
................................

### Update TSV for rhea-ec if check_tsv_filesize false or check_config_timestamp false or check_tsv_timestamp true
# File output/tsv/rhea-ec.tsv is newer than config/rhea-ec/config.yaml
# File output/tsv/rhea-ec.tsv is older than input/rhea/download.lock
## Update config/rhea-ec/config.yaml => output/tsv/rhea-ec.tsv
< 2026-09-05T05:18:01 rhea-ec
togoid-config config/rhea-ec update
# Success: output/tsv/rhea-ec.tsv is updated
> 2026-09-05T05:18:01 rhea-ec
Rule for TSV (output/tsv/rhea-ec.tsv)
------------------------------
Investigating output/tsv/rhea-ec.tsv
class: Rake::FileTask
task needed: true
timestamp: 2026-09-05 05:18:01 +0900
pre-requisites: 
--output/tsv/ (<EARLY TIME>)
--prepare:rhea (2026-09-05 05:18:01 +0900)
latest-prerequisite time: 2026-09-05 05:18:01 +0900
................................

### Update TSV for rhea-go if check_tsv_filesize false or check_config_timestamp false or check_tsv_timestamp true
# File output/tsv/rhea-go.tsv is newer than config/rhea-go/config.yaml
# File output/tsv/rhea-go.tsv is older than input/rhea/download.lock
## Update config/rhea-go/config.yaml => output/tsv/rhea-go.tsv
< 2026-09-05T05:18:01 rhea-go
togoid-config config/rhea-go update
# Success: output/tsv/rhea-go.tsv is updated
> 2026-09-05T05:18:02 rhea-go
Rule for TSV (output/tsv/rhea-go.tsv)
------------------------------
Investigating output/tsv/rhea-go.tsv
class: Rake::FileTask
task needed: true
timestamp: 2026-09-05 05:18:02 +0900
pre-requisites: 
--output/tsv/ (<EARLY TIME>)
--prepare:rhea (2026-09-05 05:18:02 +0900)
latest-prerequisite time: 2026-09-05 05:18:02 +0900
................................

### Update TSV for rhea-pubmed if check_tsv_filesize false or check_config_timestamp false or check_tsv_timestamp true
# File output/tsv/rhea-pubmed.tsv is newer than config/rhea-pubmed/config.yaml
# File output/tsv/rhea-pubmed.tsv is older than input/rhea/download.lock
## Update config/rhea-pubmed/config.yaml => output/tsv/rhea-pubmed.tsv
< 2026-09-05T05:18:02 rhea-pubmed
togoid-config config/rhea-pubmed update
# Success: output/tsv/rhea-pubmed.tsv is updated
> 2026-09-05T05:18:02 rhea-pubmed
Rule for TSV (output/tsv/rhea-pubmed.tsv)
------------------------------
Investigating output/tsv/rhea-pubmed.tsv
class: Rake::FileTask
task needed: true
timestamp: 2026-09-05 05:18:02 +0900
pre-requisites: 
--output/tsv/ (<EARLY TIME>)
--prepare:rhea (2026-09-05 05:18:02 +0900)
latest-prerequisite time: 2026-09-05 05:18:02 +0900
................................

### Update TSV for rhea-reactome_reaction if check_tsv_filesize false or check_config_timestamp false or check_tsv_timestamp true
# File output/tsv/rhea-reactome_reaction.tsv is newer than config/rhea-reactome_reaction/config.yaml
# File output/tsv/rhea-reactome_reaction.tsv is older than input/rhea/download.lock
## Update config/rhea-reactome_reaction/config.yaml => output/tsv/rhea-reactome_reaction.tsv
< 2026-09-05T05:18:02 rhea-reactome_reaction
togoid-config config/rhea-reactome_reaction update
# Success: output/tsv/rhea-reactome_reaction.tsv is updated
> 2026-09-05T05:18:02 rhea-reactome_reaction
Rule for TSV (output/tsv/rhea-reactome_reaction.tsv)
------------------------------
Investigating output/tsv/rhea-reactome_reaction.tsv
class: Rake::FileTask
task needed: true
timestamp: 2026-09-05 05:18:02 +0900
pre-requisites: 
--output/tsv/ (<EARLY TIME>)
--prepare:rhea (2026-09-05 05:18:02 +0900)
latest-prerequisite time: 2026-09-05 05:18:02 +0900
................................

### Update TSV for rhea-uniprot if check_tsv_filesize false or check_config_timestamp false or check_tsv_timestamp true
# File output/tsv/rhea-uniprot.tsv is newer than config/rhea-uniprot/config.yaml
# File output/tsv/rhea-uniprot.tsv is older than input/rhea/download.lock
## Update config/rhea-uniprot/config.yaml => output/tsv/rhea-uniprot.tsv
< 2026-09-05T05:18:02 rhea-uniprot
togoid-config config/rhea-uniprot update
# Success: output/tsv/rhea-uniprot.tsv is updated
> 2026-09-05T05:18:27 rhea-uniprot
Rule for TSV (output/tsv/rhea-uniprot.tsv)
------------------------------
Investigating output/tsv/rhea-uniprot.tsv
class: Rake::FileTask
task needed: true
timestamp: 2026-09-05 05:18:27 +0900
pre-requisites: 
--output/tsv/ (<EARLY TIME>)
--prepare:rhea (2026-09-05 05:18:27 +0900)
latest-prerequisite time: 2026-09-05 05:18:27 +0900
................................

### Update TSV for rnacentral-ensembl_transcript if check_tsv_filesize false or check_config_timestamp false or check_tsv_timestamp false
# File output/tsv/rnacentral-ensembl_transcript.tsv is newer than config/rnacentral-ensembl_transcript/config.yaml
# File output/tsv/rnacentral-ensembl_transcript.tsv is newer than input/rnacentral/download.lock
# => Preserving output/tsv/rnacentral-ensembl_transcript.tsv
Rule for TSV (output/tsv/rnacentral-ensembl_transcript.tsv)
------------------------------
Investigating output/tsv/rnacentral-ensembl_transcript.tsv
class: Rake::FileTask
task needed: true
timestamp: 2026-08-07 23:32:22 +0900
pre-requisites: 
--output/tsv/ (<EARLY TIME>)
--prepare:rnacentral (2026-09-05 05:18:27 +0900)
latest-prerequisite time: 2026-09-05 05:18:27 +0900
................................

### Update TSV for rnacentral-flybase_transcript if check_tsv_filesize false or check_config_timestamp false or check_tsv_timestamp false
# File output/tsv/rnacentral-flybase_transcript.tsv is newer than config/rnacentral-flybase_transcript/config.yaml
# File output/tsv/rnacentral-flybase_transcript.tsv is newer than input/rnacentral/download.lock
# => Preserving output/tsv/rnacentral-flybase_transcript.tsv
Rule for TSV (output/tsv/rnacentral-flybase_transcript.tsv)
------------------------------
Investigating output/tsv/rnacentral-flybase_transcript.tsv
class: Rake::FileTask
task needed: true
timestamp: 2026-08-07 23:34:27 +0900
pre-requisites: 
--output/tsv/ (<EARLY TIME>)
--prepare:rnacentral (2026-09-05 05:18:27 +0900)
latest-prerequisite time: 2026-09-05 05:18:27 +0900
................................

### Update TSV for rnacentral-hgnc if check_tsv_filesize false or check_config_timestamp false or check_tsv_timestamp false
# File output/tsv/rnacentral-hgnc.tsv is newer than config/rnacentral-hgnc/config.yaml
# File output/tsv/rnacentral-hgnc.tsv is newer than input/rnacentral/download.lock
# => Preserving output/tsv/rnacentral-hgnc.tsv
Rule for TSV (output/tsv/rnacentral-hgnc.tsv)
------------------------------
Investigating output/tsv/rnacentral-hgnc.tsv
class: Rake::FileTask
task needed: true
timestamp: 2026-08-07 23:36:33 +0900
pre-requisites: 
--output/tsv/ (<EARLY TIME>)
--prepare:rnacentral (2026-09-05 05:18:27 +0900)
latest-prerequisite time: 2026-09-05 05:18:27 +0900
................................

### Update TSV for rnacentral-lncbook_gene if check_tsv_filesize false or check_config_timestamp false or check_tsv_timestamp false
# File output/tsv/rnacentral-lncbook_gene.tsv is newer than config/rnacentral-lncbook_gene/config.yaml
# File output/tsv/rnacentral-lncbook_gene.tsv is newer than input/rnacentral/download.lock
# => Preserving output/tsv/rnacentral-lncbook_gene.tsv
Rule for TSV (output/tsv/rnacentral-lncbook_gene.tsv)
------------------------------
Investigating output/tsv/rnacentral-lncbook_gene.tsv
class: Rake::FileTask
task needed: true
timestamp: 2026-08-07 23:38:40 +0900
pre-requisites: 
--output/tsv/ (<EARLY TIME>)
--prepare:rnacentral (2026-09-05 05:18:27 +0900)
latest-prerequisite time: 2026-09-05 05:18:27 +0900
................................

### Update TSV for rnacentral-mgi_gene if check_tsv_filesize false or check_config_timestamp false or check_tsv_timestamp false
# File output/tsv/rnacentral-mgi_gene.tsv is newer than config/rnacentral-mgi_gene/config.yaml
# File output/tsv/rnacentral-mgi_gene.tsv is newer than input/rnacentral/download.lock
# => Preserving output/tsv/rnacentral-mgi_gene.tsv
Rule for TSV (output/tsv/rnacentral-mgi_gene.tsv)
------------------------------
Investigating output/tsv/rnacentral-mgi_gene.tsv
class: Rake::FileTask
task needed: true
timestamp: 2026-08-07 23:40:46 +0900
pre-requisites: 
--output/tsv/ (<EARLY TIME>)
--prepare:rnacentral (2026-09-05 05:18:27 +0900)
latest-prerequisite time: 2026-09-05 05:18:27 +0900
................................

### Update TSV for rnacentral-mirbase if check_tsv_filesize false or check_config_timestamp false or check_tsv_timestamp false
# File output/tsv/rnacentral-mirbase.tsv is newer than config/rnacentral-mirbase/config.yaml
# File output/tsv/rnacentral-mirbase.tsv is newer than input/rnacentral/download.lock
# => Preserving output/tsv/rnacentral-mirbase.tsv
Rule for TSV (output/tsv/rnacentral-mirbase.tsv)
------------------------------
Investigating output/tsv/rnacentral-mirbase.tsv
class: Rake::FileTask
task needed: true
timestamp: 2026-08-07 23:42:55 +0900
pre-requisites: 
--output/tsv/ (<EARLY TIME>)
--prepare:rnacentral (2026-09-05 05:18:27 +0900)
latest-prerequisite time: 2026-09-05 05:18:27 +0900
................................

### Update TSV for rnacentral-mirbase_mature if check_tsv_filesize false or check_config_timestamp false or check_tsv_timestamp false
# File output/tsv/rnacentral-mirbase_mature.tsv is newer than config/rnacentral-mirbase_mature/config.yaml
# File output/tsv/rnacentral-mirbase_mature.tsv is newer than input/rnacentral/download.lock
# => Preserving output/tsv/rnacentral-mirbase_mature.tsv
Rule for TSV (output/tsv/rnacentral-mirbase_mature.tsv)
------------------------------
Investigating output/tsv/rnacentral-mirbase_mature.tsv
class: Rake::FileTask
task needed: true
timestamp: 2026-08-07 23:45:04 +0900
pre-requisites: 
--output/tsv/ (<EARLY TIME>)
--prepare:rnacentral (2026-09-05 05:18:27 +0900)
latest-prerequisite time: 2026-09-05 05:18:27 +0900
................................

### Update TSV for rnacentral-pdb if check_tsv_filesize false or check_config_timestamp false or check_tsv_timestamp false
# File output/tsv/rnacentral-pdb.tsv is newer than config/rnacentral-pdb/config.yaml
# File output/tsv/rnacentral-pdb.tsv is newer than input/rnacentral/download.lock
# => Preserving output/tsv/rnacentral-pdb.tsv
Rule for TSV (output/tsv/rnacentral-pdb.tsv)
------------------------------
Investigating output/tsv/rnacentral-pdb.tsv
class: Rake::FileTask
task needed: true
timestamp: 2026-08-07 23:47:10 +0900
pre-requisites: 
--output/tsv/ (<EARLY TIME>)
--prepare:rnacentral (2026-09-05 05:18:27 +0900)
latest-prerequisite time: 2026-09-05 05:18:27 +0900
................................

### Update TSV for rnacentral-refseq_rna if check_tsv_filesize false or check_config_timestamp false or check_tsv_timestamp false
# File output/tsv/rnacentral-refseq_rna.tsv is newer than config/rnacentral-refseq_rna/config.yaml
# File output/tsv/rnacentral-refseq_rna.tsv is newer than input/rnacentral/download.lock
# => Preserving output/tsv/rnacentral-refseq_rna.tsv
Rule for TSV (output/tsv/rnacentral-refseq_rna.tsv)
------------------------------
Investigating output/tsv/rnacentral-refseq_rna.tsv
class: Rake::FileTask
task needed: true
timestamp: 2026-08-07 23:49:15 +0900
pre-requisites: 
--output/tsv/ (<EARLY TIME>)
--prepare:rnacentral (2026-09-05 05:18:27 +0900)
latest-prerequisite time: 2026-09-05 05:18:27 +0900
................................

### Update TSV for rnacentral-rfam if check_tsv_filesize false or check_config_timestamp false or check_tsv_timestamp false
# File output/tsv/rnacentral-rfam.tsv is newer than config/rnacentral-rfam/config.yaml
# File output/tsv/rnacentral-rfam.tsv is newer than input/rnacentral/download.lock
# => Preserving output/tsv/rnacentral-rfam.tsv
Rule for TSV (output/tsv/rnacentral-rfam.tsv)
------------------------------
Investigating output/tsv/rnacentral-rfam.tsv
class: Rake::FileTask
task needed: true
timestamp: 2026-08-07 23:51:24 +0900
pre-requisites: 
--output/tsv/ (<EARLY TIME>)
--prepare:rnacentral (2026-09-05 05:18:27 +0900)
latest-prerequisite time: 2026-09-05 05:18:27 +0900
................................

### Update TSV for rnacentral-rgd if check_tsv_filesize false or check_config_timestamp false or check_tsv_timestamp false
# File output/tsv/rnacentral-rgd.tsv is newer than config/rnacentral-rgd/config.yaml
# File output/tsv/rnacentral-rgd.tsv is newer than input/rnacentral/download.lock
# => Preserving output/tsv/rnacentral-rgd.tsv
Rule for TSV (output/tsv/rnacentral-rgd.tsv)
------------------------------
Investigating output/tsv/rnacentral-rgd.tsv
class: Rake::FileTask
task needed: true
timestamp: 2026-08-08 12:32:31 +0900
pre-requisites: 
--output/tsv/ (<EARLY TIME>)
--prepare:rnacentral (2026-09-05 05:18:27 +0900)
latest-prerequisite time: 2026-09-05 05:18:27 +0900
................................

### Update TSV for rnacentral-sgd if check_tsv_filesize false or check_config_timestamp false or check_tsv_timestamp false
# File output/tsv/rnacentral-sgd.tsv is newer than config/rnacentral-sgd/config.yaml
# File output/tsv/rnacentral-sgd.tsv is newer than input/rnacentral/download.lock
# => Preserving output/tsv/rnacentral-sgd.tsv
Rule for TSV (output/tsv/rnacentral-sgd.tsv)
------------------------------
Investigating output/tsv/rnacentral-sgd.tsv
class: Rake::FileTask
task needed: true
timestamp: 2026-08-07 23:55:34 +0900
pre-requisites: 
--output/tsv/ (<EARLY TIME>)
--prepare:rnacentral (2026-09-05 05:18:27 +0900)
latest-prerequisite time: 2026-09-05 05:18:27 +0900
................................

### Update TSV for rnacentral-tair if check_tsv_filesize false or check_config_timestamp false or check_tsv_timestamp false
# File output/tsv/rnacentral-tair.tsv is newer than config/rnacentral-tair/config.yaml
# File output/tsv/rnacentral-tair.tsv is newer than input/rnacentral/download.lock
# => Preserving output/tsv/rnacentral-tair.tsv
Rule for TSV (output/tsv/rnacentral-tair.tsv)
------------------------------
Investigating output/tsv/rnacentral-tair.tsv
class: Rake::FileTask
task needed: true
timestamp: 2026-08-07 23:57:39 +0900
pre-requisites: 
--output/tsv/ (<EARLY TIME>)
--prepare:rnacentral (2026-09-05 05:18:27 +0900)
latest-prerequisite time: 2026-09-05 05:18:27 +0900
................................

### Update TSV for rnacentral-wormbase_gene if check_tsv_filesize false or check_config_timestamp false or check_tsv_timestamp false
# File output/tsv/rnacentral-wormbase_gene.tsv is newer than config/rnacentral-wormbase_gene/config.yaml
# File output/tsv/rnacentral-wormbase_gene.tsv is newer than input/rnacentral/download.lock
# => Preserving output/tsv/rnacentral-wormbase_gene.tsv
Rule for TSV (output/tsv/rnacentral-wormbase_gene.tsv)
------------------------------
Investigating output/tsv/rnacentral-wormbase_gene.tsv
class: Rake::FileTask
task needed: true
timestamp: 2026-08-07 23:59:44 +0900
pre-requisites: 
--output/tsv/ (<EARLY TIME>)
--prepare:rnacentral (2026-09-05 05:18:27 +0900)
latest-prerequisite time: 2026-09-05 05:18:27 +0900
................................

### Update TSV for rnacentral-zfin_transcript if check_tsv_filesize false or check_config_timestamp false or check_tsv_timestamp false
# File output/tsv/rnacentral-zfin_transcript.tsv is newer than config/rnacentral-zfin_transcript/config.yaml
# File output/tsv/rnacentral-zfin_transcript.tsv is newer than input/rnacentral/download.lock
# => Preserving output/tsv/rnacentral-zfin_transcript.tsv
Rule for TSV (output/tsv/rnacentral-zfin_transcript.tsv)
------------------------------
Investigating output/tsv/rnacentral-zfin_transcript.tsv
class: Rake::FileTask
task needed: true
timestamp: 2026-08-08 00:01:52 +0900
pre-requisites: 
--output/tsv/ (<EARLY TIME>)
--prepare:rnacentral (2026-09-05 05:18:27 +0900)
latest-prerequisite time: 2026-09-05 05:18:27 +0900
................................

### Update TSV for sra_accession-bioproject if check_tsv_filesize false or check_config_timestamp false or check_tsv_timestamp true
# File output/tsv/sra_accession-bioproject.tsv is newer than config/sra_accession-bioproject/config.yaml
# File output/tsv/sra_accession-bioproject.tsv has no timestamp file
# File output/tsv/sra_accession-bioproject.tsv is created 7.255431364107997 days ago (will be updated when >5 days)
## Update config/sra_accession-bioproject/config.yaml => output/tsv/sra_accession-bioproject.tsv
< 2026-09-05T05:18:27 sra_accession-bioproject
togoid-config config/sra_accession-bioproject update
# Success: output/tsv/sra_accession-bioproject.tsv is updated
> 2026-09-05T05:23:35 sra_accession-bioproject
Rule for TSV (output/tsv/sra_accession-bioproject.tsv)
------------------------------
Investigating output/tsv/sra_accession-bioproject.tsv
class: Rake::FileTask
task needed: true
timestamp: 2026-09-05 05:23:35 +0900
pre-requisites: 
--output/tsv/ (<EARLY TIME>)
--prepare:sra (2026-09-05 05:23:35 +0900)
latest-prerequisite time: 2026-09-05 05:23:35 +0900
................................

### Update TSV for sra_accession-biosample if check_tsv_filesize false or check_config_timestamp false or check_tsv_timestamp true
# File output/tsv/sra_accession-biosample.tsv is newer than config/sra_accession-biosample/config.yaml
# File output/tsv/sra_accession-biosample.tsv has no timestamp file
# File output/tsv/sra_accession-biosample.tsv is created 7.252858045908438 days ago (will be updated when >5 days)
## Update config/sra_accession-biosample/config.yaml => output/tsv/sra_accession-biosample.tsv
< 2026-09-05T05:23:35 sra_accession-biosample
togoid-config config/sra_accession-biosample update
# Success: output/tsv/sra_accession-biosample.tsv is updated
> 2026-09-05T05:32:22 sra_accession-biosample
Rule for TSV (output/tsv/sra_accession-biosample.tsv)
------------------------------
Investigating output/tsv/sra_accession-biosample.tsv
class: Rake::FileTask
task needed: true
timestamp: 2026-09-05 05:32:22 +0900
pre-requisites: 
--output/tsv/ (<EARLY TIME>)
--prepare:sra (2026-09-05 05:32:22 +0900)
latest-prerequisite time: 2026-09-05 05:32:22 +0900
................................

### Update TSV for sra_accession-sra_analysis if check_tsv_filesize false or check_config_timestamp false or check_tsv_timestamp true
# File output/tsv/sra_accession-sra_analysis.tsv is newer than config/sra_accession-sra_analysis/config.yaml
# File output/tsv/sra_accession-sra_analysis.tsv has no timestamp file
# File output/tsv/sra_accession-sra_analysis.tsv is created 7.2576825165883685 days ago (will be updated when >5 days)
## Update config/sra_accession-sra_analysis/config.yaml => output/tsv/sra_accession-sra_analysis.tsv
< 2026-09-05T05:32:22 sra_accession-sra_analysis
togoid-config config/sra_accession-sra_analysis update
# Success: output/tsv/sra_accession-sra_analysis.tsv is updated
> 2026-09-05T05:34:12 sra_accession-sra_analysis
Rule for TSV (output/tsv/sra_accession-sra_analysis.tsv)
------------------------------
Investigating output/tsv/sra_accession-sra_analysis.tsv
class: Rake::FileTask
task needed: true
timestamp: 2026-09-05 05:34:12 +0900
pre-requisites: 
--output/tsv/ (<EARLY TIME>)
--prepare:sra (2026-09-05 05:34:12 +0900)
latest-prerequisite time: 2026-09-05 05:34:12 +0900
................................

### Update TSV for sra_accession-sra_experiment if check_tsv_filesize false or check_config_timestamp false or check_tsv_timestamp true
# File output/tsv/sra_accession-sra_experiment.tsv is newer than config/sra_accession-sra_experiment/config.yaml
# File output/tsv/sra_accession-sra_experiment.tsv has no timestamp file
# File output/tsv/sra_accession-sra_experiment.tsv is created 7.254049207005068 days ago (will be updated when >5 days)
## Update config/sra_accession-sra_experiment/config.yaml => output/tsv/sra_accession-sra_experiment.tsv
< 2026-09-05T05:34:12 sra_accession-sra_experiment
togoid-config config/sra_accession-sra_experiment update
# Success: output/tsv/sra_accession-sra_experiment.tsv is updated
> 2026-09-05T05:41:18 sra_accession-sra_experiment
Rule for TSV (output/tsv/sra_accession-sra_experiment.tsv)
------------------------------
Investigating output/tsv/sra_accession-sra_experiment.tsv
class: Rake::FileTask
task needed: true
timestamp: 2026-09-05 05:41:18 +0900
pre-requisites: 
--output/tsv/ (<EARLY TIME>)
--prepare:sra (2026-09-05 05:41:18 +0900)
latest-prerequisite time: 2026-09-05 05:41:18 +0900
................................

### Update TSV for sra_accession-sra_project if check_tsv_filesize false or check_config_timestamp false or check_tsv_timestamp true
# File output/tsv/sra_accession-sra_project.tsv is newer than config/sra_accession-sra_project/config.yaml
# File output/tsv/sra_accession-sra_project.tsv has no timestamp file
# File output/tsv/sra_accession-sra_project.tsv is created 7.258076062186794 days ago (will be updated when >5 days)
## Update config/sra_accession-sra_project/config.yaml => output/tsv/sra_accession-sra_project.tsv
< 2026-09-05T05:41:18 sra_accession-sra_project
togoid-config config/sra_accession-sra_project update
# Success: output/tsv/sra_accession-sra_project.tsv is updated
> 2026-09-05T05:42:36 sra_accession-sra_project
Rule for TSV (output/tsv/sra_accession-sra_project.tsv)
------------------------------
Investigating output/tsv/sra_accession-sra_project.tsv
class: Rake::FileTask
task needed: true
timestamp: 2026-09-05 05:42:36 +0900
pre-requisites: 
--output/tsv/ (<EARLY TIME>)
--prepare:sra (2026-09-05 05:42:36 +0900)
latest-prerequisite time: 2026-09-05 05:42:36 +0900
................................

### Update TSV for sra_accession-sra_run if check_tsv_filesize false or check_config_timestamp false or check_tsv_timestamp true
# File output/tsv/sra_accession-sra_run.tsv is newer than config/sra_accession-sra_run/config.yaml
# File output/tsv/sra_accession-sra_run.tsv has no timestamp file
# File output/tsv/sra_accession-sra_run.tsv is created 7.25362179166309 days ago (will be updated when >5 days)
## Update config/sra_accession-sra_run/config.yaml => output/tsv/sra_accession-sra_run.tsv
< 2026-09-05T05:42:36 sra_accession-sra_run
togoid-config config/sra_accession-sra_run update
# Success: output/tsv/sra_accession-sra_run.tsv is updated
> 2026-09-05T05:50:20 sra_accession-sra_run
Rule for TSV (output/tsv/sra_accession-sra_run.tsv)
------------------------------
Investigating output/tsv/sra_accession-sra_run.tsv
class: Rake::FileTask
task needed: true
timestamp: 2026-09-05 05:50:20 +0900
pre-requisites: 
--output/tsv/ (<EARLY TIME>)
--prepare:sra (2026-09-05 05:50:20 +0900)
latest-prerequisite time: 2026-09-05 05:50:20 +0900
................................

### Update TSV for sra_accession-sra_sample if check_tsv_filesize false or check_config_timestamp false or check_tsv_timestamp true
# File output/tsv/sra_accession-sra_sample.tsv is newer than config/sra_accession-sra_sample/config.yaml
# File output/tsv/sra_accession-sra_sample.tsv has no timestamp file
# File output/tsv/sra_accession-sra_sample.tsv is created 7.2541859690264126 days ago (will be updated when >5 days)
## Update config/sra_accession-sra_sample/config.yaml => output/tsv/sra_accession-sra_sample.tsv
< 2026-09-05T05:50:20 sra_accession-sra_sample
togoid-config config/sra_accession-sra_sample update
# Success: output/tsv/sra_accession-sra_sample.tsv is updated
> 2026-09-05T05:57:17 sra_accession-sra_sample
Rule for TSV (output/tsv/sra_accession-sra_sample.tsv)
------------------------------
Investigating output/tsv/sra_accession-sra_sample.tsv
class: Rake::FileTask
task needed: true
timestamp: 2026-09-05 05:57:17 +0900
pre-requisites: 
--output/tsv/ (<EARLY TIME>)
--prepare:sra (2026-09-05 05:57:17 +0900)
latest-prerequisite time: 2026-09-05 05:57:17 +0900
................................

### Update TSV for sra_experiment-bioproject if check_tsv_filesize false or check_config_timestamp false or check_tsv_timestamp true
# File output/tsv/sra_experiment-bioproject.tsv is newer than config/sra_experiment-bioproject/config.yaml
# File output/tsv/sra_experiment-bioproject.tsv has no timestamp file
# File output/tsv/sra_experiment-bioproject.tsv is created 7.256222235634954 days ago (will be updated when >5 days)
## Update config/sra_experiment-bioproject/config.yaml => output/tsv/sra_experiment-bioproject.tsv
< 2026-09-05T05:57:17 sra_experiment-bioproject
togoid-config config/sra_experiment-bioproject update
# Success: output/tsv/sra_experiment-bioproject.tsv is updated
> 2026-09-05T06:01:18 sra_experiment-bioproject
Rule for TSV (output/tsv/sra_experiment-bioproject.tsv)
------------------------------
Investigating output/tsv/sra_experiment-bioproject.tsv
class: Rake::FileTask
task needed: true
timestamp: 2026-09-05 06:01:18 +0900
pre-requisites: 
--output/tsv/ (<EARLY TIME>)
--prepare:sra (2026-09-05 06:01:18 +0900)
latest-prerequisite time: 2026-09-05 06:01:18 +0900
................................

### Update TSV for sra_experiment-biosample if check_tsv_filesize false or check_config_timestamp false or check_tsv_timestamp true
# File output/tsv/sra_experiment-biosample.tsv is newer than config/sra_experiment-biosample/config.yaml
# File output/tsv/sra_experiment-biosample.tsv has no timestamp file
# File output/tsv/sra_experiment-biosample.tsv is created 7.256313119530996 days ago (will be updated when >5 days)
## Update config/sra_experiment-biosample/config.yaml => output/tsv/sra_experiment-biosample.tsv
< 2026-09-05T06:01:18 sra_experiment-biosample
togoid-config config/sra_experiment-biosample update
# Success: output/tsv/sra_experiment-biosample.tsv is updated
> 2026-09-05T06:05:12 sra_experiment-biosample
Rule for TSV (output/tsv/sra_experiment-biosample.tsv)
------------------------------
Investigating output/tsv/sra_experiment-biosample.tsv
class: Rake::FileTask
task needed: true
timestamp: 2026-09-05 06:05:12 +0900
pre-requisites: 
--output/tsv/ (<EARLY TIME>)
--prepare:sra (2026-09-05 06:05:12 +0900)
latest-prerequisite time: 2026-09-05 06:05:12 +0900
................................

### Update TSV for sra_experiment-sra_project if check_tsv_filesize false or check_config_timestamp false or check_tsv_timestamp true
# File output/tsv/sra_experiment-sra_project.tsv is newer than config/sra_experiment-sra_project/config.yaml
# File output/tsv/sra_experiment-sra_project.tsv has no timestamp file
# File output/tsv/sra_experiment-sra_project.tsv is created 7.256722421315741 days ago (will be updated when >5 days)
## Update config/sra_experiment-sra_project/config.yaml => output/tsv/sra_experiment-sra_project.tsv
< 2026-09-05T06:05:12 sra_experiment-sra_project
togoid-config config/sra_experiment-sra_project update
# Success: output/tsv/sra_experiment-sra_project.tsv is updated
> 2026-09-05T06:08:32 sra_experiment-sra_project
Rule for TSV (output/tsv/sra_experiment-sra_project.tsv)
------------------------------
Investigating output/tsv/sra_experiment-sra_project.tsv
class: Rake::FileTask
task needed: true
timestamp: 2026-09-05 06:08:32 +0900
pre-requisites: 
--output/tsv/ (<EARLY TIME>)
--prepare:sra (2026-09-05 06:08:32 +0900)
latest-prerequisite time: 2026-09-05 06:08:32 +0900
................................

### Update TSV for sra_experiment-sra_sample if check_tsv_filesize false or check_config_timestamp false or check_tsv_timestamp true
# File output/tsv/sra_experiment-sra_sample.tsv is newer than config/sra_experiment-sra_sample/config.yaml
# File output/tsv/sra_experiment-sra_sample.tsv has no timestamp file
# File output/tsv/sra_experiment-sra_sample.tsv is created 7.256804539339537 days ago (will be updated when >5 days)
## Update config/sra_experiment-sra_sample/config.yaml => output/tsv/sra_experiment-sra_sample.tsv
< 2026-09-05T06:08:32 sra_experiment-sra_sample
togoid-config config/sra_experiment-sra_sample update
# Success: output/tsv/sra_experiment-sra_sample.tsv is updated
> 2026-09-05T06:11:46 sra_experiment-sra_sample
Rule for TSV (output/tsv/sra_experiment-sra_sample.tsv)
------------------------------
Investigating output/tsv/sra_experiment-sra_sample.tsv
class: Rake::FileTask
task needed: true
timestamp: 2026-09-05 06:11:46 +0900
pre-requisites: 
--output/tsv/ (<EARLY TIME>)
--prepare:sra (2026-09-05 06:11:46 +0900)
latest-prerequisite time: 2026-09-05 06:11:46 +0900
................................

### Update TSV for sra_project-bioproject if check_tsv_filesize false or check_config_timestamp false or check_tsv_timestamp true
# File output/tsv/sra_project-bioproject.tsv is newer than config/sra_project-bioproject/config.yaml
# File output/tsv/sra_project-bioproject.tsv has no timestamp file
# File output/tsv/sra_project-bioproject.tsv is created 7.258122977045289 days ago (will be updated when >5 days)
## Update config/sra_project-bioproject/config.yaml => output/tsv/sra_project-bioproject.tsv
< 2026-09-05T06:11:46 sra_project-bioproject
togoid-config config/sra_project-bioproject update
# Success: output/tsv/sra_project-bioproject.tsv is updated
> 2026-09-05T06:13:06 sra_project-bioproject
Rule for TSV (output/tsv/sra_project-bioproject.tsv)
------------------------------
Investigating output/tsv/sra_project-bioproject.tsv
class: Rake::FileTask
task needed: true
timestamp: 2026-09-05 06:13:06 +0900
pre-requisites: 
--output/tsv/ (<EARLY TIME>)
--prepare:sra (2026-09-05 06:13:06 +0900)
latest-prerequisite time: 2026-09-05 06:13:06 +0900
................................

### Update TSV for sra_run-bioproject if check_tsv_filesize false or check_config_timestamp false or check_tsv_timestamp true
# File output/tsv/sra_run-bioproject.tsv is newer than config/sra_run-bioproject/config.yaml
# File output/tsv/sra_run-bioproject.tsv has no timestamp file
# File output/tsv/sra_run-bioproject.tsv is created 7.255918153509756 days ago (will be updated when >5 days)
## Update config/sra_run-bioproject/config.yaml => output/tsv/sra_run-bioproject.tsv
< 2026-09-05T06:13:06 sra_run-bioproject
togoid-config config/sra_run-bioproject update
# Success: output/tsv/sra_run-bioproject.tsv is updated
> 2026-09-05T06:17:36 sra_run-bioproject
Rule for TSV (output/tsv/sra_run-bioproject.tsv)
------------------------------
Investigating output/tsv/sra_run-bioproject.tsv
class: Rake::FileTask
task needed: true
timestamp: 2026-09-05 06:17:36 +0900
pre-requisites: 
--output/tsv/ (<EARLY TIME>)
--prepare:sra (2026-09-05 06:17:36 +0900)
latest-prerequisite time: 2026-09-05 06:17:36 +0900
................................

### Update TSV for sra_run-biosample if check_tsv_filesize false or check_config_timestamp false or check_tsv_timestamp true
# File output/tsv/sra_run-biosample.tsv is newer than config/sra_run-biosample/config.yaml
# File output/tsv/sra_run-biosample.tsv has no timestamp file
# File output/tsv/sra_run-biosample.tsv is created 7.255998951475706 days ago (will be updated when >5 days)
## Update config/sra_run-biosample/config.yaml => output/tsv/sra_run-biosample.tsv
< 2026-09-05T06:17:36 sra_run-biosample
togoid-config config/sra_run-biosample update
# Success: output/tsv/sra_run-biosample.tsv is updated
> 2026-09-05T06:21:58 sra_run-biosample
Rule for TSV (output/tsv/sra_run-biosample.tsv)
------------------------------
Investigating output/tsv/sra_run-biosample.tsv
class: Rake::FileTask
task needed: true
timestamp: 2026-09-05 06:21:58 +0900
pre-requisites: 
--output/tsv/ (<EARLY TIME>)
--prepare:sra (2026-09-05 06:21:58 +0900)
latest-prerequisite time: 2026-09-05 06:21:58 +0900
................................

### Update TSV for sra_run-sra_experiment if check_tsv_filesize false or check_config_timestamp false or check_tsv_timestamp true
# File output/tsv/sra_run-sra_experiment.tsv is newer than config/sra_run-sra_experiment/config.yaml
# File output/tsv/sra_run-sra_experiment.tsv has no timestamp file
# File output/tsv/sra_run-sra_experiment.tsv is created 7.256693990948067 days ago (will be updated when >5 days)
## Update config/sra_run-sra_experiment/config.yaml => output/tsv/sra_run-sra_experiment.tsv
< 2026-09-05T06:21:58 sra_run-sra_experiment
togoid-config config/sra_run-sra_experiment update
# Success: output/tsv/sra_run-sra_experiment.tsv is updated
> 2026-09-05T06:25:21 sra_run-sra_experiment
Rule for TSV (output/tsv/sra_run-sra_experiment.tsv)
------------------------------
Investigating output/tsv/sra_run-sra_experiment.tsv
class: Rake::FileTask
task needed: true
timestamp: 2026-09-05 06:25:21 +0900
pre-requisites: 
--output/tsv/ (<EARLY TIME>)
--prepare:sra (2026-09-05 06:25:21 +0900)
latest-prerequisite time: 2026-09-05 06:25:21 +0900
................................

### Update TSV for sra_run-sra_project if check_tsv_filesize false or check_config_timestamp false or check_tsv_timestamp true
# File output/tsv/sra_run-sra_project.tsv is newer than config/sra_run-sra_project/config.yaml
# File output/tsv/sra_run-sra_project.tsv has no timestamp file
# File output/tsv/sra_run-sra_project.tsv is created 7.25654081252706 days ago (will be updated when >5 days)
## Update config/sra_run-sra_project/config.yaml => output/tsv/sra_run-sra_project.tsv
< 2026-09-05T06:25:21 sra_run-sra_project
togoid-config config/sra_run-sra_project update
# Success: output/tsv/sra_run-sra_project.tsv is updated
> 2026-09-05T06:28:58 sra_run-sra_project
Rule for TSV (output/tsv/sra_run-sra_project.tsv)
------------------------------
Investigating output/tsv/sra_run-sra_project.tsv
class: Rake::FileTask
task needed: true
timestamp: 2026-09-05 06:28:58 +0900
pre-requisites: 
--output/tsv/ (<EARLY TIME>)
--prepare:sra (2026-09-05 06:28:58 +0900)
latest-prerequisite time: 2026-09-05 06:28:58 +0900
................................

### Update TSV for sra_run-sra_sample if check_tsv_filesize false or check_config_timestamp false or check_tsv_timestamp true
# File output/tsv/sra_run-sra_sample.tsv is newer than config/sra_run-sra_sample/config.yaml
# File output/tsv/sra_run-sra_sample.tsv has no timestamp file
# File output/tsv/sra_run-sra_sample.tsv is created 7.25663177859103 days ago (will be updated when >5 days)
## Update config/sra_run-sra_sample/config.yaml => output/tsv/sra_run-sra_sample.tsv
< 2026-09-05T06:28:58 sra_run-sra_sample
togoid-config config/sra_run-sra_sample update
# Success: output/tsv/sra_run-sra_sample.tsv is updated
> 2026-09-05T06:32:28 sra_run-sra_sample
Rule for TSV (output/tsv/sra_run-sra_sample.tsv)
------------------------------
Investigating output/tsv/sra_run-sra_sample.tsv
class: Rake::FileTask
task needed: true
timestamp: 2026-09-05 06:32:28 +0900
pre-requisites: 
--output/tsv/ (<EARLY TIME>)
--prepare:sra (2026-09-05 06:32:28 +0900)
latest-prerequisite time: 2026-09-05 06:32:28 +0900
................................

### Update TSV for sra_sample-biosample if check_tsv_filesize false or check_config_timestamp false or check_tsv_timestamp true
# File output/tsv/sra_sample-biosample.tsv is newer than config/sra_sample-biosample/config.yaml
# File output/tsv/sra_sample-biosample.tsv has no timestamp file
# File output/tsv/sra_sample-biosample.tsv is created 7.256572575713194 days ago (will be updated when >5 days)
## Update config/sra_sample-biosample/config.yaml => output/tsv/sra_sample-biosample.tsv
< 2026-09-05T06:32:28 sra_sample-biosample
togoid-config config/sra_sample-biosample update
# Success: output/tsv/sra_sample-biosample.tsv is updated
> 2026-09-05T06:36:04 sra_sample-biosample
Rule for TSV (output/tsv/sra_sample-biosample.tsv)
------------------------------
Investigating output/tsv/sra_sample-biosample.tsv
class: Rake::FileTask
task needed: true
timestamp: 2026-09-05 06:36:04 +0900
pre-requisites: 
--output/tsv/ (<EARLY TIME>)
--prepare:sra (2026-09-05 06:36:04 +0900)
latest-prerequisite time: 2026-09-05 06:36:04 +0900
................................

### Update TSV for swisslipids-chebi if check_tsv_filesize false or check_config_timestamp false or check_tsv_timestamp true
# File output/tsv/swisslipids-chebi.tsv is newer than config/swisslipids-chebi/config.yaml
# File output/tsv/swisslipids-chebi.tsv is older than input/swisslipids/download.lock
## Update config/swisslipids-chebi/config.yaml => output/tsv/swisslipids-chebi.tsv
< 2026-09-05T06:36:04 swisslipids-chebi
togoid-config config/swisslipids-chebi update
# Success: output/tsv/swisslipids-chebi.tsv is updated
> 2026-09-05T06:36:16 swisslipids-chebi
Rule for TSV (output/tsv/swisslipids-chebi.tsv)
------------------------------
Investigating output/tsv/swisslipids-chebi.tsv
class: Rake::FileTask
task needed: true
timestamp: 2026-09-05 06:36:16 +0900
pre-requisites: 
--output/tsv/ (<EARLY TIME>)
--prepare:swisslipids (2026-09-05 06:36:16 +0900)
latest-prerequisite time: 2026-09-05 06:36:16 +0900
................................

### Update TSV for swisslipids-hmdb if check_tsv_filesize false or check_config_timestamp false or check_tsv_timestamp true
# File output/tsv/swisslipids-hmdb.tsv is newer than config/swisslipids-hmdb/config.yaml
# File output/tsv/swisslipids-hmdb.tsv is older than input/swisslipids/download.lock
## Update config/swisslipids-hmdb/config.yaml => output/tsv/swisslipids-hmdb.tsv
< 2026-09-05T06:36:16 swisslipids-hmdb
togoid-config config/swisslipids-hmdb update
# Success: output/tsv/swisslipids-hmdb.tsv is updated
> 2026-09-05T06:36:27 swisslipids-hmdb
Rule for TSV (output/tsv/swisslipids-hmdb.tsv)
------------------------------
Investigating output/tsv/swisslipids-hmdb.tsv
class: Rake::FileTask
task needed: true
timestamp: 2026-09-05 06:36:27 +0900
pre-requisites: 
--output/tsv/ (<EARLY TIME>)
--prepare:swisslipids (2026-09-05 06:36:27 +0900)
latest-prerequisite time: 2026-09-05 06:36:27 +0900
................................

### Update TSV for swisslipids-inchi_key if check_tsv_filesize false or check_config_timestamp false or check_tsv_timestamp true
# File output/tsv/swisslipids-inchi_key.tsv is newer than config/swisslipids-inchi_key/config.yaml
# File output/tsv/swisslipids-inchi_key.tsv is older than input/swisslipids/download.lock
## Update config/swisslipids-inchi_key/config.yaml => output/tsv/swisslipids-inchi_key.tsv
< 2026-09-05T06:36:27 swisslipids-inchi_key
togoid-config config/swisslipids-inchi_key update
# Success: output/tsv/swisslipids-inchi_key.tsv is updated
> 2026-09-05T06:36:37 swisslipids-inchi_key
Rule for TSV (output/tsv/swisslipids-inchi_key.tsv)
------------------------------
Investigating output/tsv/swisslipids-inchi_key.tsv
class: Rake::FileTask
task needed: true
timestamp: 2026-09-05 06:36:37 +0900
pre-requisites: 
--output/tsv/ (<EARLY TIME>)
--prepare:swisslipids (2026-09-05 06:36:37 +0900)
latest-prerequisite time: 2026-09-05 06:36:37 +0900
................................

### Update TSV for taxonomy-pubmed if check_tsv_filesize false or check_config_timestamp false or check_tsv_timestamp true
# File output/tsv/taxonomy-pubmed.tsv is newer than config/taxonomy-pubmed/config.yaml
# File output/tsv/taxonomy-pubmed.tsv is older than input/taxonomy/download.lock
## Update config/taxonomy-pubmed/config.yaml => output/tsv/taxonomy-pubmed.tsv
< 2026-09-05T06:36:37 taxonomy-pubmed
togoid-config config/taxonomy-pubmed update
awk: cmd. line:1: warning: escape sequence `\|' treated as plain `|'
# Success: output/tsv/taxonomy-pubmed.tsv is updated
> 2026-09-05T06:36:37 taxonomy-pubmed
Rule for TSV (output/tsv/taxonomy-pubmed.tsv)
------------------------------
Investigating output/tsv/taxonomy-pubmed.tsv
class: Rake::FileTask
task needed: true
timestamp: 2026-09-05 06:36:37 +0900
pre-requisites: 
--output/tsv/ (<EARLY TIME>)
--prepare:taxonomy (2026-09-05 06:36:37 +0900)
latest-prerequisite time: 2026-09-05 06:36:37 +0900
................................

### Update TSV for togovar-clinvar if check_tsv_filesize false or check_config_timestamp false or check_tsv_timestamp true
# File output/tsv/togovar-clinvar.tsv is newer than config/togovar-clinvar/config.yaml
# File output/tsv/togovar-clinvar.tsv is older than input/togovar/download.lock
## Update config/togovar-clinvar/config.yaml => output/tsv/togovar-clinvar.tsv
< 2026-09-05T06:36:37 togovar-clinvar
togoid-config config/togovar-clinvar update
# Error: output/tsv/togovar-clinvar.tsv new file size per old 0 / 15732849 = 0.0 < 0.5
# Error: Failed to create output/tsv/togovar-clinvar.tsv or created file was empty
# Failure: output/tsv/togovar-clinvar.tsv is not updated
> 2026-09-05T06:38:43 togovar-clinvar
Rule for TSV (output/tsv/togovar-clinvar.tsv)
------------------------------
Investigating output/tsv/togovar-clinvar.tsv
class: Rake::FileTask
task needed: true
timestamp: 2026-08-29 00:24:34 +0900
pre-requisites: 
--output/tsv/ (<EARLY TIME>)
--prepare:togovar (2026-09-05 06:38:43 +0900)
latest-prerequisite time: 2026-09-05 06:38:43 +0900
................................

### Update TSV for togovar-dbsnp if check_tsv_filesize false or check_config_timestamp true or check_tsv_timestamp true
# File output/tsv/togovar-dbsnp.tsv is older than config/togovar-dbsnp/config.yaml
## Update config/togovar-dbsnp/config.yaml => output/tsv/togovar-dbsnp.tsv
< 2026-09-05T06:38:43 togovar-dbsnp
togoid-config config/togovar-dbsnp update
# Error: output/tsv/togovar-dbsnp.tsv new file size per old 1 / 6930080952 = 1.4429845869425278e-10 < 0.5
# Error: output/tsv/togovar-dbsnp.tsv seems to contain >2 empty lines
# Failure: output/tsv/togovar-dbsnp.tsv is not updated
> 2026-09-05T06:38:43 togovar-dbsnp
Rule for TSV (output/tsv/togovar-dbsnp.tsv)
------------------------------
Investigating output/tsv/togovar-dbsnp.tsv
class: Rake::FileTask
task needed: true
timestamp: 2026-05-09 00:09:10 +0900
pre-requisites: 
--output/tsv/ (<EARLY TIME>)
--prepare:togovar (2026-09-05 06:38:43 +0900)
latest-prerequisite time: 2026-09-05 06:38:43 +0900
................................

### Update TSV for togovar-ensembl_gene if check_tsv_filesize false or check_config_timestamp true or check_tsv_timestamp true
# File output/tsv/togovar-ensembl_gene.tsv is older than config/togovar-ensembl_gene/config.yaml
## Update config/togovar-ensembl_gene/config.yaml => output/tsv/togovar-ensembl_gene.tsv
< 2026-09-05T06:38:43 togovar-ensembl_gene
togoid-config config/togovar-ensembl_gene update
# Error: output/tsv/togovar-ensembl_gene.tsv new file size per old 1 / 2035776572 = 4.912130406420651e-10 < 0.5
# Error: output/tsv/togovar-ensembl_gene.tsv seems to contain >2 empty lines
# Failure: output/tsv/togovar-ensembl_gene.tsv is not updated
> 2026-09-05T06:38:43 togovar-ensembl_gene
Rule for TSV (output/tsv/togovar-ensembl_gene.tsv)
------------------------------
Investigating output/tsv/togovar-ensembl_gene.tsv
class: Rake::FileTask
task needed: true
timestamp: 2026-05-02 00:11:13 +0900
pre-requisites: 
--output/tsv/ (<EARLY TIME>)
--prepare:togovar (2026-09-05 06:38:43 +0900)
latest-prerequisite time: 2026-09-05 06:38:43 +0900
................................

### Update TSV for togovar-ensembl_transcript if check_tsv_filesize false or check_config_timestamp true or check_tsv_timestamp true
# File output/tsv/togovar-ensembl_transcript.tsv is older than config/togovar-ensembl_transcript/config.yaml
## Update config/togovar-ensembl_transcript/config.yaml => output/tsv/togovar-ensembl_transcript.tsv
< 2026-09-05T06:38:43 togovar-ensembl_transcript
togoid-config config/togovar-ensembl_transcript update
# Error: output/tsv/togovar-ensembl_transcript.tsv new file size per old 1 / 8069270901 = 1.2392693370550654e-10 < 0.5
# Error: output/tsv/togovar-ensembl_transcript.tsv seems to contain >2 empty lines
# Failure: output/tsv/togovar-ensembl_transcript.tsv is not updated
> 2026-09-05T06:38:43 togovar-ensembl_transcript
Rule for TSV (output/tsv/togovar-ensembl_transcript.tsv)
------------------------------
Investigating output/tsv/togovar-ensembl_transcript.tsv
class: Rake::FileTask
task needed: true
timestamp: 2026-05-02 00:14:04 +0900
pre-requisites: 
--output/tsv/ (<EARLY TIME>)
--prepare:togovar (2026-09-05 06:38:43 +0900)
latest-prerequisite time: 2026-09-05 06:38:43 +0900
................................

### Update TSV for togovar-hgnc if check_tsv_filesize false or check_config_timestamp true or check_tsv_timestamp true
# File output/tsv/togovar-hgnc.tsv is older than config/togovar-hgnc/config.yaml
## Update config/togovar-hgnc/config.yaml => output/tsv/togovar-hgnc.tsv
< 2026-09-05T06:38:43 togovar-hgnc
togoid-config config/togovar-hgnc update
# Error: output/tsv/togovar-hgnc.tsv new file size per old 1 / 5238219202 = 1.9090457299270538e-10 < 0.5
# Error: output/tsv/togovar-hgnc.tsv seems to contain >2 empty lines
# Failure: output/tsv/togovar-hgnc.tsv is not updated
> 2026-09-05T06:38:43 togovar-hgnc
Rule for TSV (output/tsv/togovar-hgnc.tsv)
------------------------------
Investigating output/tsv/togovar-hgnc.tsv
class: Rake::FileTask
task needed: true
timestamp: 2026-05-09 00:21:53 +0900
pre-requisites: 
--output/tsv/ (<EARLY TIME>)
--prepare:togovar (2026-09-05 06:38:43 +0900)
latest-prerequisite time: 2026-09-05 06:38:43 +0900
................................

### Update TSV for togovar-ncbigene if check_tsv_filesize false or check_config_timestamp true or check_tsv_timestamp true
# File output/tsv/togovar-ncbigene.tsv is older than config/togovar-ncbigene/config.yaml
## Update config/togovar-ncbigene/config.yaml => output/tsv/togovar-ncbigene.tsv
< 2026-09-05T06:38:43 togovar-ncbigene
togoid-config config/togovar-ncbigene update
# Error: output/tsv/togovar-ncbigene.tsv new file size per old 1 / 5660195874 = 1.766723311808838e-10 < 0.5
# Error: output/tsv/togovar-ncbigene.tsv seems to contain >2 empty lines
# Failure: output/tsv/togovar-ncbigene.tsv is not updated
> 2026-09-05T06:38:43 togovar-ncbigene
Rule for TSV (output/tsv/togovar-ncbigene.tsv)
------------------------------
Investigating output/tsv/togovar-ncbigene.tsv
class: Rake::FileTask
task needed: true
timestamp: 2026-05-09 00:23:59 +0900
pre-requisites: 
--output/tsv/ (<EARLY TIME>)
--prepare:togovar (2026-09-05 06:38:43 +0900)
latest-prerequisite time: 2026-09-05 06:38:43 +0900
................................

### Update TSV for togovar-pubmed if check_tsv_filesize false or check_config_timestamp false or check_tsv_timestamp true
# File output/tsv/togovar-pubmed.tsv is newer than config/togovar-pubmed/config.yaml
# File output/tsv/togovar-pubmed.tsv is older than input/togovar/download.lock
## Update config/togovar-pubmed/config.yaml => output/tsv/togovar-pubmed.tsv
< 2026-09-05T06:38:43 togovar-pubmed
togoid-config config/togovar-pubmed update
# Success: output/tsv/togovar-pubmed.tsv is updated
> 2026-09-05T06:38:44 togovar-pubmed
Rule for TSV (output/tsv/togovar-pubmed.tsv)
------------------------------
Investigating output/tsv/togovar-pubmed.tsv
class: Rake::FileTask
task needed: true
timestamp: 2026-09-05 06:38:44 +0900
pre-requisites: 
--output/tsv/ (<EARLY TIME>)
--prepare:togovar (2026-09-05 06:38:44 +0900)
latest-prerequisite time: 2026-09-05 06:38:44 +0900
................................

### Update TSV for togovar-refseq_rna if check_tsv_filesize false or check_config_timestamp true or check_tsv_timestamp true
# File output/tsv/togovar-refseq_rna.tsv is older than config/togovar-refseq_rna/config.yaml
## Update config/togovar-refseq_rna/config.yaml => output/tsv/togovar-refseq_rna.tsv
< 2026-09-05T06:38:44 togovar-refseq_rna
togoid-config config/togovar-refseq_rna update
# Error: output/tsv/togovar-refseq_rna.tsv new file size per old 1 / 56951037604 = 1.7558942594748514e-11 < 0.5
# Error: output/tsv/togovar-refseq_rna.tsv seems to contain >2 empty lines
# Failure: output/tsv/togovar-refseq_rna.tsv is not updated
> 2026-09-05T06:38:44 togovar-refseq_rna
Rule for TSV (output/tsv/togovar-refseq_rna.tsv)
------------------------------
Investigating output/tsv/togovar-refseq_rna.tsv
class: Rake::FileTask
task needed: true
timestamp: 2026-05-09 00:40:43 +0900
pre-requisites: 
--output/tsv/ (<EARLY TIME>)
--prepare:togovar (2026-09-05 06:38:44 +0900)
latest-prerequisite time: 2026-09-05 06:38:44 +0900
................................

### Update TSV for uberon-ncit_tissue if check_tsv_filesize false or check_config_timestamp false or check_tsv_timestamp true
# File output/tsv/uberon-ncit_tissue.tsv is newer than config/uberon-ncit_tissue/config.yaml
# File output/tsv/uberon-ncit_tissue.tsv has no timestamp file
# File output/tsv/uberon-ncit_tissue.tsv is created 7.25978996345456 days ago (will be updated when >5 days)
## Update config/uberon-ncit_tissue/config.yaml => output/tsv/uberon-ncit_tissue.tsv
< 2026-09-05T06:38:44 uberon-ncit_tissue
togoid-config config/uberon-ncit_tissue update
# Success: output/tsv/uberon-ncit_tissue.tsv is updated
> 2026-09-05T06:38:46 uberon-ncit_tissue
Rule for TSV (output/tsv/uberon-ncit_tissue.tsv)
------------------------------
Investigating output/tsv/uberon-ncit_tissue.tsv
class: Rake::FileTask
task needed: false
timestamp: 2026-09-05 06:38:46 +0900
pre-requisites: 
--output/tsv/ (<EARLY TIME>)
--input/update.txt (2026-09-05 02:59:40 +0900)
latest-prerequisite time: 2026-09-05 02:59:40 +0900
................................

### Update TSV for uniparc-refseq_protein if check_tsv_filesize false or check_config_timestamp false or check_tsv_timestamp false
# File output/tsv/uniparc-refseq_protein.tsv is newer than config/uniparc-refseq_protein/config.yaml
# File output/tsv/uniparc-refseq_protein.tsv is newer than input/uniparc/download.lock
# => Preserving output/tsv/uniparc-refseq_protein.tsv
Rule for TSV (output/tsv/uniparc-refseq_protein.tsv)
------------------------------
Investigating output/tsv/uniparc-refseq_protein.tsv
class: Rake::FileTask
task needed: true
timestamp: 2026-06-16 12:25:18 +0900
pre-requisites: 
--output/tsv/ (<EARLY TIME>)
--prepare:uniparc (2026-09-05 06:38:46 +0900)
latest-prerequisite time: 2026-09-05 06:38:46 +0900
................................

### Update TSV for uniprot-chembl_target if check_tsv_filesize false or check_config_timestamp false or check_tsv_timestamp true
# File output/tsv/uniprot-chembl_target.tsv is newer than config/uniprot-chembl_target/config.yaml
# File output/tsv/uniprot-chembl_target.tsv is older than input/uniprot/download.lock
## Update config/uniprot-chembl_target/config.yaml => output/tsv/uniprot-chembl_target.tsv
< 2026-09-05T06:38:46 uniprot-chembl_target
togoid-config config/uniprot-chembl_target update
# Success: output/tsv/uniprot-chembl_target.tsv is updated
> 2026-09-05T07:01:47 uniprot-chembl_target
Rule for TSV (output/tsv/uniprot-chembl_target.tsv)
------------------------------
Investigating output/tsv/uniprot-chembl_target.tsv
class: Rake::FileTask
task needed: true
timestamp: 2026-09-05 07:01:47 +0900
pre-requisites: 
--output/tsv/ (<EARLY TIME>)
--prepare:uniprot (2026-09-05 07:01:47 +0900)
latest-prerequisite time: 2026-09-05 07:01:47 +0900
................................

### Update TSV for uniprot-dbsnp if check_tsv_filesize false or check_config_timestamp false or check_tsv_timestamp true
# File output/tsv/uniprot-dbsnp.tsv is newer than config/uniprot-dbsnp/config.yaml
# File output/tsv/uniprot-dbsnp.tsv is older than input/uniprot/download.lock
## Update config/uniprot-dbsnp/config.yaml => output/tsv/uniprot-dbsnp.tsv
< 2026-09-05T07:01:47 uniprot-dbsnp
togoid-config config/uniprot-dbsnp update
# Success: output/tsv/uniprot-dbsnp.tsv is updated
> 2026-09-05T07:02:15 uniprot-dbsnp
Rule for TSV (output/tsv/uniprot-dbsnp.tsv)
------------------------------
Investigating output/tsv/uniprot-dbsnp.tsv
class: Rake::FileTask
task needed: true
timestamp: 2026-09-05 07:02:15 +0900
pre-requisites: 
--output/tsv/ (<EARLY TIME>)
--prepare:uniprot (2026-09-05 07:02:15 +0900)
latest-prerequisite time: 2026-09-05 07:02:15 +0900
................................

### Update TSV for uniprot-ec if check_tsv_filesize false or check_config_timestamp false or check_tsv_timestamp true
# File output/tsv/uniprot-ec.tsv is newer than config/uniprot-ec/config.yaml
# File output/tsv/uniprot-ec.tsv is older than input/uniprot/download.lock
## Update config/uniprot-ec/config.yaml => output/tsv/uniprot-ec.tsv
< 2026-09-05T07:02:15 uniprot-ec
togoid-config config/uniprot-ec update
# Success: output/tsv/uniprot-ec.tsv is updated
> 2026-09-05T07:29:20 uniprot-ec
Rule for TSV (output/tsv/uniprot-ec.tsv)
------------------------------
Investigating output/tsv/uniprot-ec.tsv
class: Rake::FileTask
task needed: true
timestamp: 2026-09-05 07:29:20 +0900
pre-requisites: 
--output/tsv/ (<EARLY TIME>)
--prepare:uniprot (2026-09-05 07:29:20 +0900)
latest-prerequisite time: 2026-09-05 07:29:20 +0900
................................

### Update TSV for uniprot-ensembl_gene if check_tsv_filesize false or check_config_timestamp false or check_tsv_timestamp true
# File output/tsv/uniprot-ensembl_gene.tsv is newer than config/uniprot-ensembl_gene/config.yaml
# File output/tsv/uniprot-ensembl_gene.tsv is older than input/uniprot/download.lock
## Update config/uniprot-ensembl_gene/config.yaml => output/tsv/uniprot-ensembl_gene.tsv
< 2026-09-05T07:29:20 uniprot-ensembl_gene
togoid-config config/uniprot-ensembl_gene update
# Success: output/tsv/uniprot-ensembl_gene.tsv is updated
> 2026-09-05T07:57:55 uniprot-ensembl_gene
Rule for TSV (output/tsv/uniprot-ensembl_gene.tsv)
------------------------------
Investigating output/tsv/uniprot-ensembl_gene.tsv
class: Rake::FileTask
task needed: true
timestamp: 2026-09-05 07:57:55 +0900
pre-requisites: 
--output/tsv/ (<EARLY TIME>)
--prepare:uniprot (2026-09-05 07:57:55 +0900)
latest-prerequisite time: 2026-09-05 07:57:55 +0900
................................

### Update TSV for uniprot-ensembl_protein if check_tsv_filesize false or check_config_timestamp false or check_tsv_timestamp true
# File output/tsv/uniprot-ensembl_protein.tsv is newer than config/uniprot-ensembl_protein/config.yaml
# File output/tsv/uniprot-ensembl_protein.tsv is older than input/uniprot/download.lock
## Update config/uniprot-ensembl_protein/config.yaml => output/tsv/uniprot-ensembl_protein.tsv
< 2026-09-05T07:57:55 uniprot-ensembl_protein
togoid-config config/uniprot-ensembl_protein update
# Success: output/tsv/uniprot-ensembl_protein.tsv is updated
> 2026-09-05T08:26:05 uniprot-ensembl_protein
Rule for TSV (output/tsv/uniprot-ensembl_protein.tsv)
------------------------------
Investigating output/tsv/uniprot-ensembl_protein.tsv
class: Rake::FileTask
task needed: true
timestamp: 2026-09-05 08:26:05 +0900
pre-requisites: 
--output/tsv/ (<EARLY TIME>)
--prepare:uniprot (2026-09-05 08:26:05 +0900)
latest-prerequisite time: 2026-09-05 08:26:05 +0900
................................

### Update TSV for uniprot-ensembl_transcript if check_tsv_filesize false or check_config_timestamp false or check_tsv_timestamp true
# File output/tsv/uniprot-ensembl_transcript.tsv is newer than config/uniprot-ensembl_transcript/config.yaml
# File output/tsv/uniprot-ensembl_transcript.tsv is older than input/uniprot/download.lock
## Update config/uniprot-ensembl_transcript/config.yaml => output/tsv/uniprot-ensembl_transcript.tsv
< 2026-09-05T08:26:05 uniprot-ensembl_transcript
togoid-config config/uniprot-ensembl_transcript update
# Success: output/tsv/uniprot-ensembl_transcript.tsv is updated
> 2026-09-05T08:54:13 uniprot-ensembl_transcript
Rule for TSV (output/tsv/uniprot-ensembl_transcript.tsv)
------------------------------
Investigating output/tsv/uniprot-ensembl_transcript.tsv
class: Rake::FileTask
task needed: true
timestamp: 2026-09-05 08:54:13 +0900
pre-requisites: 
--output/tsv/ (<EARLY TIME>)
--prepare:uniprot (2026-09-05 08:54:13 +0900)
latest-prerequisite time: 2026-09-05 08:54:13 +0900
................................

### Update TSV for uniprot-go if check_tsv_filesize false or check_config_timestamp false or check_tsv_timestamp true
# File output/tsv/uniprot-go.tsv is newer than config/uniprot-go/config.yaml
# File output/tsv/uniprot-go.tsv is older than input/uniprot/download.lock
## Update config/uniprot-go/config.yaml => output/tsv/uniprot-go.tsv
< 2026-09-05T08:54:13 uniprot-go
togoid-config config/uniprot-go update
# Success: output/tsv/uniprot-go.tsv is updated
> 2026-09-05T09:04:06 uniprot-go
Rule for TSV (output/tsv/uniprot-go.tsv)
------------------------------
Investigating output/tsv/uniprot-go.tsv
class: Rake::FileTask
task needed: true
timestamp: 2026-09-05 09:04:06 +0900
pre-requisites: 
--output/tsv/ (<EARLY TIME>)
--prepare:uniprot (2026-09-05 09:04:06 +0900)
latest-prerequisite time: 2026-09-05 09:04:06 +0900
................................

### Update TSV for uniprot-hgnc if check_tsv_filesize false or check_config_timestamp false or check_tsv_timestamp true
# File output/tsv/uniprot-hgnc.tsv is newer than config/uniprot-hgnc/config.yaml
# File output/tsv/uniprot-hgnc.tsv is older than input/uniprot/download.lock
## Update config/uniprot-hgnc/config.yaml => output/tsv/uniprot-hgnc.tsv
< 2026-09-05T09:04:06 uniprot-hgnc
togoid-config config/uniprot-hgnc update
# Success: output/tsv/uniprot-hgnc.tsv is updated
> 2026-09-05T09:26:17 uniprot-hgnc
Rule for TSV (output/tsv/uniprot-hgnc.tsv)
------------------------------
Investigating output/tsv/uniprot-hgnc.tsv
class: Rake::FileTask
task needed: true
timestamp: 2026-09-05 09:26:17 +0900
pre-requisites: 
--output/tsv/ (<EARLY TIME>)
--prepare:uniprot (2026-09-05 09:26:17 +0900)
latest-prerequisite time: 2026-09-05 09:26:17 +0900
................................

### Update TSV for uniprot-insdc if check_tsv_filesize false or check_config_timestamp false or check_tsv_timestamp true
# File output/tsv/uniprot-insdc.tsv is newer than config/uniprot-insdc/config.yaml
# File output/tsv/uniprot-insdc.tsv is older than input/uniprot/download.lock
## Update config/uniprot-insdc/config.yaml => output/tsv/uniprot-insdc.tsv
< 2026-09-05T09:26:17 uniprot-insdc
togoid-config config/uniprot-insdc update
# Success: output/tsv/uniprot-insdc.tsv is updated
> 2026-09-05T09:52:26 uniprot-insdc
Rule for TSV (output/tsv/uniprot-insdc.tsv)
------------------------------
Investigating output/tsv/uniprot-insdc.tsv
class: Rake::FileTask
task needed: true
timestamp: 2026-09-05 09:52:26 +0900
pre-requisites: 
--output/tsv/ (<EARLY TIME>)
--prepare:uniprot (2026-09-05 09:52:26 +0900)
latest-prerequisite time: 2026-09-05 09:52:26 +0900
................................

### Update TSV for uniprot-insdc_cds if check_tsv_filesize false or check_config_timestamp false or check_tsv_timestamp true
# File output/tsv/uniprot-insdc_cds.tsv is newer than config/uniprot-insdc_cds/config.yaml
# File output/tsv/uniprot-insdc_cds.tsv is older than input/uniprot/download.lock
## Update config/uniprot-insdc_cds/config.yaml => output/tsv/uniprot-insdc_cds.tsv
< 2026-09-05T09:52:26 uniprot-insdc_cds
togoid-config config/uniprot-insdc_cds update
# Success: output/tsv/uniprot-insdc_cds.tsv is updated
> 2026-09-05T10:16:35 uniprot-insdc_cds
Rule for TSV (output/tsv/uniprot-insdc_cds.tsv)
------------------------------
Investigating output/tsv/uniprot-insdc_cds.tsv
class: Rake::FileTask
task needed: true
timestamp: 2026-09-05 10:16:35 +0900
pre-requisites: 
--output/tsv/ (<EARLY TIME>)
--prepare:uniprot (2026-09-05 10:16:35 +0900)
latest-prerequisite time: 2026-09-05 10:16:35 +0900
................................

### Update TSV for uniprot-intact if check_tsv_filesize false or check_config_timestamp false or check_tsv_timestamp true
# File output/tsv/uniprot-intact.tsv is newer than config/uniprot-intact/config.yaml
# File output/tsv/uniprot-intact.tsv is older than input/uniprot/download.lock
## Update config/uniprot-intact/config.yaml => output/tsv/uniprot-intact.tsv
< 2026-09-05T10:16:35 uniprot-intact
togoid-config config/uniprot-intact update
# Success: output/tsv/uniprot-intact.tsv is updated
> 2026-09-05T10:17:51 uniprot-intact
Rule for TSV (output/tsv/uniprot-intact.tsv)
------------------------------
Investigating output/tsv/uniprot-intact.tsv
class: Rake::FileTask
task needed: true
timestamp: 2026-09-05 10:17:51 +0900
pre-requisites: 
--output/tsv/ (<EARLY TIME>)
--prepare:uniprot (2026-09-05 10:17:51 +0900)
latest-prerequisite time: 2026-09-05 10:17:51 +0900
................................

### Update TSV for uniprot-ncbigene if check_tsv_filesize false or check_config_timestamp false or check_tsv_timestamp true
# File output/tsv/uniprot-ncbigene.tsv is newer than config/uniprot-ncbigene/config.yaml
# File output/tsv/uniprot-ncbigene.tsv is older than input/uniprot/download.lock
## Update config/uniprot-ncbigene/config.yaml => output/tsv/uniprot-ncbigene.tsv
< 2026-09-05T10:17:51 uniprot-ncbigene
togoid-config config/uniprot-ncbigene update
# Success: output/tsv/uniprot-ncbigene.tsv is updated
> 2026-09-05T10:40:43 uniprot-ncbigene
Rule for TSV (output/tsv/uniprot-ncbigene.tsv)
------------------------------
Investigating output/tsv/uniprot-ncbigene.tsv
class: Rake::FileTask
task needed: true
timestamp: 2026-09-05 10:40:43 +0900
pre-requisites: 
--output/tsv/ (<EARLY TIME>)
--prepare:uniprot (2026-09-05 10:40:43 +0900)
latest-prerequisite time: 2026-09-05 10:40:43 +0900
................................

### Update TSV for uniprot-oma_group if check_tsv_filesize false or check_config_timestamp false or check_tsv_timestamp true
# File output/tsv/uniprot-oma_group.tsv is newer than config/uniprot-oma_group/config.yaml
# File output/tsv/uniprot-oma_group.tsv is older than input/uniprot/download.lock
## Update config/uniprot-oma_group/config.yaml => output/tsv/uniprot-oma_group.tsv
< 2026-09-05T10:40:43 uniprot-oma_group
togoid-config config/uniprot-oma_group update
# Success: output/tsv/uniprot-oma_group.tsv is updated
> 2026-09-05T11:03:33 uniprot-oma_group
Rule for TSV (output/tsv/uniprot-oma_group.tsv)
------------------------------
Investigating output/tsv/uniprot-oma_group.tsv
class: Rake::FileTask
task needed: true
timestamp: 2026-09-05 11:03:33 +0900
pre-requisites: 
--output/tsv/ (<EARLY TIME>)
--prepare:uniprot (2026-09-05 11:03:33 +0900)
latest-prerequisite time: 2026-09-05 11:03:33 +0900
................................

### Update TSV for uniprot-omim_gene if check_tsv_filesize false or check_config_timestamp false or check_tsv_timestamp true
# File output/tsv/uniprot-omim_gene.tsv is newer than config/uniprot-omim_gene/config.yaml
# File output/tsv/uniprot-omim_gene.tsv is older than input/uniprot/download.lock
## Update config/uniprot-omim_gene/config.yaml => output/tsv/uniprot-omim_gene.tsv
< 2026-09-05T11:03:33 uniprot-omim_gene
togoid-config config/uniprot-omim_gene update
# Success: output/tsv/uniprot-omim_gene.tsv is updated
> 2026-09-05T11:03:40 uniprot-omim_gene
Rule for TSV (output/tsv/uniprot-omim_gene.tsv)
------------------------------
Investigating output/tsv/uniprot-omim_gene.tsv
class: Rake::FileTask
task needed: true
timestamp: 2026-09-05 11:03:40 +0900
pre-requisites: 
--output/tsv/ (<EARLY TIME>)
--prepare:uniprot (2026-09-05 11:03:40 +0900)
latest-prerequisite time: 2026-09-05 11:03:40 +0900
................................

### Update TSV for uniprot-omim_phenotype if check_tsv_filesize false or check_config_timestamp false or check_tsv_timestamp true
# File output/tsv/uniprot-omim_phenotype.tsv is newer than config/uniprot-omim_phenotype/config.yaml
# File output/tsv/uniprot-omim_phenotype.tsv is older than input/uniprot/download.lock
## Update config/uniprot-omim_phenotype/config.yaml => output/tsv/uniprot-omim_phenotype.tsv
< 2026-09-05T11:03:40 uniprot-omim_phenotype
togoid-config config/uniprot-omim_phenotype update
# Success: output/tsv/uniprot-omim_phenotype.tsv is updated
> 2026-09-05T11:03:43 uniprot-omim_phenotype
Rule for TSV (output/tsv/uniprot-omim_phenotype.tsv)
------------------------------
Investigating output/tsv/uniprot-omim_phenotype.tsv
class: Rake::FileTask
task needed: true
timestamp: 2026-09-05 11:03:43 +0900
pre-requisites: 
--output/tsv/ (<EARLY TIME>)
--prepare:uniprot (2026-09-05 11:03:43 +0900)
latest-prerequisite time: 2026-09-05 11:03:43 +0900
................................

### Update TSV for uniprot-orphanet_phenotype if check_tsv_filesize false or check_config_timestamp false or check_tsv_timestamp true
# File output/tsv/uniprot-orphanet_phenotype.tsv is newer than config/uniprot-orphanet_phenotype/config.yaml
# File output/tsv/uniprot-orphanet_phenotype.tsv is older than input/uniprot/download.lock
## Update config/uniprot-orphanet_phenotype/config.yaml => output/tsv/uniprot-orphanet_phenotype.tsv
< 2026-09-05T11:03:43 uniprot-orphanet_phenotype
togoid-config config/uniprot-orphanet_phenotype update
# Success: output/tsv/uniprot-orphanet_phenotype.tsv is updated
> 2026-09-05T11:31:42 uniprot-orphanet_phenotype
Rule for TSV (output/tsv/uniprot-orphanet_phenotype.tsv)
------------------------------
Investigating output/tsv/uniprot-orphanet_phenotype.tsv
class: Rake::FileTask
task needed: true
timestamp: 2026-09-05 11:31:42 +0900
pre-requisites: 
--output/tsv/ (<EARLY TIME>)
--prepare:uniprot (2026-09-05 11:31:42 +0900)
latest-prerequisite time: 2026-09-05 11:31:42 +0900
................................

### Update TSV for uniprot-pdb if check_tsv_filesize false or check_config_timestamp false or check_tsv_timestamp true
# File output/tsv/uniprot-pdb.tsv is newer than config/uniprot-pdb/config.yaml
# File output/tsv/uniprot-pdb.tsv is older than input/uniprot/download.lock
## Update config/uniprot-pdb/config.yaml => output/tsv/uniprot-pdb.tsv
< 2026-09-05T11:31:42 uniprot-pdb
togoid-config config/uniprot-pdb update
# Success: output/tsv/uniprot-pdb.tsv is updated
> 2026-09-05T11:54:24 uniprot-pdb
Rule for TSV (output/tsv/uniprot-pdb.tsv)
------------------------------
Investigating output/tsv/uniprot-pdb.tsv
class: Rake::FileTask
task needed: true
timestamp: 2026-09-05 11:54:24 +0900
pre-requisites: 
--output/tsv/ (<EARLY TIME>)
--prepare:uniprot (2026-09-05 11:54:24 +0900)
latest-prerequisite time: 2026-09-05 11:54:24 +0900
................................

### Update TSV for uniprot-reactome_pathway if check_tsv_filesize false or check_config_timestamp false or check_tsv_timestamp true
# File output/tsv/uniprot-reactome_pathway.tsv is newer than config/uniprot-reactome_pathway/config.yaml
# File output/tsv/uniprot-reactome_pathway.tsv is older than input/uniprot/download.lock
## Update config/uniprot-reactome_pathway/config.yaml => output/tsv/uniprot-reactome_pathway.tsv
< 2026-09-05T11:54:24 uniprot-reactome_pathway
togoid-config config/uniprot-reactome_pathway update
# Success: output/tsv/uniprot-reactome_pathway.tsv is updated
> 2026-09-05T12:22:29 uniprot-reactome_pathway
Rule for TSV (output/tsv/uniprot-reactome_pathway.tsv)
------------------------------
Investigating output/tsv/uniprot-reactome_pathway.tsv
class: Rake::FileTask
task needed: true
timestamp: 2026-09-05 12:22:29 +0900
pre-requisites: 
--output/tsv/ (<EARLY TIME>)
--prepare:uniprot (2026-09-05 12:22:29 +0900)
latest-prerequisite time: 2026-09-05 12:22:29 +0900
................................

### Update TSV for uniprot-refseq_protein if check_tsv_filesize false or check_config_timestamp false or check_tsv_timestamp true
# File output/tsv/uniprot-refseq_protein.tsv is newer than config/uniprot-refseq_protein/config.yaml
# File output/tsv/uniprot-refseq_protein.tsv is older than input/uniprot/download.lock
## Update config/uniprot-refseq_protein/config.yaml => output/tsv/uniprot-refseq_protein.tsv
< 2026-09-05T12:22:29 uniprot-refseq_protein
togoid-config config/uniprot-refseq_protein update
# Success: output/tsv/uniprot-refseq_protein.tsv is updated
> 2026-09-05T12:42:07 uniprot-refseq_protein
Rule for TSV (output/tsv/uniprot-refseq_protein.tsv)
------------------------------
Investigating output/tsv/uniprot-refseq_protein.tsv
class: Rake::FileTask
task needed: true
timestamp: 2026-09-05 12:42:07 +0900
pre-requisites: 
--output/tsv/ (<EARLY TIME>)
--prepare:uniprot (2026-09-05 12:42:07 +0900)
latest-prerequisite time: 2026-09-05 12:42:07 +0900
................................

### Update TSV for uniprot-taxonomy if check_tsv_filesize false or check_config_timestamp false or check_tsv_timestamp true
# File output/tsv/uniprot-taxonomy.tsv is newer than config/uniprot-taxonomy/config.yaml
# File output/tsv/uniprot-taxonomy.tsv is older than input/uniprot/download.lock
## Update config/uniprot-taxonomy/config.yaml => output/tsv/uniprot-taxonomy.tsv
< 2026-09-05T12:42:07 uniprot-taxonomy
togoid-config config/uniprot-taxonomy update
# Success: output/tsv/uniprot-taxonomy.tsv is updated
> 2026-09-05T12:58:23 uniprot-taxonomy
Rule for TSV (output/tsv/uniprot-taxonomy.tsv)
------------------------------
Investigating output/tsv/uniprot-taxonomy.tsv
class: Rake::FileTask
task needed: true
timestamp: 2026-09-05 12:58:23 +0900
pre-requisites: 
--output/tsv/ (<EARLY TIME>)
--prepare:uniprot (2026-09-05 12:58:23 +0900)
latest-prerequisite time: 2026-09-05 12:58:23 +0900
................................

### Update TSV for uniprot-uniparc if check_tsv_filesize false or check_config_timestamp false or check_tsv_timestamp true
# File output/tsv/uniprot-uniparc.tsv is newer than config/uniprot-uniparc/config.yaml
# File output/tsv/uniprot-uniparc.tsv is older than input/uniprot/download.lock
## Update config/uniprot-uniparc/config.yaml => output/tsv/uniprot-uniparc.tsv
< 2026-09-05T12:58:23 uniprot-uniparc
togoid-config config/uniprot-uniparc update
# Success: output/tsv/uniprot-uniparc.tsv is updated
> 2026-09-05T13:18:48 uniprot-uniparc
Rule for TSV (output/tsv/uniprot-uniparc.tsv)
------------------------------
Investigating output/tsv/uniprot-uniparc.tsv
class: Rake::FileTask
task needed: true
timestamp: 2026-09-05 13:18:48 +0900
pre-requisites: 
--output/tsv/ (<EARLY TIME>)
--prepare:uniprot (2026-09-05 13:18:48 +0900)
latest-prerequisite time: 2026-09-05 13:18:48 +0900
................................

### Update TSV for uniprot-uniprot_isoform if check_tsv_filesize false or check_config_timestamp false or check_tsv_timestamp true
# File output/tsv/uniprot-uniprot_isoform.tsv is newer than config/uniprot-uniprot_isoform/config.yaml
# File output/tsv/uniprot-uniprot_isoform.tsv is older than input/uniprot/download.lock
## Update config/uniprot-uniprot_isoform/config.yaml => output/tsv/uniprot-uniprot_isoform.tsv
< 2026-09-05T13:18:48 uniprot-uniprot_isoform
togoid-config config/uniprot-uniprot_isoform update
# Success: output/tsv/uniprot-uniprot_isoform.tsv is updated
> 2026-09-05T13:30:00 uniprot-uniprot_isoform
Rule for TSV (output/tsv/uniprot-uniprot_isoform.tsv)
------------------------------
Investigating output/tsv/uniprot-uniprot_isoform.tsv
class: Rake::FileTask
task needed: true
timestamp: 2026-09-05 13:30:00 +0900
pre-requisites: 
--output/tsv/ (<EARLY TIME>)
--prepare:uniprot (2026-09-05 13:30:00 +0900)
latest-prerequisite time: 2026-09-05 13:30:00 +0900
................................

### Update TSV for uniprot-uniprot_mnemonic if check_tsv_filesize false or check_config_timestamp false or check_tsv_timestamp true
# File output/tsv/uniprot-uniprot_mnemonic.tsv is newer than config/uniprot-uniprot_mnemonic/config.yaml
# File output/tsv/uniprot-uniprot_mnemonic.tsv is older than input/uniprot/download.lock
## Update config/uniprot-uniprot_mnemonic/config.yaml => output/tsv/uniprot-uniprot_mnemonic.tsv
< 2026-09-05T13:30:00 uniprot-uniprot_mnemonic
togoid-config config/uniprot-uniprot_mnemonic update
# Success: output/tsv/uniprot-uniprot_mnemonic.tsv is updated
> 2026-09-05T14:02:24 uniprot-uniprot_mnemonic
Rule for TSV (output/tsv/uniprot-uniprot_mnemonic.tsv)
------------------------------
Investigating output/tsv/uniprot-uniprot_mnemonic.tsv
class: Rake::FileTask
task needed: true
timestamp: 2026-09-05 14:02:24 +0900
pre-requisites: 
--output/tsv/ (<EARLY TIME>)
--prepare:uniprot (2026-09-05 14:02:24 +0900)
latest-prerequisite time: 2026-09-05 14:02:24 +0900
................................

### Update TSV for uniprot_isoform-ensembl_protein if check_tsv_filesize false or check_config_timestamp false or check_tsv_timestamp true
# File output/tsv/uniprot_isoform-ensembl_protein.tsv is newer than config/uniprot_isoform-ensembl_protein/config.yaml
# File output/tsv/uniprot_isoform-ensembl_protein.tsv has no timestamp file
# File output/tsv/uniprot_isoform-ensembl_protein.tsv is created 7.5603536187215745 days ago (will be updated when >5 days)
## Update config/uniprot_isoform-ensembl_protein/config.yaml => output/tsv/uniprot_isoform-ensembl_protein.tsv
< 2026-09-05T14:02:24 uniprot_isoform-ensembl_protein
togoid-config config/uniprot_isoform-ensembl_protein update
# Success: output/tsv/uniprot_isoform-ensembl_protein.tsv is updated
> 2026-09-05T14:13:19 uniprot_isoform-ensembl_protein
Rule for TSV (output/tsv/uniprot_isoform-ensembl_protein.tsv)
------------------------------
Investigating output/tsv/uniprot_isoform-ensembl_protein.tsv
class: Rake::FileTask
task needed: true
timestamp: 2026-09-05 14:13:19 +0900
pre-requisites: 
--output/tsv/ (<EARLY TIME>)
--prepare:uniprot (2026-09-05 14:13:19 +0900)
latest-prerequisite time: 2026-09-05 14:13:19 +0900
................................

### Update TSV for uniprot_isoform-ensembl_transcript if check_tsv_filesize false or check_config_timestamp false or check_tsv_timestamp true
# File output/tsv/uniprot_isoform-ensembl_transcript.tsv is newer than config/uniprot_isoform-ensembl_transcript/config.yaml
# File output/tsv/uniprot_isoform-ensembl_transcript.tsv has no timestamp file
# File output/tsv/uniprot_isoform-ensembl_transcript.tsv is created 7.560322926625382 days ago (will be updated when >5 days)
## Update config/uniprot_isoform-ensembl_transcript/config.yaml => output/tsv/uniprot_isoform-ensembl_transcript.tsv
< 2026-09-05T14:13:19 uniprot_isoform-ensembl_transcript
togoid-config config/uniprot_isoform-ensembl_transcript update
# Success: output/tsv/uniprot_isoform-ensembl_transcript.tsv is updated
> 2026-09-05T14:24:16 uniprot_isoform-ensembl_transcript
Rule for TSV (output/tsv/uniprot_isoform-ensembl_transcript.tsv)
------------------------------
Investigating output/tsv/uniprot_isoform-ensembl_transcript.tsv
class: Rake::FileTask
task needed: true
timestamp: 2026-09-05 14:24:16 +0900
pre-requisites: 
--output/tsv/ (<EARLY TIME>)
--prepare:uniprot (2026-09-05 14:24:16 +0900)
latest-prerequisite time: 2026-09-05 14:24:16 +0900
................................

### Update TSV for uniprot_isoform-refseq_protein if check_tsv_filesize false or check_config_timestamp false or check_tsv_timestamp true
# File output/tsv/uniprot_isoform-refseq_protein.tsv is newer than config/uniprot_isoform-refseq_protein/config.yaml
# File output/tsv/uniprot_isoform-refseq_protein.tsv has no timestamp file
# File output/tsv/uniprot_isoform-refseq_protein.tsv is created 7.560344172067639 days ago (will be updated when >5 days)
## Update config/uniprot_isoform-refseq_protein/config.yaml => output/tsv/uniprot_isoform-refseq_protein.tsv
< 2026-09-05T14:24:16 uniprot_isoform-refseq_protein
togoid-config config/uniprot_isoform-refseq_protein update
# Success: output/tsv/uniprot_isoform-refseq_protein.tsv is updated
> 2026-09-05T14:35:14 uniprot_isoform-refseq_protein
Rule for TSV (output/tsv/uniprot_isoform-refseq_protein.tsv)
------------------------------
Investigating output/tsv/uniprot_isoform-refseq_protein.tsv
class: Rake::FileTask
task needed: true
timestamp: 2026-09-05 14:35:14 +0900
pre-requisites: 
--output/tsv/ (<EARLY TIME>)
--prepare:uniprot (2026-09-05 14:35:14 +0900)
latest-prerequisite time: 2026-09-05 14:35:14 +0900
................................

### Update TSV for uniprot_isoform-uniparc if check_tsv_filesize false or check_config_timestamp false or check_tsv_timestamp true
# File output/tsv/uniprot_isoform-uniparc.tsv is newer than config/uniprot_isoform-uniparc/config.yaml
# File output/tsv/uniprot_isoform-uniparc.tsv has no timestamp file
# File output/tsv/uniprot_isoform-uniparc.tsv is created 7.560340006896956 days ago (will be updated when >5 days)
## Update config/uniprot_isoform-uniparc/config.yaml => output/tsv/uniprot_isoform-uniparc.tsv
< 2026-09-05T14:35:14 uniprot_isoform-uniparc
togoid-config config/uniprot_isoform-uniparc update
# Success: output/tsv/uniprot_isoform-uniparc.tsv is updated
> 2026-09-05T14:46:12 uniprot_isoform-uniparc
Rule for TSV (output/tsv/uniprot_isoform-uniparc.tsv)
------------------------------
Investigating output/tsv/uniprot_isoform-uniparc.tsv
class: Rake::FileTask
task needed: true
timestamp: 2026-09-05 14:46:12 +0900
pre-requisites: 
--output/tsv/ (<EARLY TIME>)
--prepare:uniprot (2026-09-05 14:46:12 +0900)
latest-prerequisite time: 2026-09-05 14:46:12 +0900
................................

### Update TSV for uniprot_proteome-assembly_insdc if check_tsv_filesize false or check_config_timestamp false or check_tsv_timestamp true
# File output/tsv/uniprot_proteome-assembly_insdc.tsv is newer than config/uniprot_proteome-assembly_insdc/config.yaml
# File output/tsv/uniprot_proteome-assembly_insdc.tsv has no timestamp file
# File output/tsv/uniprot_proteome-assembly_insdc.tsv is created 7.567948619569745 days ago (will be updated when >5 days)
## Update config/uniprot_proteome-assembly_insdc/config.yaml => output/tsv/uniprot_proteome-assembly_insdc.tsv
< 2026-09-05T14:46:12 uniprot_proteome-assembly_insdc
togoid-config config/uniprot_proteome-assembly_insdc update
# Success: output/tsv/uniprot_proteome-assembly_insdc.tsv is updated
> 2026-09-05T14:46:14 uniprot_proteome-assembly_insdc
Rule for TSV (output/tsv/uniprot_proteome-assembly_insdc.tsv)
------------------------------
Investigating output/tsv/uniprot_proteome-assembly_insdc.tsv
class: Rake::FileTask
task needed: true
timestamp: 2026-09-05 14:46:14 +0900
pre-requisites: 
--output/tsv/ (<EARLY TIME>)
--prepare:uniprot (2026-09-05 14:46:14 +0900)
latest-prerequisite time: 2026-09-05 14:46:14 +0900
................................

### Update TSV for uniprot_proteome-assembly_refseq if check_tsv_filesize false or check_config_timestamp false or check_tsv_timestamp true
# File output/tsv/uniprot_proteome-assembly_refseq.tsv is newer than config/uniprot_proteome-assembly_refseq/config.yaml
# File output/tsv/uniprot_proteome-assembly_refseq.tsv has no timestamp file
# File output/tsv/uniprot_proteome-assembly_refseq.tsv is created 7.567957642268668 days ago (will be updated when >5 days)
## Update config/uniprot_proteome-assembly_refseq/config.yaml => output/tsv/uniprot_proteome-assembly_refseq.tsv
< 2026-09-05T14:46:14 uniprot_proteome-assembly_refseq
togoid-config config/uniprot_proteome-assembly_refseq update
# Success: output/tsv/uniprot_proteome-assembly_refseq.tsv is updated
> 2026-09-05T14:46:14 uniprot_proteome-assembly_refseq
Rule for TSV (output/tsv/uniprot_proteome-assembly_refseq.tsv)
------------------------------
Investigating output/tsv/uniprot_proteome-assembly_refseq.tsv
class: Rake::FileTask
task needed: true
timestamp: 2026-09-05 14:46:14 +0900
pre-requisites: 
--output/tsv/ (<EARLY TIME>)
--prepare:uniprot (2026-09-05 14:46:14 +0900)
latest-prerequisite time: 2026-09-05 14:46:14 +0900
................................

### Update TSV for uniprot_proteome-taxonomy if check_tsv_filesize false or check_config_timestamp false or check_tsv_timestamp true
# File output/tsv/uniprot_proteome-taxonomy.tsv is newer than config/uniprot_proteome-taxonomy/config.yaml
# File output/tsv/uniprot_proteome-taxonomy.tsv has no timestamp file
# File output/tsv/uniprot_proteome-taxonomy.tsv is created 7.56795881806978 days ago (will be updated when >5 days)
## Update config/uniprot_proteome-taxonomy/config.yaml => output/tsv/uniprot_proteome-taxonomy.tsv
< 2026-09-05T14:46:14 uniprot_proteome-taxonomy
togoid-config config/uniprot_proteome-taxonomy update
# Success: output/tsv/uniprot_proteome-taxonomy.tsv is updated
> 2026-09-05T14:46:15 uniprot_proteome-taxonomy
Rule for TSV (output/tsv/uniprot_proteome-taxonomy.tsv)
------------------------------
Investigating output/tsv/uniprot_proteome-taxonomy.tsv
class: Rake::FileTask
task needed: true
timestamp: 2026-09-05 14:46:15 +0900
pre-requisites: 
--output/tsv/ (<EARLY TIME>)
--prepare:uniprot (2026-09-05 14:46:15 +0900)
latest-prerequisite time: 2026-09-05 14:46:15 +0900
................................

### Update TSV for wikipathways-chebi if check_tsv_filesize false or check_config_timestamp false or check_tsv_timestamp true
# File output/tsv/wikipathways-chebi.tsv is newer than config/wikipathways-chebi/config.yaml
# File output/tsv/wikipathways-chebi.tsv has no timestamp file
# File output/tsv/wikipathways-chebi.tsv is created 7.567920179321585 days ago (will be updated when >5 days)
## Update config/wikipathways-chebi/config.yaml => output/tsv/wikipathways-chebi.tsv
< 2026-09-05T14:46:15 wikipathways-chebi
togoid-config config/wikipathways-chebi update
# Success: output/tsv/wikipathways-chebi.tsv is updated
> 2026-09-05T14:46:19 wikipathways-chebi
Rule for TSV (output/tsv/wikipathways-chebi.tsv)
------------------------------
Investigating output/tsv/wikipathways-chebi.tsv
class: Rake::FileTask
task needed: false
timestamp: 2026-09-05 14:46:19 +0900
pre-requisites: 
--output/tsv/ (<EARLY TIME>)
--input/update.txt (2026-09-05 02:59:40 +0900)
latest-prerequisite time: 2026-09-05 02:59:40 +0900
................................

### Update TSV for wikipathways-doid if check_tsv_filesize false or check_config_timestamp false or check_tsv_timestamp true
# File output/tsv/wikipathways-doid.tsv is newer than config/wikipathways-doid/config.yaml
# File output/tsv/wikipathways-doid.tsv has no timestamp file
# File output/tsv/wikipathways-doid.tsv is created 7.567951083790335 days ago (will be updated when >5 days)
## Update config/wikipathways-doid/config.yaml => output/tsv/wikipathways-doid.tsv
< 2026-09-05T14:46:19 wikipathways-doid
togoid-config config/wikipathways-doid update
# Success: output/tsv/wikipathways-doid.tsv is updated
> 2026-09-05T14:46:20 wikipathways-doid
Rule for TSV (output/tsv/wikipathways-doid.tsv)
------------------------------
Investigating output/tsv/wikipathways-doid.tsv
class: Rake::FileTask
task needed: false
timestamp: 2026-09-05 14:46:20 +0900
pre-requisites: 
--output/tsv/ (<EARLY TIME>)
--input/update.txt (2026-09-05 02:59:40 +0900)
latest-prerequisite time: 2026-09-05 02:59:40 +0900
................................

### Update TSV for wikipathways-hmdb if check_tsv_filesize false or check_config_timestamp false or check_tsv_timestamp true
# File output/tsv/wikipathways-hmdb.tsv is newer than config/wikipathways-hmdb/config.yaml
# File output/tsv/wikipathways-hmdb.tsv has no timestamp file
# File output/tsv/wikipathways-hmdb.tsv is created 7.567946055776006 days ago (will be updated when >5 days)
## Update config/wikipathways-hmdb/config.yaml => output/tsv/wikipathways-hmdb.tsv
< 2026-09-05T14:46:20 wikipathways-hmdb
togoid-config config/wikipathways-hmdb update
# Success: output/tsv/wikipathways-hmdb.tsv is updated
> 2026-09-05T14:46:22 wikipathways-hmdb
Rule for TSV (output/tsv/wikipathways-hmdb.tsv)
------------------------------
Investigating output/tsv/wikipathways-hmdb.tsv
class: Rake::FileTask
task needed: false
timestamp: 2026-09-05 14:46:22 +0900
pre-requisites: 
--output/tsv/ (<EARLY TIME>)
--input/update.txt (2026-09-05 02:59:40 +0900)
latest-prerequisite time: 2026-09-05 02:59:40 +0900
................................

### Update TSV for wikipathways-lipidmaps if check_tsv_filesize false or check_config_timestamp false or check_tsv_timestamp true
# File output/tsv/wikipathways-lipidmaps.tsv is newer than config/wikipathways-lipidmaps/config.yaml
# File output/tsv/wikipathways-lipidmaps.tsv has no timestamp file
# File output/tsv/wikipathways-lipidmaps.tsv is created 7.56794831332735 days ago (will be updated when >5 days)
## Update config/wikipathways-lipidmaps/config.yaml => output/tsv/wikipathways-lipidmaps.tsv
< 2026-09-05T14:46:22 wikipathways-lipidmaps
togoid-config config/wikipathways-lipidmaps update
# Success: output/tsv/wikipathways-lipidmaps.tsv is updated
> 2026-09-05T14:46:24 wikipathways-lipidmaps
Rule for TSV (output/tsv/wikipathways-lipidmaps.tsv)
------------------------------
Investigating output/tsv/wikipathways-lipidmaps.tsv
class: Rake::FileTask
task needed: false
timestamp: 2026-09-05 14:46:24 +0900
pre-requisites: 
--output/tsv/ (<EARLY TIME>)
--input/update.txt (2026-09-05 02:59:40 +0900)
latest-prerequisite time: 2026-09-05 02:59:40 +0900
................................

### Update TSV for wikipathways-ncbigene if check_tsv_filesize false or check_config_timestamp false or check_tsv_timestamp true
# File output/tsv/wikipathways-ncbigene.tsv is newer than config/wikipathways-ncbigene/config.yaml
# File output/tsv/wikipathways-ncbigene.tsv has no timestamp file
# File output/tsv/wikipathways-ncbigene.tsv is created 7.567834605947407 days ago (will be updated when >5 days)
## Update config/wikipathways-ncbigene/config.yaml => output/tsv/wikipathways-ncbigene.tsv
< 2026-09-05T14:46:24 wikipathways-ncbigene
togoid-config config/wikipathways-ncbigene update
# Success: output/tsv/wikipathways-ncbigene.tsv is updated
> 2026-09-05T14:46:34 wikipathways-ncbigene
Rule for TSV (output/tsv/wikipathways-ncbigene.tsv)
------------------------------
Investigating output/tsv/wikipathways-ncbigene.tsv
class: Rake::FileTask
task needed: false
timestamp: 2026-09-05 14:46:34 +0900
pre-requisites: 
--output/tsv/ (<EARLY TIME>)
--input/update.txt (2026-09-05 02:59:40 +0900)
latest-prerequisite time: 2026-09-05 02:59:40 +0900
................................

### Update TSV for wikipathways-uniprot if check_tsv_filesize false or check_config_timestamp false or check_tsv_timestamp true
# File output/tsv/wikipathways-uniprot.tsv is newer than config/wikipathways-uniprot/config.yaml
# File output/tsv/wikipathways-uniprot.tsv has no timestamp file
# File output/tsv/wikipathways-uniprot.tsv is created 7.567910895226053 days ago (will be updated when >5 days)
## Update config/wikipathways-uniprot/config.yaml => output/tsv/wikipathways-uniprot.tsv
< 2026-09-05T14:46:34 wikipathways-uniprot
togoid-config config/wikipathways-uniprot update
# Success: output/tsv/wikipathways-uniprot.tsv is updated
> 2026-09-05T14:46:38 wikipathways-uniprot
Rule for TSV (output/tsv/wikipathways-uniprot.tsv)
------------------------------
Investigating output/tsv/wikipathways-uniprot.tsv
class: Rake::FileTask
task needed: false
timestamp: 2026-09-05 14:46:38 +0900
pre-requisites: 
--output/tsv/ (<EARLY TIME>)
--input/update.txt (2026-09-05 02:59:40 +0900)
latest-prerequisite time: 2026-09-05 02:59:40 +0900
................................

### Update TSV for zfin_gene-zfin_transcript if check_tsv_filesize false or check_config_timestamp false or check_tsv_timestamp true
# File output/tsv/zfin_gene-zfin_transcript.tsv is newer than config/zfin_gene-zfin_transcript/config.yaml
# File output/tsv/zfin_gene-zfin_transcript.tsv has no timestamp file
# File output/tsv/zfin_gene-zfin_transcript.tsv is created 7.567954692397407 days ago (will be updated when >5 days)
## Update config/zfin_gene-zfin_transcript/config.yaml => output/tsv/zfin_gene-zfin_transcript.tsv
< 2026-09-05T14:46:38 zfin_gene-zfin_transcript
togoid-config config/zfin_gene-zfin_transcript update
# Success: output/tsv/zfin_gene-zfin_transcript.tsv is updated
> 2026-09-05T14:46:39 zfin_gene-zfin_transcript
Rule for TSV (output/tsv/zfin_gene-zfin_transcript.tsv)
------------------------------
Investigating output/tsv/zfin_gene-zfin_transcript.tsv
class: Rake::FileTask
task needed: true
timestamp: 2026-09-05 14:46:39 +0900
pre-requisites: 
--output/tsv/ (<EARLY TIME>)
--prepare:zfin (2026-09-05 14:46:39 +0900)
latest-prerequisite time: 2026-09-05 14:46:39 +0900
................................

### Update TTL for affy_probeset-ncbigene if check_ttl_filesize false or check_ttl_timestamp false
# File output/ttl/relation/affy_probeset-ncbigene.ttl is newer than output/tsv/affy_probeset-ncbigene.tsv
# => Preserving output/ttl/relation/affy_probeset-ncbigene.ttl
### Update TTL for assembly_insdc-bioproject if check_ttl_filesize false or check_ttl_timestamp true
# File output/ttl/relation/assembly_insdc-bioproject.ttl is older than output/tsv/assembly_insdc-bioproject.tsv
## Convert output/tsv/assembly_insdc-bioproject.tsv => output/ttl/relation/assembly_insdc-bioproject.ttl
< 2026-09-05T14:46:39 assembly_insdc-bioproject
togoid-config config/assembly_insdc-bioproject convert
> 2026-09-05T14:46:56 assembly_insdc-bioproject
### Update TTL for assembly_insdc-biosample if check_ttl_filesize false or check_ttl_timestamp true
# File output/ttl/relation/assembly_insdc-biosample.ttl is older than output/tsv/assembly_insdc-biosample.tsv
## Convert output/tsv/assembly_insdc-biosample.tsv => output/ttl/relation/assembly_insdc-biosample.ttl
< 2026-09-05T14:46:56 assembly_insdc-biosample
togoid-config config/assembly_insdc-biosample convert
> 2026-09-05T14:47:14 assembly_insdc-biosample
### Update TTL for assembly_insdc-insdc_master if check_ttl_filesize false or check_ttl_timestamp true
# File output/ttl/relation/assembly_insdc-insdc_master.ttl is older than output/tsv/assembly_insdc-insdc_master.tsv
## Convert output/tsv/assembly_insdc-insdc_master.tsv => output/ttl/relation/assembly_insdc-insdc_master.ttl
< 2026-09-05T14:47:14 assembly_insdc-insdc_master
togoid-config config/assembly_insdc-insdc_master convert
> 2026-09-05T14:47:31 assembly_insdc-insdc_master
### Update TTL for bioproject-biosample if check_ttl_filesize false or check_ttl_timestamp true
# File output/ttl/relation/bioproject-biosample.ttl is older than output/tsv/bioproject-biosample.tsv
## Convert output/tsv/bioproject-biosample.tsv => output/ttl/relation/bioproject-biosample.ttl
< 2026-09-05T14:47:31 bioproject-biosample
togoid-config config/bioproject-biosample convert
> 2026-09-05T14:51:58 bioproject-biosample
### Update TTL for bioproject-geo_series if check_ttl_filesize false or check_ttl_timestamp true
# File output/ttl/relation/bioproject-geo_series.ttl is older than output/tsv/bioproject-geo_series.tsv
## Convert output/tsv/bioproject-geo_series.tsv => output/ttl/relation/bioproject-geo_series.ttl
< 2026-09-05T14:51:58 bioproject-geo_series
togoid-config config/bioproject-geo_series convert
> 2026-09-05T14:51:59 bioproject-geo_series
### Update TTL for bioproject-pubmed if check_ttl_filesize false or check_ttl_timestamp true
# File output/ttl/relation/bioproject-pubmed.ttl is older than output/tsv/bioproject-pubmed.tsv
## Convert output/tsv/bioproject-pubmed.tsv => output/ttl/relation/bioproject-pubmed.ttl
< 2026-09-05T14:51:59 bioproject-pubmed
togoid-config config/bioproject-pubmed convert
> 2026-09-05T14:52:01 bioproject-pubmed
### Update TTL for bioproject_umbrella-bioproject if check_ttl_filesize false or check_ttl_timestamp true
# File output/ttl/relation/bioproject_umbrella-bioproject.ttl is older than output/tsv/bioproject_umbrella-bioproject.tsv
## Convert output/tsv/bioproject_umbrella-bioproject.tsv => output/ttl/relation/bioproject_umbrella-bioproject.ttl
< 2026-09-05T14:52:01 bioproject_umbrella-bioproject
togoid-config config/bioproject_umbrella-bioproject convert
> 2026-09-05T14:52:02 bioproject_umbrella-bioproject
### Update TTL for biosample-bioproject if check_ttl_filesize false or check_ttl_timestamp true
# File output/ttl/relation/biosample-bioproject.ttl is older than output/tsv/biosample-bioproject.tsv
## Convert output/tsv/biosample-bioproject.tsv => output/ttl/relation/biosample-bioproject.ttl
< 2026-09-05T14:52:02 biosample-bioproject
togoid-config config/biosample-bioproject convert
> 2026-09-05T14:56:36 biosample-bioproject
### Update TTL for biosample-geo_sample if check_ttl_filesize false or check_ttl_timestamp true
# File output/ttl/relation/biosample-geo_sample.ttl is older than output/tsv/biosample-geo_sample.tsv
## Convert output/tsv/biosample-geo_sample.tsv => output/ttl/relation/biosample-geo_sample.ttl
< 2026-09-05T14:56:36 biosample-geo_sample
togoid-config config/biosample-geo_sample convert
> 2026-09-05T14:57:35 biosample-geo_sample
### Update TTL for biosample-taxonomy if check_ttl_filesize false or check_ttl_timestamp true
# File output/ttl/relation/biosample-taxonomy.ttl is older than output/tsv/biosample-taxonomy.tsv
## Convert output/tsv/biosample-taxonomy.tsv => output/ttl/relation/biosample-taxonomy.ttl
< 2026-09-05T14:57:35 biosample-taxonomy
togoid-config config/biosample-taxonomy convert
> 2026-09-05T15:04:38 biosample-taxonomy
### Update TTL for cellosaurus-clo if check_ttl_filesize false or check_ttl_timestamp false
# File output/ttl/relation/cellosaurus-clo.ttl is newer than output/tsv/cellosaurus-clo.tsv
# => Preserving output/ttl/relation/cellosaurus-clo.ttl
### Update TTL for cellosaurus-ncit_disease if check_ttl_filesize false or check_ttl_timestamp false
# File output/ttl/relation/cellosaurus-ncit_disease.ttl is newer than output/tsv/cellosaurus-ncit_disease.tsv
# => Preserving output/ttl/relation/cellosaurus-ncit_disease.ttl
### Update TTL for cellosaurus-orphanet_phenotype if check_ttl_filesize false or check_ttl_timestamp false
# File output/ttl/relation/cellosaurus-orphanet_phenotype.ttl is newer than output/tsv/cellosaurus-orphanet_phenotype.tsv
# => Preserving output/ttl/relation/cellosaurus-orphanet_phenotype.ttl
### Update TTL for cellosaurus-taxonomy if check_ttl_filesize false or check_ttl_timestamp false
# File output/ttl/relation/cellosaurus-taxonomy.ttl is newer than output/tsv/cellosaurus-taxonomy.tsv
# => Preserving output/ttl/relation/cellosaurus-taxonomy.ttl
### Update TTL for chebi-glytoucan if check_ttl_filesize false or check_ttl_timestamp true
# File output/ttl/relation/chebi-glytoucan.ttl is older than output/tsv/chebi-glytoucan.tsv
## Convert output/tsv/chebi-glytoucan.tsv => output/ttl/relation/chebi-glytoucan.ttl
< 2026-09-05T15:04:38 chebi-glytoucan
togoid-config config/chebi-glytoucan convert
> 2026-09-05T15:04:38 chebi-glytoucan
### Update TTL for chebi-inchi_key if check_ttl_filesize false or check_ttl_timestamp true
# File output/ttl/relation/chebi-inchi_key.ttl is older than output/tsv/chebi-inchi_key.tsv
## Convert output/tsv/chebi-inchi_key.tsv => output/ttl/relation/chebi-inchi_key.ttl
< 2026-09-05T15:04:38 chebi-inchi_key
togoid-config config/chebi-inchi_key convert
> 2026-09-05T15:04:39 chebi-inchi_key
### Update TTL for chembl_compound-chebi if check_ttl_filesize false or check_ttl_timestamp true
# File output/ttl/relation/chembl_compound-chebi.ttl is older than output/tsv/chembl_compound-chebi.tsv
## Convert output/tsv/chembl_compound-chebi.tsv => output/ttl/relation/chembl_compound-chebi.ttl
< 2026-09-05T15:04:39 chembl_compound-chebi
togoid-config config/chembl_compound-chebi convert
> 2026-09-05T15:04:39 chembl_compound-chebi
### Update TTL for chembl_compound-chembl_target if check_ttl_filesize false or check_ttl_timestamp true
# File output/ttl/relation/chembl_compound-chembl_target.ttl is older than output/tsv/chembl_compound-chembl_target.tsv
## Convert output/tsv/chembl_compound-chembl_target.tsv => output/ttl/relation/chembl_compound-chembl_target.ttl
< 2026-09-05T15:04:39 chembl_compound-chembl_target
togoid-config config/chembl_compound-chembl_target convert
> 2026-09-05T15:04:59 chembl_compound-chembl_target
### Update TTL for chembl_compound-drugbank if check_ttl_filesize false or check_ttl_timestamp true
# File output/ttl/relation/chembl_compound-drugbank.ttl is older than output/tsv/chembl_compound-drugbank.tsv
## Convert output/tsv/chembl_compound-drugbank.tsv => output/ttl/relation/chembl_compound-drugbank.ttl
< 2026-09-05T15:04:59 chembl_compound-drugbank
togoid-config config/chembl_compound-drugbank convert
> 2026-09-05T15:04:59 chembl_compound-drugbank
### Update TTL for chembl_compound-hmdb if check_ttl_filesize false or check_ttl_timestamp true
# File output/ttl/relation/chembl_compound-hmdb.ttl is older than output/tsv/chembl_compound-hmdb.tsv
## Convert output/tsv/chembl_compound-hmdb.tsv => output/ttl/relation/chembl_compound-hmdb.ttl
< 2026-09-05T15:04:59 chembl_compound-hmdb
togoid-config config/chembl_compound-hmdb convert
> 2026-09-05T15:04:59 chembl_compound-hmdb
### Update TTL for chembl_compound-inchi_key if check_ttl_filesize false or check_ttl_timestamp true
# File output/ttl/relation/chembl_compound-inchi_key.ttl is older than output/tsv/chembl_compound-inchi_key.tsv
## Convert output/tsv/chembl_compound-inchi_key.tsv => output/ttl/relation/chembl_compound-inchi_key.ttl
< 2026-09-05T15:04:59 chembl_compound-inchi_key
togoid-config config/chembl_compound-inchi_key convert
> 2026-09-05T15:05:10 chembl_compound-inchi_key
### Update TTL for chembl_compound-mesh if check_ttl_filesize false or check_ttl_timestamp true
# File output/ttl/relation/chembl_compound-mesh.ttl is older than output/tsv/chembl_compound-mesh.tsv
## Convert output/tsv/chembl_compound-mesh.tsv => output/ttl/relation/chembl_compound-mesh.ttl
< 2026-09-05T15:05:10 chembl_compound-mesh
togoid-config config/chembl_compound-mesh convert
> 2026-09-05T15:05:11 chembl_compound-mesh
### Update TTL for chembl_compound-pdb_ccd if check_ttl_filesize false or check_ttl_timestamp false
# File output/ttl/relation/chembl_compound-pdb_ccd.ttl is newer than output/tsv/chembl_compound-pdb_ccd.tsv
# => Preserving output/ttl/relation/chembl_compound-pdb_ccd.ttl
### Update TTL for chembl_compound-pubchem_compound if check_ttl_filesize false or check_ttl_timestamp true
# File output/ttl/relation/chembl_compound-pubchem_compound.ttl is older than output/tsv/chembl_compound-pubchem_compound.tsv
## Convert output/tsv/chembl_compound-pubchem_compound.tsv => output/ttl/relation/chembl_compound-pubchem_compound.ttl
< 2026-09-05T15:05:11 chembl_compound-pubchem_compound
togoid-config config/chembl_compound-pubchem_compound convert
> 2026-09-05T15:05:21 chembl_compound-pubchem_compound
### Update TTL for chembl_compound-pubchem_substance if check_ttl_filesize false or check_ttl_timestamp true
# File output/ttl/relation/chembl_compound-pubchem_substance.ttl is older than output/tsv/chembl_compound-pubchem_substance.tsv
## Convert output/tsv/chembl_compound-pubchem_substance.tsv => output/ttl/relation/chembl_compound-pubchem_substance.ttl
< 2026-09-05T15:05:21 chembl_compound-pubchem_substance
togoid-config config/chembl_compound-pubchem_substance convert
> 2026-09-05T15:05:23 chembl_compound-pubchem_substance
### Update TTL for chembl_compound-pubmed if check_ttl_filesize false or check_ttl_timestamp true
# File output/ttl/relation/chembl_compound-pubmed.ttl is older than output/tsv/chembl_compound-pubmed.tsv
## Convert output/tsv/chembl_compound-pubmed.tsv => output/ttl/relation/chembl_compound-pubmed.ttl
< 2026-09-05T15:05:23 chembl_compound-pubmed
togoid-config config/chembl_compound-pubmed convert
> 2026-09-05T15:05:31 chembl_compound-pubmed
### Update TTL for chembl_target-ensembl_gene if check_ttl_filesize false or check_ttl_timestamp false
# File output/ttl/relation/chembl_target-ensembl_gene.ttl is newer than output/tsv/chembl_target-ensembl_gene.tsv
# => Preserving output/ttl/relation/chembl_target-ensembl_gene.ttl
### Update TTL for chembl_target-go if check_ttl_filesize false or check_ttl_timestamp true
# File output/ttl/relation/chembl_target-go.ttl is older than output/tsv/chembl_target-go.tsv
## Convert output/tsv/chembl_target-go.tsv => output/ttl/relation/chembl_target-go.ttl
< 2026-09-05T15:05:31 chembl_target-go
togoid-config config/chembl_target-go convert
> 2026-09-05T15:05:31 chembl_target-go
### Update TTL for chembl_target-interpro if check_ttl_filesize false or check_ttl_timestamp true
# File output/ttl/relation/chembl_target-interpro.ttl is older than output/tsv/chembl_target-interpro.tsv
## Convert output/tsv/chembl_target-interpro.tsv => output/ttl/relation/chembl_target-interpro.ttl
< 2026-09-05T15:05:31 chembl_target-interpro
togoid-config config/chembl_target-interpro convert
> 2026-09-05T15:05:31 chembl_target-interpro
### Update TTL for chembl_target-pdb if check_ttl_filesize false or check_ttl_timestamp true
# File output/ttl/relation/chembl_target-pdb.ttl is older than output/tsv/chembl_target-pdb.tsv
## Convert output/tsv/chembl_target-pdb.tsv => output/ttl/relation/chembl_target-pdb.ttl
< 2026-09-05T15:05:31 chembl_target-pdb
togoid-config config/chembl_target-pdb convert
> 2026-09-05T15:05:31 chembl_target-pdb
### Update TTL for chembl_target-pfam if check_ttl_filesize false or check_ttl_timestamp true
# File output/ttl/relation/chembl_target-pfam.ttl is older than output/tsv/chembl_target-pfam.tsv
## Convert output/tsv/chembl_target-pfam.tsv => output/ttl/relation/chembl_target-pfam.ttl
< 2026-09-05T15:05:31 chembl_target-pfam
togoid-config config/chembl_target-pfam convert
> 2026-09-05T15:05:32 chembl_target-pfam
### Update TTL for chembl_target-reactome_pathway if check_ttl_filesize false or check_ttl_timestamp true
# File output/ttl/relation/chembl_target-reactome_pathway.ttl is older than output/tsv/chembl_target-reactome_pathway.tsv
## Convert output/tsv/chembl_target-reactome_pathway.tsv => output/ttl/relation/chembl_target-reactome_pathway.ttl
< 2026-09-05T15:05:32 chembl_target-reactome_pathway
togoid-config config/chembl_target-reactome_pathway convert
> 2026-09-05T15:05:32 chembl_target-reactome_pathway
### Update TTL for chembl_target-uniprot if check_ttl_filesize false or check_ttl_timestamp true
# File output/ttl/relation/chembl_target-uniprot.ttl is older than output/tsv/chembl_target-uniprot.tsv
## Convert output/tsv/chembl_target-uniprot.tsv => output/ttl/relation/chembl_target-uniprot.ttl
< 2026-09-05T15:05:32 chembl_target-uniprot
togoid-config config/chembl_target-uniprot convert
> 2026-09-05T15:05:32 chembl_target-uniprot
### Update TTL for clinvar-dbsnp if check_ttl_filesize false or check_ttl_timestamp true
# File output/ttl/relation/clinvar-dbsnp.ttl is older than output/tsv/clinvar-dbsnp.tsv
## Convert output/tsv/clinvar-dbsnp.tsv => output/ttl/relation/clinvar-dbsnp.ttl
< 2026-09-05T15:05:32 clinvar-dbsnp
togoid-config config/clinvar-dbsnp convert
> 2026-09-05T15:06:01 clinvar-dbsnp
### Update TTL for clinvar-hgnc if check_ttl_filesize false or check_ttl_timestamp true
# File output/ttl/relation/clinvar-hgnc.ttl is older than output/tsv/clinvar-hgnc.tsv
## Convert output/tsv/clinvar-hgnc.tsv => output/ttl/relation/clinvar-hgnc.ttl
< 2026-09-05T15:06:01 clinvar-hgnc
togoid-config config/clinvar-hgnc convert
> 2026-09-05T15:06:23 clinvar-hgnc
### Update TTL for clinvar-medgen if check_ttl_filesize false or check_ttl_timestamp true
# File output/ttl/relation/clinvar-medgen.ttl is older than output/tsv/clinvar-medgen.tsv
## Convert output/tsv/clinvar-medgen.tsv => output/ttl/relation/clinvar-medgen.ttl
< 2026-09-05T15:06:23 clinvar-medgen
togoid-config config/clinvar-medgen convert
> 2026-09-05T15:06:52 clinvar-medgen
### Update TTL for clinvar-mondo if check_ttl_filesize false or check_ttl_timestamp true
# File output/ttl/relation/clinvar-mondo.ttl is older than output/tsv/clinvar-mondo.tsv
## Convert output/tsv/clinvar-mondo.tsv => output/ttl/relation/clinvar-mondo.ttl
< 2026-09-05T15:06:52 clinvar-mondo
togoid-config config/clinvar-mondo convert
> 2026-09-05T15:07:05 clinvar-mondo
### Update TTL for clinvar-ncbigene if check_ttl_filesize false or check_ttl_timestamp true
# File output/ttl/relation/clinvar-ncbigene.ttl is older than output/tsv/clinvar-ncbigene.tsv
## Convert output/tsv/clinvar-ncbigene.tsv => output/ttl/relation/clinvar-ncbigene.ttl
< 2026-09-05T15:07:05 clinvar-ncbigene
togoid-config config/clinvar-ncbigene convert
> 2026-09-05T15:07:27 clinvar-ncbigene
### Update TTL for clinvar-omim_phenotype if check_ttl_filesize false or check_ttl_timestamp true
# File output/ttl/relation/clinvar-omim_phenotype.ttl is older than output/tsv/clinvar-omim_phenotype.tsv
## Convert output/tsv/clinvar-omim_phenotype.tsv => output/ttl/relation/clinvar-omim_phenotype.ttl
< 2026-09-05T15:07:27 clinvar-omim_phenotype
togoid-config config/clinvar-omim_phenotype convert
> 2026-09-05T15:07:38 clinvar-omim_phenotype
### Update TTL for clinvar-orphanet_phenotype if check_ttl_filesize false or check_ttl_timestamp true
# File output/ttl/relation/clinvar-orphanet_phenotype.ttl is older than output/tsv/clinvar-orphanet_phenotype.tsv
## Convert output/tsv/clinvar-orphanet_phenotype.tsv => output/ttl/relation/clinvar-orphanet_phenotype.ttl
< 2026-09-05T15:07:38 clinvar-orphanet_phenotype
togoid-config config/clinvar-orphanet_phenotype convert
> 2026-09-05T15:07:50 clinvar-orphanet_phenotype
### Update TTL for clinvar-uniprot if check_ttl_filesize false or check_ttl_timestamp true
# File output/ttl/relation/clinvar-uniprot.ttl is older than output/tsv/clinvar-uniprot.tsv
## Convert output/tsv/clinvar-uniprot.tsv => output/ttl/relation/clinvar-uniprot.ttl
< 2026-09-05T15:07:50 clinvar-uniprot
togoid-config config/clinvar-uniprot convert
> 2026-09-05T15:07:50 clinvar-uniprot
### Update TTL for cog-insdc if check_ttl_filesize false or check_ttl_timestamp false
# File output/ttl/relation/cog-insdc.ttl is newer than output/tsv/cog-insdc.tsv
# => Preserving output/ttl/relation/cog-insdc.ttl
### Update TTL for cog-refseq_protein if check_ttl_filesize false or check_ttl_timestamp false
# File output/ttl/relation/cog-refseq_protein.ttl is newer than output/tsv/cog-refseq_protein.tsv
# => Preserving output/ttl/relation/cog-refseq_protein.ttl
### Update TTL for doid-mesh if check_ttl_filesize false or check_ttl_timestamp true
# File output/ttl/relation/doid-mesh.ttl is older than output/tsv/doid-mesh.tsv
## Convert output/tsv/doid-mesh.tsv => output/ttl/relation/doid-mesh.ttl
< 2026-09-05T15:07:50 doid-mesh
togoid-config config/doid-mesh convert
> 2026-09-05T15:07:50 doid-mesh
### Update TTL for doid-ncit_disease if check_ttl_filesize false or check_ttl_timestamp true
# File output/ttl/relation/doid-ncit_disease.ttl is older than output/tsv/doid-ncit_disease.tsv
## Convert output/tsv/doid-ncit_disease.tsv => output/ttl/relation/doid-ncit_disease.ttl
< 2026-09-05T15:07:50 doid-ncit_disease
togoid-config config/doid-ncit_disease convert
> 2026-09-05T15:07:50 doid-ncit_disease
### Update TTL for doid-omim_phenotype if check_ttl_filesize false or check_ttl_timestamp true
# File output/ttl/relation/doid-omim_phenotype.ttl is older than output/tsv/doid-omim_phenotype.tsv
## Convert output/tsv/doid-omim_phenotype.tsv => output/ttl/relation/doid-omim_phenotype.ttl
< 2026-09-05T15:07:50 doid-omim_phenotype
togoid-config config/doid-omim_phenotype convert
> 2026-09-05T15:07:51 doid-omim_phenotype
### Update TTL for ensembl_gene-affy_probeset if check_ttl_filesize false or check_ttl_timestamp false
# File output/ttl/relation/ensembl_gene-affy_probeset.ttl is newer than output/tsv/ensembl_gene-affy_probeset.tsv
# => Preserving output/ttl/relation/ensembl_gene-affy_probeset.ttl
### Update TTL for ensembl_gene-ensembl_protein if check_ttl_filesize false or check_ttl_timestamp true
# File output/ttl/relation/ensembl_gene-ensembl_protein.ttl is older than output/tsv/ensembl_gene-ensembl_protein.tsv
## Convert output/tsv/ensembl_gene-ensembl_protein.tsv => output/ttl/relation/ensembl_gene-ensembl_protein.ttl
< 2026-09-05T15:07:51 ensembl_gene-ensembl_protein
togoid-config config/ensembl_gene-ensembl_protein convert
> 2026-09-05T15:09:23 ensembl_gene-ensembl_protein
### Update TTL for ensembl_gene-ensembl_transcript if check_ttl_filesize false or check_ttl_timestamp true
# File output/ttl/relation/ensembl_gene-ensembl_transcript.ttl is older than output/tsv/ensembl_gene-ensembl_transcript.tsv
## Convert output/tsv/ensembl_gene-ensembl_transcript.tsv => output/ttl/relation/ensembl_gene-ensembl_transcript.ttl
< 2026-09-05T15:09:23 ensembl_gene-ensembl_transcript
togoid-config config/ensembl_gene-ensembl_transcript convert
> 2026-09-05T15:11:48 ensembl_gene-ensembl_transcript
### Update TTL for ensembl_gene-hgnc if check_ttl_filesize false or check_ttl_timestamp true
# File output/ttl/relation/ensembl_gene-hgnc.ttl is older than output/tsv/ensembl_gene-hgnc.tsv
## Convert output/tsv/ensembl_gene-hgnc.tsv => output/ttl/relation/ensembl_gene-hgnc.ttl
< 2026-09-05T15:11:48 ensembl_gene-hgnc
togoid-config config/ensembl_gene-hgnc convert
> 2026-09-05T15:11:49 ensembl_gene-hgnc
### Update TTL for ensembl_gene-ncbigene if check_ttl_filesize false or check_ttl_timestamp true
# File output/ttl/relation/ensembl_gene-ncbigene.ttl is older than output/tsv/ensembl_gene-ncbigene.tsv
## Convert output/tsv/ensembl_gene-ncbigene.tsv => output/ttl/relation/ensembl_gene-ncbigene.ttl
< 2026-09-05T15:11:49 ensembl_gene-ncbigene
togoid-config config/ensembl_gene-ncbigene convert
> 2026-09-05T15:17:30 ensembl_gene-ncbigene
### Update TTL for ensembl_gene-taxonomy if check_ttl_filesize false or check_ttl_timestamp true
# File output/ttl/relation/ensembl_gene-taxonomy.ttl is older than output/tsv/ensembl_gene-taxonomy.tsv
## Convert output/tsv/ensembl_gene-taxonomy.tsv => output/ttl/relation/ensembl_gene-taxonomy.ttl
< 2026-09-05T15:17:30 ensembl_gene-taxonomy
togoid-config config/ensembl_gene-taxonomy convert
> 2026-09-05T15:18:27 ensembl_gene-taxonomy
### Update TTL for ensembl_gene-uniprot if check_ttl_filesize false or check_ttl_timestamp true
# File output/ttl/relation/ensembl_gene-uniprot.ttl is older than output/tsv/ensembl_gene-uniprot.tsv
## Convert output/tsv/ensembl_gene-uniprot.tsv => output/ttl/relation/ensembl_gene-uniprot.ttl
< 2026-09-05T15:18:27 ensembl_gene-uniprot
togoid-config config/ensembl_gene-uniprot convert
> 2026-09-05T15:19:28 ensembl_gene-uniprot
### Update TTL for ensembl_protein-ensembl_transcript if check_ttl_filesize false or check_ttl_timestamp true
# File output/ttl/relation/ensembl_protein-ensembl_transcript.ttl is older than output/tsv/ensembl_protein-ensembl_transcript.tsv
## Convert output/tsv/ensembl_protein-ensembl_transcript.tsv => output/ttl/relation/ensembl_protein-ensembl_transcript.ttl
< 2026-09-05T15:19:28 ensembl_protein-ensembl_transcript
togoid-config config/ensembl_protein-ensembl_transcript convert
> 2026-09-05T15:21:01 ensembl_protein-ensembl_transcript
### Update TTL for ensembl_protein-uniparc if check_ttl_filesize false or check_ttl_timestamp true
# File output/ttl/relation/ensembl_protein-uniparc.ttl is older than output/tsv/ensembl_protein-uniparc.tsv
## Convert output/tsv/ensembl_protein-uniparc.tsv => output/ttl/relation/ensembl_protein-uniparc.ttl
< 2026-09-05T15:21:01 ensembl_protein-uniparc
togoid-config config/ensembl_protein-uniparc convert
> 2026-09-05T15:22:25 ensembl_protein-uniparc
### Update TTL for ensembl_transcript-affy_probeset if check_ttl_filesize false or check_ttl_timestamp false
# File output/ttl/relation/ensembl_transcript-affy_probeset.ttl is newer than output/tsv/ensembl_transcript-affy_probeset.tsv
# => Preserving output/ttl/relation/ensembl_transcript-affy_probeset.ttl
### Update TTL for ensembl_transcript-go if check_ttl_filesize false or check_ttl_timestamp true
# File output/ttl/relation/ensembl_transcript-go.ttl is older than output/tsv/ensembl_transcript-go.tsv
## Convert output/tsv/ensembl_transcript-go.tsv => output/ttl/relation/ensembl_transcript-go.ttl
< 2026-09-05T15:22:25 ensembl_transcript-go
togoid-config config/ensembl_transcript-go convert
> 2026-09-05T15:36:12 ensembl_transcript-go
### Update TTL for ensembl_transcript-hgnc if check_ttl_filesize false or check_ttl_timestamp true
# File output/ttl/relation/ensembl_transcript-hgnc.ttl is older than output/tsv/ensembl_transcript-hgnc.tsv
## Convert output/tsv/ensembl_transcript-hgnc.tsv => output/ttl/relation/ensembl_transcript-hgnc.ttl
< 2026-09-05T15:36:12 ensembl_transcript-hgnc
togoid-config config/ensembl_transcript-hgnc convert
> 2026-09-05T15:36:14 ensembl_transcript-hgnc
### Update TTL for ensembl_transcript-refseq_rna if check_ttl_filesize false or check_ttl_timestamp true
# File output/ttl/relation/ensembl_transcript-refseq_rna.ttl is older than output/tsv/ensembl_transcript-refseq_rna.tsv
## Convert output/tsv/ensembl_transcript-refseq_rna.tsv => output/ttl/relation/ensembl_transcript-refseq_rna.ttl
< 2026-09-05T15:36:14 ensembl_transcript-refseq_rna
togoid-config config/ensembl_transcript-refseq_rna convert
> 2026-09-05T15:43:15 ensembl_transcript-refseq_rna
### Update TTL for flybase_gene-flybase_transcript if check_ttl_filesize false or check_ttl_timestamp true
# File output/ttl/relation/flybase_gene-flybase_transcript.ttl is older than output/tsv/flybase_gene-flybase_transcript.tsv
## Convert output/tsv/flybase_gene-flybase_transcript.tsv => output/ttl/relation/flybase_gene-flybase_transcript.ttl
< 2026-09-05T15:43:15 flybase_gene-flybase_transcript
togoid-config config/flybase_gene-flybase_transcript convert
> 2026-09-05T15:43:15 flybase_gene-flybase_transcript
### Update TTL for flybase_transcript-flybase_protein if check_ttl_filesize false or check_ttl_timestamp true
# File output/ttl/relation/flybase_transcript-flybase_protein.ttl is older than output/tsv/flybase_transcript-flybase_protein.tsv
## Convert output/tsv/flybase_transcript-flybase_protein.tsv => output/ttl/relation/flybase_transcript-flybase_protein.ttl
< 2026-09-05T15:43:15 flybase_transcript-flybase_protein
togoid-config config/flybase_transcript-flybase_protein convert
> 2026-09-05T15:43:16 flybase_transcript-flybase_protein
### Update TTL for gea-bioproject if check_ttl_filesize false or check_ttl_timestamp true
# File output/ttl/relation/gea-bioproject.ttl is older than output/tsv/gea-bioproject.tsv
## Convert output/tsv/gea-bioproject.tsv => output/ttl/relation/gea-bioproject.ttl
< 2026-09-05T15:43:16 gea-bioproject
togoid-config config/gea-bioproject convert
> 2026-09-05T15:43:16 gea-bioproject
### Update TTL for gea-biosample if check_ttl_filesize false or check_ttl_timestamp true
# File output/ttl/relation/gea-biosample.ttl is older than output/tsv/gea-biosample.tsv
## Convert output/tsv/gea-biosample.tsv => output/ttl/relation/gea-biosample.ttl
< 2026-09-05T15:43:16 gea-biosample
togoid-config config/gea-biosample convert
> 2026-09-05T15:43:16 gea-biosample
### Update TTL for glycomotif-glytoucan if check_ttl_filesize false or check_ttl_timestamp false
# File output/ttl/relation/glycomotif-glytoucan.ttl is newer than output/tsv/glycomotif-glytoucan.tsv
# => Preserving output/ttl/relation/glycomotif-glytoucan.ttl
### Update TTL for glytoucan-doid if check_ttl_filesize false or check_ttl_timestamp false
# File output/ttl/relation/glytoucan-doid.ttl is newer than output/tsv/glytoucan-doid.tsv
# => Preserving output/ttl/relation/glytoucan-doid.ttl
### Update TTL for glytoucan-ncbigene if check_ttl_filesize false or check_ttl_timestamp true
# File output/ttl/relation/glytoucan-ncbigene.ttl is older than output/tsv/glytoucan-ncbigene.tsv
## Convert output/tsv/glytoucan-ncbigene.tsv => output/ttl/relation/glytoucan-ncbigene.ttl
< 2026-09-05T15:43:16 glytoucan-ncbigene
togoid-config config/glytoucan-ncbigene convert
> 2026-09-05T15:43:16 glytoucan-ncbigene
### Update TTL for glytoucan-uniprot if check_ttl_filesize false or check_ttl_timestamp true
# File output/ttl/relation/glytoucan-uniprot.ttl is older than output/tsv/glytoucan-uniprot.tsv
## Convert output/tsv/glytoucan-uniprot.tsv => output/ttl/relation/glytoucan-uniprot.ttl
< 2026-09-05T15:43:16 glytoucan-uniprot
togoid-config config/glytoucan-uniprot convert
> 2026-09-05T15:43:17 glytoucan-uniprot
### Update TTL for hgnc-ccds if check_ttl_filesize false or check_ttl_timestamp true
# File output/ttl/relation/hgnc-ccds.ttl is older than output/tsv/hgnc-ccds.tsv
## Convert output/tsv/hgnc-ccds.tsv => output/ttl/relation/hgnc-ccds.ttl
< 2026-09-05T15:43:17 hgnc-ccds
togoid-config config/hgnc-ccds convert
> 2026-09-05T15:43:17 hgnc-ccds
### Update TTL for hgnc-ec if check_ttl_filesize false or check_ttl_timestamp true
# File output/ttl/relation/hgnc-ec.ttl is older than output/tsv/hgnc-ec.tsv
## Convert output/tsv/hgnc-ec.tsv => output/ttl/relation/hgnc-ec.ttl
< 2026-09-05T15:43:17 hgnc-ec
togoid-config config/hgnc-ec convert
> 2026-09-05T15:43:17 hgnc-ec
### Update TTL for hgnc-ensembl_gene if check_ttl_filesize false or check_ttl_timestamp true
# File output/ttl/relation/hgnc-ensembl_gene.ttl is older than output/tsv/hgnc-ensembl_gene.tsv
## Convert output/tsv/hgnc-ensembl_gene.tsv => output/ttl/relation/hgnc-ensembl_gene.ttl
< 2026-09-05T15:43:17 hgnc-ensembl_gene
togoid-config config/hgnc-ensembl_gene convert
> 2026-09-05T15:43:18 hgnc-ensembl_gene
### Update TTL for hgnc-hgnc_symbol if check_ttl_filesize false or check_ttl_timestamp true
# File output/ttl/relation/hgnc-hgnc_symbol.ttl is older than output/tsv/hgnc-hgnc_symbol.tsv
## Convert output/tsv/hgnc-hgnc_symbol.tsv => output/ttl/relation/hgnc-hgnc_symbol.ttl
< 2026-09-05T15:43:18 hgnc-hgnc_symbol
togoid-config config/hgnc-hgnc_symbol convert
> 2026-09-05T15:43:18 hgnc-hgnc_symbol
### Update TTL for hgnc-insdc if check_ttl_filesize false or check_ttl_timestamp true
# File output/ttl/relation/hgnc-insdc.ttl is older than output/tsv/hgnc-insdc.tsv
## Convert output/tsv/hgnc-insdc.tsv => output/ttl/relation/hgnc-insdc.ttl
< 2026-09-05T15:43:18 hgnc-insdc
togoid-config config/hgnc-insdc convert
> 2026-09-05T15:43:18 hgnc-insdc
### Update TTL for hgnc-lrg if check_ttl_filesize false or check_ttl_timestamp true
# File output/ttl/relation/hgnc-lrg.ttl is older than output/tsv/hgnc-lrg.tsv
## Convert output/tsv/hgnc-lrg.tsv => output/ttl/relation/hgnc-lrg.ttl
< 2026-09-05T15:43:18 hgnc-lrg
togoid-config config/hgnc-lrg convert
> 2026-09-05T15:43:18 hgnc-lrg
### Update TTL for hgnc-mgi_gene if check_ttl_filesize false or check_ttl_timestamp true
# File output/ttl/relation/hgnc-mgi_gene.ttl is older than output/tsv/hgnc-mgi_gene.tsv
## Convert output/tsv/hgnc-mgi_gene.tsv => output/ttl/relation/hgnc-mgi_gene.ttl
< 2026-09-05T15:43:18 hgnc-mgi_gene
togoid-config config/hgnc-mgi_gene convert
> 2026-09-05T15:43:18 hgnc-mgi_gene
### Update TTL for hgnc-mirbase if check_ttl_filesize false or check_ttl_timestamp true
# File output/ttl/relation/hgnc-mirbase.ttl is older than output/tsv/hgnc-mirbase.tsv
## Convert output/tsv/hgnc-mirbase.tsv => output/ttl/relation/hgnc-mirbase.ttl
< 2026-09-05T15:43:18 hgnc-mirbase
togoid-config config/hgnc-mirbase convert
> 2026-09-05T15:43:19 hgnc-mirbase
### Update TTL for hgnc-ncbigene if check_ttl_filesize false or check_ttl_timestamp true
# File output/ttl/relation/hgnc-ncbigene.ttl is older than output/tsv/hgnc-ncbigene.tsv
## Convert output/tsv/hgnc-ncbigene.tsv => output/ttl/relation/hgnc-ncbigene.ttl
< 2026-09-05T15:43:19 hgnc-ncbigene
togoid-config config/hgnc-ncbigene convert
> 2026-09-05T15:43:19 hgnc-ncbigene
### Update TTL for hgnc-omim_gene if check_ttl_filesize false or check_ttl_timestamp true
# File output/ttl/relation/hgnc-omim_gene.ttl is older than output/tsv/hgnc-omim_gene.tsv
## Convert output/tsv/hgnc-omim_gene.tsv => output/ttl/relation/hgnc-omim_gene.ttl
< 2026-09-05T15:43:19 hgnc-omim_gene
togoid-config config/hgnc-omim_gene convert
> 2026-09-05T15:43:19 hgnc-omim_gene
### Update TTL for hgnc-pubmed if check_ttl_filesize false or check_ttl_timestamp true
# File output/ttl/relation/hgnc-pubmed.ttl is older than output/tsv/hgnc-pubmed.tsv
## Convert output/tsv/hgnc-pubmed.tsv => output/ttl/relation/hgnc-pubmed.ttl
< 2026-09-05T15:43:19 hgnc-pubmed
togoid-config config/hgnc-pubmed convert
> 2026-09-05T15:43:20 hgnc-pubmed
### Update TTL for hgnc-refseq_genomic if check_ttl_filesize false or check_ttl_timestamp true
# File output/ttl/relation/hgnc-refseq_genomic.ttl is older than output/tsv/hgnc-refseq_genomic.tsv
## Convert output/tsv/hgnc-refseq_genomic.tsv => output/ttl/relation/hgnc-refseq_genomic.ttl
< 2026-09-05T15:43:20 hgnc-refseq_genomic
togoid-config config/hgnc-refseq_genomic convert
> 2026-09-05T15:43:20 hgnc-refseq_genomic
### Update TTL for hgnc-refseq_rna if check_ttl_filesize false or check_ttl_timestamp true
# File output/ttl/relation/hgnc-refseq_rna.ttl is older than output/tsv/hgnc-refseq_rna.tsv
## Convert output/tsv/hgnc-refseq_rna.tsv => output/ttl/relation/hgnc-refseq_rna.ttl
< 2026-09-05T15:43:20 hgnc-refseq_rna
togoid-config config/hgnc-refseq_rna convert
> 2026-09-05T15:43:20 hgnc-refseq_rna
### Update TTL for hgnc-rgd if check_ttl_filesize false or check_ttl_timestamp true
# File output/ttl/relation/hgnc-rgd.ttl is older than output/tsv/hgnc-rgd.tsv
## Convert output/tsv/hgnc-rgd.tsv => output/ttl/relation/hgnc-rgd.ttl
< 2026-09-05T15:43:20 hgnc-rgd
togoid-config config/hgnc-rgd convert
> 2026-09-05T15:43:20 hgnc-rgd
### Update TTL for hgnc-uniprot if check_ttl_filesize false or check_ttl_timestamp true
# File output/ttl/relation/hgnc-uniprot.ttl is older than output/tsv/hgnc-uniprot.tsv
## Convert output/tsv/hgnc-uniprot.tsv => output/ttl/relation/hgnc-uniprot.ttl
< 2026-09-05T15:43:20 hgnc-uniprot
togoid-config config/hgnc-uniprot convert
> 2026-09-05T15:43:21 hgnc-uniprot
### Update TTL for hmdb-chebi if check_ttl_filesize false or check_ttl_timestamp false
# File output/ttl/relation/hmdb-chebi.ttl is newer than output/tsv/hmdb-chebi.tsv
# => Preserving output/ttl/relation/hmdb-chebi.ttl
### Update TTL for hmdb-inchi_key if check_ttl_filesize false or check_ttl_timestamp false
# File output/ttl/relation/hmdb-inchi_key.ttl is newer than output/tsv/hmdb-inchi_key.tsv
# => Preserving output/ttl/relation/hmdb-inchi_key.ttl
### Update TTL for hmdb-pdb_ccd if check_ttl_filesize false or check_ttl_timestamp false
# File output/ttl/relation/hmdb-pdb_ccd.ttl is newer than output/tsv/hmdb-pdb_ccd.tsv
# => Preserving output/ttl/relation/hmdb-pdb_ccd.ttl
### Update TTL for hmdb-pubchem_compound if check_ttl_filesize false or check_ttl_timestamp false
# File output/ttl/relation/hmdb-pubchem_compound.ttl is newer than output/tsv/hmdb-pubchem_compound.tsv
# => Preserving output/ttl/relation/hmdb-pubchem_compound.ttl
### Update TTL for homologene-ncbigene if check_ttl_filesize false or check_ttl_timestamp false
# File output/ttl/relation/homologene-ncbigene.ttl is newer than output/tsv/homologene-ncbigene.tsv
# => Preserving output/ttl/relation/homologene-ncbigene.ttl
### Update TTL for hp_inheritance-omim_phenotype if check_ttl_filesize false or check_ttl_timestamp true
# File output/ttl/relation/hp_inheritance-omim_phenotype.ttl is older than output/tsv/hp_inheritance-omim_phenotype.tsv
## Convert output/tsv/hp_inheritance-omim_phenotype.tsv => output/ttl/relation/hp_inheritance-omim_phenotype.ttl
< 2026-09-05T15:43:21 hp_inheritance-omim_phenotype
togoid-config config/hp_inheritance-omim_phenotype convert
> 2026-09-05T15:43:21 hp_inheritance-omim_phenotype
### Update TTL for hp_phenotype-omim_phenotype if check_ttl_filesize false or check_ttl_timestamp true
# File output/ttl/relation/hp_phenotype-omim_phenotype.ttl is older than output/tsv/hp_phenotype-omim_phenotype.tsv
## Convert output/tsv/hp_phenotype-omim_phenotype.tsv => output/ttl/relation/hp_phenotype-omim_phenotype.ttl
< 2026-09-05T15:43:21 hp_phenotype-omim_phenotype
togoid-config config/hp_phenotype-omim_phenotype convert
> 2026-09-05T15:43:22 hp_phenotype-omim_phenotype
### Update TTL for hp_phenotype-orphanet_phenotype if check_ttl_filesize false or check_ttl_timestamp true
# File output/ttl/relation/hp_phenotype-orphanet_phenotype.ttl is older than output/tsv/hp_phenotype-orphanet_phenotype.tsv
## Convert output/tsv/hp_phenotype-orphanet_phenotype.tsv => output/ttl/relation/hp_phenotype-orphanet_phenotype.ttl
< 2026-09-05T15:43:22 hp_phenotype-orphanet_phenotype
togoid-config config/hp_phenotype-orphanet_phenotype convert
> 2026-09-05T15:43:22 hp_phenotype-orphanet_phenotype
### Update TTL for insdc-bioproject if check_ttl_filesize false or check_ttl_timestamp true
# File output/ttl/relation/insdc-bioproject.ttl is older than output/tsv/insdc-bioproject.tsv
## Convert output/tsv/insdc-bioproject.tsv => output/ttl/relation/insdc-bioproject.ttl
< 2026-09-05T15:43:22 insdc-bioproject
togoid-config config/insdc-bioproject convert
> 2026-09-05T15:49:52 insdc-bioproject
### Update TTL for insdc-biosample if check_ttl_filesize false or check_ttl_timestamp true
# File output/ttl/relation/insdc-biosample.ttl is older than output/tsv/insdc-biosample.tsv
## Convert output/tsv/insdc-biosample.tsv => output/ttl/relation/insdc-biosample.ttl
< 2026-09-05T15:49:52 insdc-biosample
togoid-config config/insdc-biosample convert
> 2026-09-05T16:19:18 insdc-biosample
### Update TTL for insdc_master-bioproject if check_ttl_filesize false or check_ttl_timestamp true
# File output/ttl/relation/insdc_master-bioproject.ttl is older than output/tsv/insdc_master-bioproject.tsv
## Convert output/tsv/insdc_master-bioproject.tsv => output/ttl/relation/insdc_master-bioproject.ttl
< 2026-09-05T16:19:18 insdc_master-bioproject
togoid-config config/insdc_master-bioproject convert
> 2026-09-05T16:19:40 insdc_master-bioproject
### Update TTL for insdc_master-biosample if check_ttl_filesize false or check_ttl_timestamp true
# File output/ttl/relation/insdc_master-biosample.ttl is older than output/tsv/insdc_master-biosample.tsv
## Convert output/tsv/insdc_master-biosample.tsv => output/ttl/relation/insdc_master-biosample.ttl
< 2026-09-05T16:19:40 insdc_master-biosample
togoid-config config/insdc_master-biosample convert
> 2026-09-05T16:20:04 insdc_master-biosample
### Update TTL for interpro-go if check_ttl_filesize false or check_ttl_timestamp true
# File output/ttl/relation/interpro-go.ttl is older than output/tsv/interpro-go.tsv
## Convert output/tsv/interpro-go.tsv => output/ttl/relation/interpro-go.ttl
< 2026-09-05T16:20:04 interpro-go
togoid-config config/interpro-go convert
> 2026-09-05T16:20:04 interpro-go
### Update TTL for interpro-pdb if check_ttl_filesize false or check_ttl_timestamp true
# File output/ttl/relation/interpro-pdb.ttl is older than output/tsv/interpro-pdb.tsv
## Convert output/tsv/interpro-pdb.tsv => output/ttl/relation/interpro-pdb.ttl
< 2026-09-05T16:20:04 interpro-pdb
togoid-config config/interpro-pdb convert
> 2026-09-05T16:20:14 interpro-pdb
### Update TTL for interpro-pfam if check_ttl_filesize false or check_ttl_timestamp true
# File output/ttl/relation/interpro-pfam.ttl is older than output/tsv/interpro-pfam.tsv
## Convert output/tsv/interpro-pfam.tsv => output/ttl/relation/interpro-pfam.ttl
< 2026-09-05T16:20:14 interpro-pfam
togoid-config config/interpro-pfam convert
> 2026-09-05T16:20:14 interpro-pfam
### Update TTL for interpro-prosite if check_ttl_filesize false or check_ttl_timestamp true
# File output/ttl/relation/interpro-prosite.ttl is older than output/tsv/interpro-prosite.tsv
## Convert output/tsv/interpro-prosite.tsv => output/ttl/relation/interpro-prosite.ttl
< 2026-09-05T16:20:14 interpro-prosite
togoid-config config/interpro-prosite convert
> 2026-09-05T16:20:15 interpro-prosite
### Update TTL for interpro-pubmed if check_ttl_filesize false or check_ttl_timestamp true
# File output/ttl/relation/interpro-pubmed.ttl is older than output/tsv/interpro-pubmed.tsv
## Convert output/tsv/interpro-pubmed.tsv => output/ttl/relation/interpro-pubmed.ttl
< 2026-09-05T16:20:15 interpro-pubmed
togoid-config config/interpro-pubmed convert
> 2026-09-05T16:20:15 interpro-pubmed
### Update TTL for interpro-reactome_pathway if check_ttl_filesize false or check_ttl_timestamp true
# File output/ttl/relation/interpro-reactome_pathway.ttl is older than output/tsv/interpro-reactome_pathway.tsv
## Convert output/tsv/interpro-reactome_pathway.tsv => output/ttl/relation/interpro-reactome_pathway.ttl
< 2026-09-05T16:20:15 interpro-reactome_pathway
togoid-config config/interpro-reactome_pathway convert
> 2026-09-05T16:20:18 interpro-reactome_pathway
### Update TTL for interpro-smart if check_ttl_filesize false or check_ttl_timestamp true
# File output/ttl/relation/interpro-smart.ttl is older than output/tsv/interpro-smart.tsv
## Convert output/tsv/interpro-smart.tsv => output/ttl/relation/interpro-smart.ttl
< 2026-09-05T16:20:18 interpro-smart
togoid-config config/interpro-smart convert
> 2026-09-05T16:20:18 interpro-smart
### Update TTL for interpro-uniprot if check_ttl_filesize false or check_ttl_timestamp true
# File output/ttl/relation/interpro-uniprot.ttl is older than output/tsv/interpro-uniprot.tsv
## Convert output/tsv/interpro-uniprot.tsv => output/ttl/relation/interpro-uniprot.ttl
< 2026-09-05T16:20:18 interpro-uniprot
togoid-config config/interpro-uniprot convert
> 2026-09-05T18:00:01 interpro-uniprot
### Update TTL for jga_study-jga_dataset if check_ttl_filesize false or check_ttl_timestamp true
# File output/ttl/relation/jga_study-jga_dataset.ttl is older than output/tsv/jga_study-jga_dataset.tsv
## Convert output/tsv/jga_study-jga_dataset.tsv => output/ttl/relation/jga_study-jga_dataset.ttl
< 2026-09-05T18:00:01 jga_study-jga_dataset
togoid-config config/jga_study-jga_dataset convert
> 2026-09-05T18:00:01 jga_study-jga_dataset
### Update TTL for jga_study-nbdc_human_db if check_ttl_filesize false or check_ttl_timestamp true
# File output/ttl/relation/jga_study-nbdc_human_db.ttl is older than output/tsv/jga_study-nbdc_human_db.tsv
## Convert output/tsv/jga_study-nbdc_human_db.tsv => output/ttl/relation/jga_study-nbdc_human_db.ttl
< 2026-09-05T18:00:01 jga_study-nbdc_human_db
togoid-config config/jga_study-nbdc_human_db convert
> 2026-09-05T18:00:01 jga_study-nbdc_human_db
### Update TTL for jga_study-pubmed if check_ttl_filesize false or check_ttl_timestamp true
# File output/ttl/relation/jga_study-pubmed.ttl is older than output/tsv/jga_study-pubmed.tsv
## Convert output/tsv/jga_study-pubmed.tsv => output/ttl/relation/jga_study-pubmed.ttl
< 2026-09-05T18:00:01 jga_study-pubmed
togoid-config config/jga_study-pubmed convert
> 2026-09-05T18:00:01 jga_study-pubmed
### Update TTL for lipidmaps-chebi if check_ttl_filesize false or check_ttl_timestamp true
# File output/ttl/relation/lipidmaps-chebi.ttl is older than output/tsv/lipidmaps-chebi.tsv
## Convert output/tsv/lipidmaps-chebi.tsv => output/ttl/relation/lipidmaps-chebi.ttl
< 2026-09-05T18:00:01 lipidmaps-chebi
togoid-config config/lipidmaps-chebi convert
> 2026-09-05T18:00:01 lipidmaps-chebi
### Update TTL for lipidmaps-inchi_key if check_ttl_filesize false or check_ttl_timestamp true
# File output/ttl/relation/lipidmaps-inchi_key.ttl is older than output/tsv/lipidmaps-inchi_key.tsv
## Convert output/tsv/lipidmaps-inchi_key.tsv => output/ttl/relation/lipidmaps-inchi_key.ttl
< 2026-09-05T18:00:01 lipidmaps-inchi_key
togoid-config config/lipidmaps-inchi_key convert
> 2026-09-05T18:00:02 lipidmaps-inchi_key
### Update TTL for lipidmaps-swisslipids if check_ttl_filesize false or check_ttl_timestamp true
# File output/ttl/relation/lipidmaps-swisslipids.ttl is older than output/tsv/lipidmaps-swisslipids.tsv
## Convert output/tsv/lipidmaps-swisslipids.tsv => output/ttl/relation/lipidmaps-swisslipids.ttl
< 2026-09-05T18:00:02 lipidmaps-swisslipids
togoid-config config/lipidmaps-swisslipids convert
> 2026-09-05T18:00:02 lipidmaps-swisslipids
### Update TTL for mbgd_gene-uniprot if check_ttl_filesize false or check_ttl_timestamp false
# File output/ttl/relation/mbgd_gene-uniprot.ttl is newer than output/tsv/mbgd_gene-uniprot.tsv
# => Preserving output/ttl/relation/mbgd_gene-uniprot.ttl
### Update TTL for mbgd_organism-taxonomy if check_ttl_filesize false or check_ttl_timestamp false
# File output/ttl/relation/mbgd_organism-taxonomy.ttl is newer than output/tsv/mbgd_organism-taxonomy.tsv
# => Preserving output/ttl/relation/mbgd_organism-taxonomy.ttl
### Update TTL for medgen-hp_phenotype if check_ttl_filesize false or check_ttl_timestamp true
# File output/ttl/relation/medgen-hp_phenotype.ttl is older than output/tsv/medgen-hp_phenotype.tsv
## Convert output/tsv/medgen-hp_phenotype.tsv => output/ttl/relation/medgen-hp_phenotype.ttl
< 2026-09-05T18:00:02 medgen-hp_phenotype
togoid-config config/medgen-hp_phenotype convert
> 2026-09-05T18:00:02 medgen-hp_phenotype
### Update TTL for medgen-mesh if check_ttl_filesize false or check_ttl_timestamp true
# File output/ttl/relation/medgen-mesh.ttl is older than output/tsv/medgen-mesh.tsv
## Convert output/tsv/medgen-mesh.tsv => output/ttl/relation/medgen-mesh.ttl
< 2026-09-05T18:00:02 medgen-mesh
togoid-config config/medgen-mesh convert
> 2026-09-05T18:00:02 medgen-mesh
### Update TTL for medgen-mondo if check_ttl_filesize false or check_ttl_timestamp true
# File output/ttl/relation/medgen-mondo.ttl is older than output/tsv/medgen-mondo.tsv
## Convert output/tsv/medgen-mondo.tsv => output/ttl/relation/medgen-mondo.ttl
< 2026-09-05T18:00:02 medgen-mondo
togoid-config config/medgen-mondo convert
> 2026-09-05T18:00:02 medgen-mondo
### Update TTL for medgen-ncbigene if check_ttl_filesize false or check_ttl_timestamp true
# File output/ttl/relation/medgen-ncbigene.ttl is older than output/tsv/medgen-ncbigene.tsv
## Convert output/tsv/medgen-ncbigene.tsv => output/ttl/relation/medgen-ncbigene.ttl
< 2026-09-05T18:00:02 medgen-ncbigene
togoid-config config/medgen-ncbigene convert
> 2026-09-05T18:00:03 medgen-ncbigene
### Update TTL for medgen-omim_phenotype if check_ttl_filesize false or check_ttl_timestamp true
# File output/ttl/relation/medgen-omim_phenotype.ttl is older than output/tsv/medgen-omim_phenotype.tsv
## Convert output/tsv/medgen-omim_phenotype.tsv => output/ttl/relation/medgen-omim_phenotype.ttl
< 2026-09-05T18:00:03 medgen-omim_phenotype
togoid-config config/medgen-omim_phenotype convert
> 2026-09-05T18:00:03 medgen-omim_phenotype
### Update TTL for medgen-orphanet_phenotype if check_ttl_filesize false or check_ttl_timestamp true
# File output/ttl/relation/medgen-orphanet_phenotype.ttl is older than output/tsv/medgen-orphanet_phenotype.tsv
## Convert output/tsv/medgen-orphanet_phenotype.tsv => output/ttl/relation/medgen-orphanet_phenotype.ttl
< 2026-09-05T18:00:03 medgen-orphanet_phenotype
togoid-config config/medgen-orphanet_phenotype convert
> 2026-09-05T18:00:03 medgen-orphanet_phenotype
### Update TTL for mgi_gene-ensembl_gene if check_ttl_filesize false or check_ttl_timestamp true
# File output/ttl/relation/mgi_gene-ensembl_gene.ttl is older than output/tsv/mgi_gene-ensembl_gene.tsv
## Convert output/tsv/mgi_gene-ensembl_gene.tsv => output/ttl/relation/mgi_gene-ensembl_gene.ttl
< 2026-09-05T18:00:03 mgi_gene-ensembl_gene
togoid-config config/mgi_gene-ensembl_gene convert
> 2026-09-05T18:00:04 mgi_gene-ensembl_gene
### Update TTL for mgi_gene-hgnc if check_ttl_filesize false or check_ttl_timestamp true
# File output/ttl/relation/mgi_gene-hgnc.ttl is older than output/tsv/mgi_gene-hgnc.tsv
## Convert output/tsv/mgi_gene-hgnc.tsv => output/ttl/relation/mgi_gene-hgnc.ttl
< 2026-09-05T18:00:04 mgi_gene-hgnc
togoid-config config/mgi_gene-hgnc convert
> 2026-09-05T18:00:04 mgi_gene-hgnc
### Update TTL for mgi_gene-mgi_allele if check_ttl_filesize false or check_ttl_timestamp true
# File output/ttl/relation/mgi_gene-mgi_allele.ttl is older than output/tsv/mgi_gene-mgi_allele.tsv
## Convert output/tsv/mgi_gene-mgi_allele.tsv => output/ttl/relation/mgi_gene-mgi_allele.ttl
< 2026-09-05T18:00:04 mgi_gene-mgi_allele
togoid-config config/mgi_gene-mgi_allele convert
> 2026-09-05T18:00:05 mgi_gene-mgi_allele
### Update TTL for mgi_gene-ncbigene if check_ttl_filesize false or check_ttl_timestamp true
# File output/ttl/relation/mgi_gene-ncbigene.ttl is older than output/tsv/mgi_gene-ncbigene.tsv
## Convert output/tsv/mgi_gene-ncbigene.tsv => output/ttl/relation/mgi_gene-ncbigene.ttl
< 2026-09-05T18:00:05 mgi_gene-ncbigene
togoid-config config/mgi_gene-ncbigene convert
> 2026-09-05T18:00:05 mgi_gene-ncbigene
### Update TTL for mgi_gene-uniprot if check_ttl_filesize false or check_ttl_timestamp true
# File output/ttl/relation/mgi_gene-uniprot.ttl is older than output/tsv/mgi_gene-uniprot.tsv
## Convert output/tsv/mgi_gene-uniprot.tsv => output/ttl/relation/mgi_gene-uniprot.ttl
< 2026-09-05T18:00:05 mgi_gene-uniprot
togoid-config config/mgi_gene-uniprot convert
> 2026-09-05T18:00:06 mgi_gene-uniprot
### Update TTL for mgi_genotype-doid if check_ttl_filesize false or check_ttl_timestamp false
# File output/ttl/relation/mgi_genotype-doid.ttl is newer than output/tsv/mgi_genotype-doid.tsv
# => Preserving output/ttl/relation/mgi_genotype-doid.ttl
### Update TTL for mgi_genotype-mgi_allele if check_ttl_filesize false or check_ttl_timestamp false
# File output/ttl/relation/mgi_genotype-mgi_allele.ttl is newer than output/tsv/mgi_genotype-mgi_allele.tsv
# => Preserving output/ttl/relation/mgi_genotype-mgi_allele.ttl
### Update TTL for mgi_genotype-mp if check_ttl_filesize false or check_ttl_timestamp false
# File output/ttl/relation/mgi_genotype-mp.ttl is newer than output/tsv/mgi_genotype-mp.tsv
# => Preserving output/ttl/relation/mgi_genotype-mp.ttl
### Update TTL for mirbase-mirbase_mature if check_ttl_filesize false or check_ttl_timestamp true
# File output/ttl/relation/mirbase-mirbase_mature.ttl is older than output/tsv/mirbase-mirbase_mature.tsv
## Convert output/tsv/mirbase-mirbase_mature.tsv => output/ttl/relation/mirbase-mirbase_mature.ttl
< 2026-09-05T18:00:06 mirbase-mirbase_mature
togoid-config config/mirbase-mirbase_mature convert
> 2026-09-05T18:00:06 mirbase-mirbase_mature
### Update TTL for mondo-doid if check_ttl_filesize false or check_ttl_timestamp true
# File output/ttl/relation/mondo-doid.ttl is older than output/tsv/mondo-doid.tsv
## Convert output/tsv/mondo-doid.tsv => output/ttl/relation/mondo-doid.ttl
< 2026-09-05T18:00:06 mondo-doid
togoid-config config/mondo-doid convert
> 2026-09-05T18:00:06 mondo-doid
### Update TTL for mondo-efo_disease if check_ttl_filesize false or check_ttl_timestamp true
# File output/ttl/relation/mondo-efo_disease.ttl is older than output/tsv/mondo-efo_disease.tsv
## Convert output/tsv/mondo-efo_disease.tsv => output/ttl/relation/mondo-efo_disease.ttl
< 2026-09-05T18:00:06 mondo-efo_disease
togoid-config config/mondo-efo_disease convert
> 2026-09-05T18:00:06 mondo-efo_disease
### Update TTL for mondo-hp_phenotype if check_ttl_filesize false or check_ttl_timestamp true
# File output/ttl/relation/mondo-hp_phenotype.ttl is older than output/tsv/mondo-hp_phenotype.tsv
## Convert output/tsv/mondo-hp_phenotype.tsv => output/ttl/relation/mondo-hp_phenotype.ttl
< 2026-09-05T18:00:06 mondo-hp_phenotype
togoid-config config/mondo-hp_phenotype convert
> 2026-09-05T18:00:07 mondo-hp_phenotype
### Update TTL for mondo-meddra if check_ttl_filesize false or check_ttl_timestamp true
# File output/ttl/relation/mondo-meddra.ttl is older than output/tsv/mondo-meddra.tsv
## Convert output/tsv/mondo-meddra.tsv => output/ttl/relation/mondo-meddra.ttl
< 2026-09-05T18:00:07 mondo-meddra
togoid-config config/mondo-meddra convert
> 2026-09-05T18:00:07 mondo-meddra
### Update TTL for mondo-mesh if check_ttl_filesize false or check_ttl_timestamp true
# File output/ttl/relation/mondo-mesh.ttl is older than output/tsv/mondo-mesh.tsv
## Convert output/tsv/mondo-mesh.tsv => output/ttl/relation/mondo-mesh.ttl
< 2026-09-05T18:00:07 mondo-mesh
togoid-config config/mondo-mesh convert
> 2026-09-05T18:00:07 mondo-mesh
### Update TTL for mondo-ncit_disease if check_ttl_filesize false or check_ttl_timestamp true
# File output/ttl/relation/mondo-ncit_disease.ttl is older than output/tsv/mondo-ncit_disease.tsv
## Convert output/tsv/mondo-ncit_disease.tsv => output/ttl/relation/mondo-ncit_disease.ttl
< 2026-09-05T18:00:07 mondo-ncit_disease
togoid-config config/mondo-ncit_disease convert
> 2026-09-05T18:00:07 mondo-ncit_disease
### Update TTL for mondo-omim_phenotype if check_ttl_filesize false or check_ttl_timestamp true
# File output/ttl/relation/mondo-omim_phenotype.ttl is older than output/tsv/mondo-omim_phenotype.tsv
## Convert output/tsv/mondo-omim_phenotype.tsv => output/ttl/relation/mondo-omim_phenotype.ttl
< 2026-09-05T18:00:07 mondo-omim_phenotype
togoid-config config/mondo-omim_phenotype convert
> 2026-09-05T18:00:07 mondo-omim_phenotype
### Update TTL for mondo-orphanet_phenotype if check_ttl_filesize false or check_ttl_timestamp true
# File output/ttl/relation/mondo-orphanet_phenotype.ttl is older than output/tsv/mondo-orphanet_phenotype.tsv
## Convert output/tsv/mondo-orphanet_phenotype.tsv => output/ttl/relation/mondo-orphanet_phenotype.ttl
< 2026-09-05T18:00:07 mondo-orphanet_phenotype
togoid-config config/mondo-orphanet_phenotype convert
> 2026-09-05T18:00:07 mondo-orphanet_phenotype
### Update TTL for nando-hp_phenotype if check_ttl_filesize false or check_ttl_timestamp true
# File output/ttl/relation/nando-hp_phenotype.ttl is older than output/tsv/nando-hp_phenotype.tsv
## Convert output/tsv/nando-hp_phenotype.tsv => output/ttl/relation/nando-hp_phenotype.ttl
< 2026-09-05T18:00:07 nando-hp_phenotype
togoid-config config/nando-hp_phenotype convert
> 2026-09-05T18:00:08 nando-hp_phenotype
### Update TTL for nando-mondo if check_ttl_filesize false or check_ttl_timestamp true
# File output/ttl/relation/nando-mondo.ttl is older than output/tsv/nando-mondo.tsv
## Convert output/tsv/nando-mondo.tsv => output/ttl/relation/nando-mondo.ttl
< 2026-09-05T18:00:08 nando-mondo
togoid-config config/nando-mondo convert
> 2026-09-05T18:00:08 nando-mondo
### Update TTL for nando-nbdc_human_db if check_ttl_filesize false or check_ttl_timestamp true
# File output/ttl/relation/nando-nbdc_human_db.ttl is older than output/tsv/nando-nbdc_human_db.tsv
## Convert output/tsv/nando-nbdc_human_db.tsv => output/ttl/relation/nando-nbdc_human_db.ttl
< 2026-09-05T18:00:08 nando-nbdc_human_db
togoid-config config/nando-nbdc_human_db convert
> 2026-09-05T18:00:08 nando-nbdc_human_db
### Update TTL for nando-ncbigene if check_ttl_filesize false or check_ttl_timestamp true
# File output/ttl/relation/nando-ncbigene.ttl is older than output/tsv/nando-ncbigene.tsv
## Convert output/tsv/nando-ncbigene.tsv => output/ttl/relation/nando-ncbigene.ttl
< 2026-09-05T18:00:08 nando-ncbigene
togoid-config config/nando-ncbigene convert
> 2026-09-05T18:00:08 nando-ncbigene
### Update TTL for ncbigene-ensembl_gene if check_ttl_filesize false or check_ttl_timestamp true
# File output/ttl/relation/ncbigene-ensembl_gene.ttl is older than output/tsv/ncbigene-ensembl_gene.tsv
## Convert output/tsv/ncbigene-ensembl_gene.tsv => output/ttl/relation/ncbigene-ensembl_gene.ttl
< 2026-09-05T18:00:08 ncbigene-ensembl_gene
togoid-config config/ncbigene-ensembl_gene convert
> 2026-09-05T18:01:32 ncbigene-ensembl_gene
### Update TTL for ncbigene-ensembl_protein if check_ttl_filesize false or check_ttl_timestamp true
# File output/ttl/relation/ncbigene-ensembl_protein.ttl is older than output/tsv/ncbigene-ensembl_protein.tsv
## Convert output/tsv/ncbigene-ensembl_protein.tsv => output/ttl/relation/ncbigene-ensembl_protein.ttl
< 2026-09-05T18:01:32 ncbigene-ensembl_protein
togoid-config config/ncbigene-ensembl_protein convert
> 2026-09-05T18:03:07 ncbigene-ensembl_protein
### Update TTL for ncbigene-ensembl_transcript if check_ttl_filesize false or check_ttl_timestamp true
# File output/ttl/relation/ncbigene-ensembl_transcript.ttl is older than output/tsv/ncbigene-ensembl_transcript.tsv
## Convert output/tsv/ncbigene-ensembl_transcript.tsv => output/ttl/relation/ncbigene-ensembl_transcript.ttl
< 2026-09-05T18:03:07 ncbigene-ensembl_transcript
togoid-config config/ncbigene-ensembl_transcript convert
> 2026-09-05T18:04:51 ncbigene-ensembl_transcript
### Update TTL for ncbigene-flybase_gene if check_ttl_filesize false or check_ttl_timestamp true
# File output/ttl/relation/ncbigene-flybase_gene.ttl is older than output/tsv/ncbigene-flybase_gene.tsv
## Convert output/tsv/ncbigene-flybase_gene.tsv => output/ttl/relation/ncbigene-flybase_gene.ttl
< 2026-09-05T18:04:51 ncbigene-flybase_gene
togoid-config config/ncbigene-flybase_gene convert
> 2026-09-05T18:04:51 ncbigene-flybase_gene
### Update TTL for ncbigene-go if check_ttl_filesize false or check_ttl_timestamp true
# File output/ttl/relation/ncbigene-go.ttl is older than output/tsv/ncbigene-go.tsv
## Convert output/tsv/ncbigene-go.tsv => output/ttl/relation/ncbigene-go.ttl
< 2026-09-05T18:04:51 ncbigene-go
togoid-config config/ncbigene-go convert
> 2026-09-05T18:20:11 ncbigene-go
### Update TTL for ncbigene-hgnc if check_ttl_filesize false or check_ttl_timestamp true
# File output/ttl/relation/ncbigene-hgnc.ttl is older than output/tsv/ncbigene-hgnc.tsv
## Convert output/tsv/ncbigene-hgnc.tsv => output/ttl/relation/ncbigene-hgnc.ttl
< 2026-09-05T18:20:11 ncbigene-hgnc
togoid-config config/ncbigene-hgnc convert
> 2026-09-05T18:20:11 ncbigene-hgnc
### Update TTL for ncbigene-mgi_gene if check_ttl_filesize false or check_ttl_timestamp true
# File output/ttl/relation/ncbigene-mgi_gene.ttl is older than output/tsv/ncbigene-mgi_gene.tsv
## Convert output/tsv/ncbigene-mgi_gene.tsv => output/ttl/relation/ncbigene-mgi_gene.ttl
< 2026-09-05T18:20:11 ncbigene-mgi_gene
togoid-config config/ncbigene-mgi_gene convert
> 2026-09-05T18:20:11 ncbigene-mgi_gene
### Update TTL for ncbigene-mirbase if check_ttl_filesize false or check_ttl_timestamp true
# File output/ttl/relation/ncbigene-mirbase.ttl is older than output/tsv/ncbigene-mirbase.tsv
## Convert output/tsv/ncbigene-mirbase.tsv => output/ttl/relation/ncbigene-mirbase.ttl
< 2026-09-05T18:20:11 ncbigene-mirbase
togoid-config config/ncbigene-mirbase convert
> 2026-09-05T18:20:12 ncbigene-mirbase
### Update TTL for ncbigene-omim_gene if check_ttl_filesize false or check_ttl_timestamp true
# File output/ttl/relation/ncbigene-omim_gene.ttl is older than output/tsv/ncbigene-omim_gene.tsv
## Convert output/tsv/ncbigene-omim_gene.tsv => output/ttl/relation/ncbigene-omim_gene.ttl
< 2026-09-05T18:20:12 ncbigene-omim_gene
togoid-config config/ncbigene-omim_gene convert
> 2026-09-05T18:20:12 ncbigene-omim_gene
### Update TTL for ncbigene-refseq_genomic if check_ttl_filesize false or check_ttl_timestamp true
# File output/ttl/relation/ncbigene-refseq_genomic.ttl is older than output/tsv/ncbigene-refseq_genomic.tsv
## Convert output/tsv/ncbigene-refseq_genomic.tsv => output/ttl/relation/ncbigene-refseq_genomic.ttl
< 2026-09-05T18:20:12 ncbigene-refseq_genomic
togoid-config config/ncbigene-refseq_genomic convert
> 2026-09-05T18:20:13 ncbigene-refseq_genomic
### Update TTL for ncbigene-refseq_protein if check_ttl_filesize false or check_ttl_timestamp true
# File output/ttl/relation/ncbigene-refseq_protein.ttl is older than output/tsv/ncbigene-refseq_protein.tsv
## Convert output/tsv/ncbigene-refseq_protein.tsv => output/ttl/relation/ncbigene-refseq_protein.ttl
< 2026-09-05T18:20:13 ncbigene-refseq_protein
togoid-config config/ncbigene-refseq_protein convert
> 2026-09-05T18:31:43 ncbigene-refseq_protein
### Update TTL for ncbigene-refseq_rna if check_ttl_filesize false or check_ttl_timestamp true
# File output/ttl/relation/ncbigene-refseq_rna.ttl is older than output/tsv/ncbigene-refseq_rna.tsv
## Convert output/tsv/ncbigene-refseq_rna.tsv => output/ttl/relation/ncbigene-refseq_rna.ttl
< 2026-09-05T18:31:43 ncbigene-refseq_rna
togoid-config config/ncbigene-refseq_rna convert
> 2026-09-05T18:41:56 ncbigene-refseq_rna
### Update TTL for ncbigene-rgd if check_ttl_filesize false or check_ttl_timestamp true
# File output/ttl/relation/ncbigene-rgd.ttl is older than output/tsv/ncbigene-rgd.tsv
## Convert output/tsv/ncbigene-rgd.tsv => output/ttl/relation/ncbigene-rgd.ttl
< 2026-09-05T18:41:56 ncbigene-rgd
togoid-config config/ncbigene-rgd convert
> 2026-09-05T18:41:58 ncbigene-rgd
### Update TTL for ncbigene-sgd if check_ttl_filesize false or check_ttl_timestamp true
# File output/ttl/relation/ncbigene-sgd.ttl is older than output/tsv/ncbigene-sgd.tsv
## Convert output/tsv/ncbigene-sgd.tsv => output/ttl/relation/ncbigene-sgd.ttl
< 2026-09-05T18:41:58 ncbigene-sgd
togoid-config config/ncbigene-sgd convert
> 2026-09-05T18:41:58 ncbigene-sgd
### Update TTL for ncbigene-tair if check_ttl_filesize false or check_ttl_timestamp true
# File output/ttl/relation/ncbigene-tair.ttl is older than output/tsv/ncbigene-tair.tsv
## Convert output/tsv/ncbigene-tair.tsv => output/ttl/relation/ncbigene-tair.ttl
< 2026-09-05T18:41:58 ncbigene-tair
togoid-config config/ncbigene-tair convert
> 2026-09-05T18:41:58 ncbigene-tair
### Update TTL for ncbigene-taxonomy if check_ttl_filesize false or check_ttl_timestamp true
# File output/ttl/relation/ncbigene-taxonomy.ttl is older than output/tsv/ncbigene-taxonomy.tsv
## Convert output/tsv/ncbigene-taxonomy.tsv => output/ttl/relation/ncbigene-taxonomy.ttl
< 2026-09-05T18:41:58 ncbigene-taxonomy
togoid-config config/ncbigene-taxonomy convert
> 2026-09-05T18:49:51 ncbigene-taxonomy
### Update TTL for ncbigene-vgnc if check_ttl_filesize false or check_ttl_timestamp true
# File output/ttl/relation/ncbigene-vgnc.ttl is older than output/tsv/ncbigene-vgnc.tsv
## Convert output/tsv/ncbigene-vgnc.tsv => output/ttl/relation/ncbigene-vgnc.ttl
< 2026-09-05T18:49:51 ncbigene-vgnc
togoid-config config/ncbigene-vgnc convert
> 2026-09-05T18:49:51 ncbigene-vgnc
### Update TTL for ncbigene-wormbase_gene if check_ttl_filesize false or check_ttl_timestamp true
# File output/ttl/relation/ncbigene-wormbase_gene.ttl is older than output/tsv/ncbigene-wormbase_gene.tsv
## Convert output/tsv/ncbigene-wormbase_gene.tsv => output/ttl/relation/ncbigene-wormbase_gene.ttl
< 2026-09-05T18:49:51 ncbigene-wormbase_gene
togoid-config config/ncbigene-wormbase_gene convert
> 2026-09-05T18:49:52 ncbigene-wormbase_gene
### Update TTL for ncbigene-xenbase_gene if check_ttl_filesize false or check_ttl_timestamp true
# File output/ttl/relation/ncbigene-xenbase_gene.ttl is older than output/tsv/ncbigene-xenbase_gene.tsv
## Convert output/tsv/ncbigene-xenbase_gene.tsv => output/ttl/relation/ncbigene-xenbase_gene.ttl
< 2026-09-05T18:49:52 ncbigene-xenbase_gene
togoid-config config/ncbigene-xenbase_gene convert
> 2026-09-05T18:49:52 ncbigene-xenbase_gene
### Update TTL for ncbigene-zfin_gene if check_ttl_filesize false or check_ttl_timestamp true
# File output/ttl/relation/ncbigene-zfin_gene.ttl is older than output/tsv/ncbigene-zfin_gene.tsv
## Convert output/tsv/ncbigene-zfin_gene.tsv => output/ttl/relation/ncbigene-zfin_gene.ttl
< 2026-09-05T18:49:52 ncbigene-zfin_gene
togoid-config config/ncbigene-zfin_gene convert
> 2026-09-05T18:49:53 ncbigene-zfin_gene
### Update TTL for ncit_disease-ncit_tissue if check_ttl_filesize false or check_ttl_timestamp true
# File output/ttl/relation/ncit_disease-ncit_tissue.ttl is older than output/tsv/ncit_disease-ncit_tissue.tsv
## Convert output/tsv/ncit_disease-ncit_tissue.tsv => output/ttl/relation/ncit_disease-ncit_tissue.ttl
< 2026-09-05T18:49:53 ncit_disease-ncit_tissue
togoid-config config/ncit_disease-ncit_tissue convert
> 2026-09-05T18:49:53 ncit_disease-ncit_tissue
### Update TTL for oma_protein-ensembl_gene if check_ttl_filesize false or check_ttl_timestamp false
# File output/ttl/relation/oma_protein-ensembl_gene.ttl is newer than output/tsv/oma_protein-ensembl_gene.tsv
# => Preserving output/ttl/relation/oma_protein-ensembl_gene.ttl
### Update TTL for oma_protein-ensembl_transcript if check_ttl_filesize false or check_ttl_timestamp false
# File output/ttl/relation/oma_protein-ensembl_transcript.ttl is newer than output/tsv/oma_protein-ensembl_transcript.tsv
# => Preserving output/ttl/relation/oma_protein-ensembl_transcript.ttl
### Update TTL for oma_protein-ncbigene if check_ttl_filesize false or check_ttl_timestamp false
# File output/ttl/relation/oma_protein-ncbigene.ttl is newer than output/tsv/oma_protein-ncbigene.tsv
# => Preserving output/ttl/relation/oma_protein-ncbigene.ttl
### Update TTL for oma_protein-uniprot if check_ttl_filesize false or check_ttl_timestamp false
# File output/ttl/relation/oma_protein-uniprot.ttl is newer than output/tsv/oma_protein-uniprot.tsv
# => Preserving output/ttl/relation/oma_protein-uniprot.ttl
### Update TTL for orphanet_gene-ensembl_gene if check_ttl_filesize false or check_ttl_timestamp true
# File output/ttl/relation/orphanet_gene-ensembl_gene.ttl is older than output/tsv/orphanet_gene-ensembl_gene.tsv
## Convert output/tsv/orphanet_gene-ensembl_gene.tsv => output/ttl/relation/orphanet_gene-ensembl_gene.ttl
< 2026-09-05T18:49:53 orphanet_gene-ensembl_gene
togoid-config config/orphanet_gene-ensembl_gene convert
> 2026-09-05T18:49:53 orphanet_gene-ensembl_gene
### Update TTL for orphanet_gene-hgnc if check_ttl_filesize false or check_ttl_timestamp true
# File output/ttl/relation/orphanet_gene-hgnc.ttl is older than output/tsv/orphanet_gene-hgnc.tsv
## Convert output/tsv/orphanet_gene-hgnc.tsv => output/ttl/relation/orphanet_gene-hgnc.ttl
< 2026-09-05T18:49:53 orphanet_gene-hgnc
togoid-config config/orphanet_gene-hgnc convert
> 2026-09-05T18:49:53 orphanet_gene-hgnc
### Update TTL for orphanet_gene-omim_gene if check_ttl_filesize false or check_ttl_timestamp true
# File output/ttl/relation/orphanet_gene-omim_gene.ttl is older than output/tsv/orphanet_gene-omim_gene.tsv
## Convert output/tsv/orphanet_gene-omim_gene.tsv => output/ttl/relation/orphanet_gene-omim_gene.ttl
< 2026-09-05T18:49:53 orphanet_gene-omim_gene
togoid-config config/orphanet_gene-omim_gene convert
> 2026-09-05T18:49:53 orphanet_gene-omim_gene
### Update TTL for orphanet_gene-uniprot if check_ttl_filesize false or check_ttl_timestamp true
# File output/ttl/relation/orphanet_gene-uniprot.ttl is older than output/tsv/orphanet_gene-uniprot.tsv
## Convert output/tsv/orphanet_gene-uniprot.tsv => output/ttl/relation/orphanet_gene-uniprot.ttl
< 2026-09-05T18:49:53 orphanet_gene-uniprot
togoid-config config/orphanet_gene-uniprot convert
> 2026-09-05T18:49:53 orphanet_gene-uniprot
### Update TTL for orphanet_phenotype-meddra if check_ttl_filesize false or check_ttl_timestamp true
# File output/ttl/relation/orphanet_phenotype-meddra.ttl is older than output/tsv/orphanet_phenotype-meddra.tsv
## Convert output/tsv/orphanet_phenotype-meddra.tsv => output/ttl/relation/orphanet_phenotype-meddra.ttl
< 2026-09-05T18:49:53 orphanet_phenotype-meddra
togoid-config config/orphanet_phenotype-meddra convert
> 2026-09-05T18:49:54 orphanet_phenotype-meddra
### Update TTL for orphanet_phenotype-mesh if check_ttl_filesize false or check_ttl_timestamp true
# File output/ttl/relation/orphanet_phenotype-mesh.ttl is older than output/tsv/orphanet_phenotype-mesh.tsv
## Convert output/tsv/orphanet_phenotype-mesh.tsv => output/ttl/relation/orphanet_phenotype-mesh.ttl
< 2026-09-05T18:49:54 orphanet_phenotype-mesh
togoid-config config/orphanet_phenotype-mesh convert
> 2026-09-05T18:49:54 orphanet_phenotype-mesh
### Update TTL for orphanet_phenotype-omim_phenotype if check_ttl_filesize false or check_ttl_timestamp true
# File output/ttl/relation/orphanet_phenotype-omim_phenotype.ttl is older than output/tsv/orphanet_phenotype-omim_phenotype.tsv
## Convert output/tsv/orphanet_phenotype-omim_phenotype.tsv => output/ttl/relation/orphanet_phenotype-omim_phenotype.ttl
< 2026-09-05T18:49:54 orphanet_phenotype-omim_phenotype
togoid-config config/orphanet_phenotype-omim_phenotype convert
> 2026-09-05T18:49:54 orphanet_phenotype-omim_phenotype
### Update TTL for orphanet_phenotype-orphanet_gene if check_ttl_filesize false or check_ttl_timestamp true
# File output/ttl/relation/orphanet_phenotype-orphanet_gene.ttl is older than output/tsv/orphanet_phenotype-orphanet_gene.tsv
## Convert output/tsv/orphanet_phenotype-orphanet_gene.tsv => output/ttl/relation/orphanet_phenotype-orphanet_gene.ttl
< 2026-09-05T18:49:54 orphanet_phenotype-orphanet_gene
togoid-config config/orphanet_phenotype-orphanet_gene convert
> 2026-09-05T18:49:54 orphanet_phenotype-orphanet_gene
### Update TTL for pdb-go if check_ttl_filesize false or check_ttl_timestamp true
# File output/ttl/relation/pdb-go.ttl is older than output/tsv/pdb-go.tsv
## Convert output/tsv/pdb-go.tsv => output/ttl/relation/pdb-go.ttl
< 2026-09-05T18:49:54 pdb-go
togoid-config config/pdb-go convert
> 2026-09-05T18:50:02 pdb-go
### Update TTL for pdb-interpro if check_ttl_filesize false or check_ttl_timestamp true
# File output/ttl/relation/pdb-interpro.ttl is older than output/tsv/pdb-interpro.tsv
## Convert output/tsv/pdb-interpro.tsv => output/ttl/relation/pdb-interpro.ttl
< 2026-09-05T18:50:02 pdb-interpro
togoid-config config/pdb-interpro convert
> 2026-09-05T18:50:09 pdb-interpro
### Update TTL for pdb-pdb_ccd if check_ttl_filesize false or check_ttl_timestamp true
# File output/ttl/relation/pdb-pdb_ccd.ttl is older than output/tsv/pdb-pdb_ccd.tsv
## Convert output/tsv/pdb-pdb_ccd.tsv => output/ttl/relation/pdb-pdb_ccd.ttl
< 2026-09-05T18:50:09 pdb-pdb_ccd
togoid-config config/pdb-pdb_ccd convert
> 2026-09-05T18:50:12 pdb-pdb_ccd
### Update TTL for pdb-pfam if check_ttl_filesize false or check_ttl_timestamp true
# File output/ttl/relation/pdb-pfam.ttl is older than output/tsv/pdb-pfam.tsv
## Convert output/tsv/pdb-pfam.tsv => output/ttl/relation/pdb-pfam.ttl
< 2026-09-05T18:50:12 pdb-pfam
togoid-config config/pdb-pfam convert
> 2026-09-05T18:50:14 pdb-pfam
### Update TTL for pdb-uniprot if check_ttl_filesize false or check_ttl_timestamp true
# File output/ttl/relation/pdb-uniprot.ttl is older than output/tsv/pdb-uniprot.tsv
## Convert output/tsv/pdb-uniprot.tsv => output/ttl/relation/pdb-uniprot.ttl
< 2026-09-05T18:50:14 pdb-uniprot
togoid-config config/pdb-uniprot convert
> 2026-09-05T18:50:16 pdb-uniprot
### Update TTL for pmc-pubmed if check_ttl_filesize false or check_ttl_timestamp true
# File output/ttl/relation/pmc-pubmed.ttl is older than output/tsv/pmc-pubmed.tsv
## Convert output/tsv/pmc-pubmed.tsv => output/ttl/relation/pmc-pubmed.ttl
< 2026-09-05T18:50:16 pmc-pubmed
togoid-config config/pmc-pubmed convert
> 2026-09-05T18:51:13 pmc-pubmed
### Update TTL for prosite-prosite_prorule if check_ttl_filesize false or check_ttl_timestamp true
# File output/ttl/relation/prosite-prosite_prorule.ttl is older than output/tsv/prosite-prosite_prorule.tsv
## Convert output/tsv/prosite-prosite_prorule.tsv => output/ttl/relation/prosite-prosite_prorule.ttl
< 2026-09-05T18:51:13 prosite-prosite_prorule
togoid-config config/prosite-prosite_prorule convert
> 2026-09-05T18:51:13 prosite-prosite_prorule
### Update TTL for pubchem_compound-atc if check_ttl_filesize false or check_ttl_timestamp true
# File output/ttl/relation/pubchem_compound-atc.ttl is older than output/tsv/pubchem_compound-atc.tsv
## Convert output/tsv/pubchem_compound-atc.tsv => output/ttl/relation/pubchem_compound-atc.ttl
< 2026-09-05T18:51:13 pubchem_compound-atc
togoid-config config/pubchem_compound-atc convert
> 2026-09-05T18:51:13 pubchem_compound-atc
### Update TTL for pubchem_compound-chebi if check_ttl_filesize false or check_ttl_timestamp true
# File output/ttl/relation/pubchem_compound-chebi.ttl is older than output/tsv/pubchem_compound-chebi.tsv
## Convert output/tsv/pubchem_compound-chebi.tsv => output/ttl/relation/pubchem_compound-chebi.ttl
< 2026-09-05T18:51:13 pubchem_compound-chebi
togoid-config config/pubchem_compound-chebi convert
> 2026-09-05T18:51:14 pubchem_compound-chebi
### Update TTL for pubchem_compound-chembl_compound if check_ttl_filesize false or check_ttl_timestamp true
# File output/ttl/relation/pubchem_compound-chembl_compound.ttl is older than output/tsv/pubchem_compound-chembl_compound.tsv
## Convert output/tsv/pubchem_compound-chembl_compound.tsv => output/ttl/relation/pubchem_compound-chembl_compound.ttl
< 2026-09-05T18:51:14 pubchem_compound-chembl_compound
togoid-config config/pubchem_compound-chembl_compound convert
> 2026-09-05T18:51:30 pubchem_compound-chembl_compound
### Update TTL for pubchem_compound-drugbank if check_ttl_filesize false or check_ttl_timestamp true
# File output/ttl/relation/pubchem_compound-drugbank.ttl is older than output/tsv/pubchem_compound-drugbank.tsv
## Convert output/tsv/pubchem_compound-drugbank.tsv => output/ttl/relation/pubchem_compound-drugbank.ttl
< 2026-09-05T18:51:30 pubchem_compound-drugbank
togoid-config config/pubchem_compound-drugbank convert
> 2026-09-05T18:51:30 pubchem_compound-drugbank
### Update TTL for pubchem_compound-glytoucan if check_ttl_filesize false or check_ttl_timestamp true
# File output/ttl/relation/pubchem_compound-glytoucan.ttl is older than output/tsv/pubchem_compound-glytoucan.tsv
## Convert output/tsv/pubchem_compound-glytoucan.tsv => output/ttl/relation/pubchem_compound-glytoucan.ttl
< 2026-09-05T18:51:30 pubchem_compound-glytoucan
togoid-config config/pubchem_compound-glytoucan convert
> 2026-09-05T18:51:31 pubchem_compound-glytoucan
### Update TTL for pubchem_compound-inchi_key if check_ttl_filesize false or check_ttl_timestamp true
# File output/ttl/relation/pubchem_compound-inchi_key.ttl is older than output/tsv/pubchem_compound-inchi_key.tsv
## Convert output/tsv/pubchem_compound-inchi_key.tsv => output/ttl/relation/pubchem_compound-inchi_key.ttl
< 2026-09-05T18:51:31 pubchem_compound-inchi_key
togoid-config config/pubchem_compound-inchi_key convert
> 2026-09-05T19:21:14 pubchem_compound-inchi_key
### Update TTL for pubchem_pathway-ncbigene if check_ttl_filesize false or check_ttl_timestamp true
# File output/ttl/relation/pubchem_pathway-ncbigene.ttl is older than output/tsv/pubchem_pathway-ncbigene.tsv
## Convert output/tsv/pubchem_pathway-ncbigene.tsv => output/ttl/relation/pubchem_pathway-ncbigene.ttl
< 2026-09-05T19:21:14 pubchem_pathway-ncbigene
togoid-config config/pubchem_pathway-ncbigene convert
> 2026-09-05T19:21:14 pubchem_pathway-ncbigene
### Update TTL for pubchem_pathway-pathbank if check_ttl_filesize false or check_ttl_timestamp true
# File output/ttl/relation/pubchem_pathway-pathbank.ttl is older than output/tsv/pubchem_pathway-pathbank.tsv
## Convert output/tsv/pubchem_pathway-pathbank.tsv => output/ttl/relation/pubchem_pathway-pathbank.ttl
< 2026-09-05T19:21:14 pubchem_pathway-pathbank
togoid-config config/pubchem_pathway-pathbank convert
> 2026-09-05T19:21:15 pubchem_pathway-pathbank
### Update TTL for pubchem_pathway-pubchem_compound if check_ttl_filesize false or check_ttl_timestamp true
# File output/ttl/relation/pubchem_pathway-pubchem_compound.ttl is older than output/tsv/pubchem_pathway-pubchem_compound.tsv
## Convert output/tsv/pubchem_pathway-pubchem_compound.tsv => output/ttl/relation/pubchem_pathway-pubchem_compound.ttl
< 2026-09-05T19:21:15 pubchem_pathway-pubchem_compound
togoid-config config/pubchem_pathway-pubchem_compound convert
> 2026-09-05T19:21:21 pubchem_pathway-pubchem_compound
### Update TTL for pubchem_pathway-reactome_pathway if check_ttl_filesize false or check_ttl_timestamp true
# File output/ttl/relation/pubchem_pathway-reactome_pathway.ttl is older than output/tsv/pubchem_pathway-reactome_pathway.tsv
## Convert output/tsv/pubchem_pathway-reactome_pathway.tsv => output/ttl/relation/pubchem_pathway-reactome_pathway.ttl
< 2026-09-05T19:21:21 pubchem_pathway-reactome_pathway
togoid-config config/pubchem_pathway-reactome_pathway convert
> 2026-09-05T19:21:21 pubchem_pathway-reactome_pathway
### Update TTL for pubchem_pathway-uniprot if check_ttl_filesize false or check_ttl_timestamp true
# File output/ttl/relation/pubchem_pathway-uniprot.ttl is older than output/tsv/pubchem_pathway-uniprot.tsv
## Convert output/tsv/pubchem_pathway-uniprot.tsv => output/ttl/relation/pubchem_pathway-uniprot.ttl
< 2026-09-05T19:21:21 pubchem_pathway-uniprot
togoid-config config/pubchem_pathway-uniprot convert
> 2026-09-05T19:21:24 pubchem_pathway-uniprot
### Update TTL for pubchem_pathway-wikipathways if check_ttl_filesize false or check_ttl_timestamp true
# File output/ttl/relation/pubchem_pathway-wikipathways.ttl is older than output/tsv/pubchem_pathway-wikipathways.tsv
## Convert output/tsv/pubchem_pathway-wikipathways.tsv => output/ttl/relation/pubchem_pathway-wikipathways.ttl
< 2026-09-05T19:21:24 pubchem_pathway-wikipathways
togoid-config config/pubchem_pathway-wikipathways convert
> 2026-09-05T19:21:24 pubchem_pathway-wikipathways
### Update TTL for reactome_pathway-chebi if check_ttl_filesize false or check_ttl_timestamp true
# File output/ttl/relation/reactome_pathway-chebi.ttl is older than output/tsv/reactome_pathway-chebi.tsv
## Convert output/tsv/reactome_pathway-chebi.tsv => output/ttl/relation/reactome_pathway-chebi.ttl
< 2026-09-05T19:21:24 reactome_pathway-chebi
togoid-config config/reactome_pathway-chebi convert
> 2026-09-05T19:21:26 reactome_pathway-chebi
### Update TTL for reactome_pathway-go if check_ttl_filesize false or check_ttl_timestamp true
# File output/ttl/relation/reactome_pathway-go.ttl is older than output/tsv/reactome_pathway-go.tsv
## Convert output/tsv/reactome_pathway-go.tsv => output/ttl/relation/reactome_pathway-go.ttl
< 2026-09-05T19:21:26 reactome_pathway-go
togoid-config config/reactome_pathway-go convert
> 2026-09-05T19:21:26 reactome_pathway-go
### Update TTL for reactome_pathway-iuphar_ligand if check_ttl_filesize false or check_ttl_timestamp true
# File output/ttl/relation/reactome_pathway-iuphar_ligand.ttl is older than output/tsv/reactome_pathway-iuphar_ligand.tsv
## Convert output/tsv/reactome_pathway-iuphar_ligand.tsv => output/ttl/relation/reactome_pathway-iuphar_ligand.ttl
< 2026-09-05T19:21:26 reactome_pathway-iuphar_ligand
togoid-config config/reactome_pathway-iuphar_ligand convert
> 2026-09-05T19:21:27 reactome_pathway-iuphar_ligand
### Update TTL for reactome_pathway-mirbase if check_ttl_filesize false or check_ttl_timestamp true
# File output/ttl/relation/reactome_pathway-mirbase.ttl is older than output/tsv/reactome_pathway-mirbase.tsv
## Convert output/tsv/reactome_pathway-mirbase.tsv => output/ttl/relation/reactome_pathway-mirbase.ttl
< 2026-09-05T19:21:27 reactome_pathway-mirbase
togoid-config config/reactome_pathway-mirbase convert
> 2026-09-05T19:21:27 reactome_pathway-mirbase
### Update TTL for reactome_pathway-mirbase_mature if check_ttl_filesize false or check_ttl_timestamp true
# File output/ttl/relation/reactome_pathway-mirbase_mature.ttl is older than output/tsv/reactome_pathway-mirbase_mature.tsv
## Convert output/tsv/reactome_pathway-mirbase_mature.tsv => output/ttl/relation/reactome_pathway-mirbase_mature.ttl
< 2026-09-05T19:21:27 reactome_pathway-mirbase_mature
togoid-config config/reactome_pathway-mirbase_mature convert
> 2026-09-05T19:21:27 reactome_pathway-mirbase_mature
### Update TTL for reactome_pathway-reactome_reaction if check_ttl_filesize false or check_ttl_timestamp true
# File output/ttl/relation/reactome_pathway-reactome_reaction.ttl is older than output/tsv/reactome_pathway-reactome_reaction.tsv
## Convert output/tsv/reactome_pathway-reactome_reaction.tsv => output/ttl/relation/reactome_pathway-reactome_reaction.ttl
< 2026-09-05T19:21:27 reactome_pathway-reactome_reaction
togoid-config config/reactome_pathway-reactome_reaction convert
> 2026-09-05T19:21:29 reactome_pathway-reactome_reaction
### Update TTL for reactome_pathway-uniprot if check_ttl_filesize false or check_ttl_timestamp true
# File output/ttl/relation/reactome_pathway-uniprot.ttl is older than output/tsv/reactome_pathway-uniprot.tsv
## Convert output/tsv/reactome_pathway-uniprot.tsv => output/ttl/relation/reactome_pathway-uniprot.ttl
< 2026-09-05T19:21:29 reactome_pathway-uniprot
togoid-config config/reactome_pathway-uniprot convert
> 2026-09-05T19:21:34 reactome_pathway-uniprot
### Update TTL for reactome_reaction-chebi if check_ttl_filesize false or check_ttl_timestamp true
# File output/ttl/relation/reactome_reaction-chebi.ttl is older than output/tsv/reactome_reaction-chebi.tsv
## Convert output/tsv/reactome_reaction-chebi.tsv => output/ttl/relation/reactome_reaction-chebi.ttl
< 2026-09-05T19:21:34 reactome_reaction-chebi
togoid-config config/reactome_reaction-chebi convert
> 2026-09-05T19:21:35 reactome_reaction-chebi
### Update TTL for reactome_reaction-go if check_ttl_filesize false or check_ttl_timestamp true
# File output/ttl/relation/reactome_reaction-go.ttl is older than output/tsv/reactome_reaction-go.tsv
## Convert output/tsv/reactome_reaction-go.tsv => output/ttl/relation/reactome_reaction-go.ttl
< 2026-09-05T19:21:35 reactome_reaction-go
togoid-config config/reactome_reaction-go convert
> 2026-09-05T19:21:35 reactome_reaction-go
### Update TTL for reactome_reaction-iuphar_ligand if check_ttl_filesize false or check_ttl_timestamp true
# File output/ttl/relation/reactome_reaction-iuphar_ligand.ttl is older than output/tsv/reactome_reaction-iuphar_ligand.tsv
## Convert output/tsv/reactome_reaction-iuphar_ligand.tsv => output/ttl/relation/reactome_reaction-iuphar_ligand.ttl
< 2026-09-05T19:21:35 reactome_reaction-iuphar_ligand
togoid-config config/reactome_reaction-iuphar_ligand convert
> 2026-09-05T19:21:36 reactome_reaction-iuphar_ligand
### Update TTL for reactome_reaction-mirbase if check_ttl_filesize false or check_ttl_timestamp true
# File output/ttl/relation/reactome_reaction-mirbase.ttl is older than output/tsv/reactome_reaction-mirbase.tsv
## Convert output/tsv/reactome_reaction-mirbase.tsv => output/ttl/relation/reactome_reaction-mirbase.ttl
< 2026-09-05T19:21:36 reactome_reaction-mirbase
togoid-config config/reactome_reaction-mirbase convert
> 2026-09-05T19:21:36 reactome_reaction-mirbase
### Update TTL for reactome_reaction-mirbase_mature if check_ttl_filesize false or check_ttl_timestamp true
# File output/ttl/relation/reactome_reaction-mirbase_mature.ttl is older than output/tsv/reactome_reaction-mirbase_mature.tsv
## Convert output/tsv/reactome_reaction-mirbase_mature.tsv => output/ttl/relation/reactome_reaction-mirbase_mature.ttl
< 2026-09-05T19:21:36 reactome_reaction-mirbase_mature
togoid-config config/reactome_reaction-mirbase_mature convert
> 2026-09-05T19:21:36 reactome_reaction-mirbase_mature
### Update TTL for reactome_reaction-uniprot if check_ttl_filesize false or check_ttl_timestamp true
# File output/ttl/relation/reactome_reaction-uniprot.ttl is older than output/tsv/reactome_reaction-uniprot.tsv
## Convert output/tsv/reactome_reaction-uniprot.tsv => output/ttl/relation/reactome_reaction-uniprot.ttl
< 2026-09-05T19:21:36 reactome_reaction-uniprot
togoid-config config/reactome_reaction-uniprot convert
> 2026-09-05T19:21:39 reactome_reaction-uniprot
### Update TTL for refseq_protein-taxonomy if check_ttl_filesize false or check_ttl_timestamp true
# File output/ttl/relation/refseq_protein-taxonomy.ttl is older than output/tsv/refseq_protein-taxonomy.tsv
## Convert output/tsv/refseq_protein-taxonomy.tsv => output/ttl/relation/refseq_protein-taxonomy.ttl
< 2026-09-05T19:21:40 refseq_protein-taxonomy
togoid-config config/refseq_protein-taxonomy convert
> 2026-09-05T19:38:12 refseq_protein-taxonomy
### Update TTL for refseq_protein-uniprot if check_ttl_filesize false or check_ttl_timestamp true
# File output/ttl/relation/refseq_protein-uniprot.ttl is older than output/tsv/refseq_protein-uniprot.tsv
## Convert output/tsv/refseq_protein-uniprot.tsv => output/ttl/relation/refseq_protein-uniprot.ttl
< 2026-09-05T19:38:12 refseq_protein-uniprot
togoid-config config/refseq_protein-uniprot convert
> 2026-09-05T20:00:05 refseq_protein-uniprot
### Update TTL for refseq_rna-dbsnp if check_ttl_filesize false or check_ttl_timestamp false
# File output/ttl/relation/refseq_rna-dbsnp.ttl is newer than output/tsv/refseq_rna-dbsnp.tsv
# => Preserving output/ttl/relation/refseq_rna-dbsnp.ttl
### Update TTL for refseq_rna-hgnc if check_ttl_filesize false or check_ttl_timestamp false
# File output/ttl/relation/refseq_rna-hgnc.ttl is newer than output/tsv/refseq_rna-hgnc.tsv
# => Preserving output/ttl/relation/refseq_rna-hgnc.ttl
### Update TTL for refseq_rna-ncbigene if check_ttl_filesize false or check_ttl_timestamp false
# File output/ttl/relation/refseq_rna-ncbigene.ttl is newer than output/tsv/refseq_rna-ncbigene.tsv
# => Preserving output/ttl/relation/refseq_rna-ncbigene.ttl
### Update TTL for refseq_rna-omim_gene if check_ttl_filesize false or check_ttl_timestamp false
# File output/ttl/relation/refseq_rna-omim_gene.ttl is newer than output/tsv/refseq_rna-omim_gene.tsv
# => Preserving output/ttl/relation/refseq_rna-omim_gene.ttl
### Update TTL for refseq_rna-pubmed if check_ttl_filesize false or check_ttl_timestamp false
# File output/ttl/relation/refseq_rna-pubmed.ttl is newer than output/tsv/refseq_rna-pubmed.tsv
# => Preserving output/ttl/relation/refseq_rna-pubmed.ttl
### Update TTL for refseq_rna-refseq_protein if check_ttl_filesize false or check_ttl_timestamp false
# File output/ttl/relation/refseq_rna-refseq_protein.ttl is newer than output/tsv/refseq_rna-refseq_protein.tsv
# => Preserving output/ttl/relation/refseq_rna-refseq_protein.ttl
### Update TTL for refseq_rna-taxonomy if check_ttl_filesize false or check_ttl_timestamp false
# File output/ttl/relation/refseq_rna-taxonomy.ttl is newer than output/tsv/refseq_rna-taxonomy.tsv
# => Preserving output/ttl/relation/refseq_rna-taxonomy.ttl
### Update TTL for rhea-chebi if check_ttl_filesize false or check_ttl_timestamp true
# File output/ttl/relation/rhea-chebi.ttl is older than output/tsv/rhea-chebi.tsv
## Convert output/tsv/rhea-chebi.tsv => output/ttl/relation/rhea-chebi.ttl
< 2026-09-05T20:00:05 rhea-chebi
togoid-config config/rhea-chebi convert
> 2026-09-05T20:00:06 rhea-chebi
### Update TTL for rhea-ec if check_ttl_filesize false or check_ttl_timestamp true
# File output/ttl/relation/rhea-ec.ttl is older than output/tsv/rhea-ec.tsv
## Convert output/tsv/rhea-ec.tsv => output/ttl/relation/rhea-ec.ttl
< 2026-09-05T20:00:06 rhea-ec
togoid-config config/rhea-ec convert
> 2026-09-05T20:00:06 rhea-ec
### Update TTL for rhea-go if check_ttl_filesize false or check_ttl_timestamp true
# File output/ttl/relation/rhea-go.ttl is older than output/tsv/rhea-go.tsv
## Convert output/tsv/rhea-go.tsv => output/ttl/relation/rhea-go.ttl
< 2026-09-05T20:00:06 rhea-go
togoid-config config/rhea-go convert
> 2026-09-05T20:00:06 rhea-go
### Update TTL for rhea-pubmed if check_ttl_filesize false or check_ttl_timestamp true
# File output/ttl/relation/rhea-pubmed.ttl is older than output/tsv/rhea-pubmed.tsv
## Convert output/tsv/rhea-pubmed.tsv => output/ttl/relation/rhea-pubmed.ttl
< 2026-09-05T20:00:06 rhea-pubmed
togoid-config config/rhea-pubmed convert
> 2026-09-05T20:00:07 rhea-pubmed
### Update TTL for rhea-reactome_reaction if check_ttl_filesize false or check_ttl_timestamp true
# File output/ttl/relation/rhea-reactome_reaction.ttl is older than output/tsv/rhea-reactome_reaction.tsv
## Convert output/tsv/rhea-reactome_reaction.tsv => output/ttl/relation/rhea-reactome_reaction.ttl
< 2026-09-05T20:00:07 rhea-reactome_reaction
togoid-config config/rhea-reactome_reaction convert
> 2026-09-05T20:00:07 rhea-reactome_reaction
### Update TTL for rhea-uniprot if check_ttl_filesize false or check_ttl_timestamp true
# File output/ttl/relation/rhea-uniprot.ttl is older than output/tsv/rhea-uniprot.tsv
## Convert output/tsv/rhea-uniprot.tsv => output/ttl/relation/rhea-uniprot.ttl
< 2026-09-05T20:00:07 rhea-uniprot
togoid-config config/rhea-uniprot convert
> 2026-09-05T20:03:38 rhea-uniprot
### Update TTL for rnacentral-ensembl_transcript if check_ttl_filesize false or check_ttl_timestamp false
# File output/ttl/relation/rnacentral-ensembl_transcript.ttl is newer than output/tsv/rnacentral-ensembl_transcript.tsv
# => Preserving output/ttl/relation/rnacentral-ensembl_transcript.ttl
### Update TTL for rnacentral-flybase_transcript if check_ttl_filesize false or check_ttl_timestamp false
# File output/ttl/relation/rnacentral-flybase_transcript.ttl is newer than output/tsv/rnacentral-flybase_transcript.tsv
# => Preserving output/ttl/relation/rnacentral-flybase_transcript.ttl
### Update TTL for rnacentral-hgnc if check_ttl_filesize false or check_ttl_timestamp false
# File output/ttl/relation/rnacentral-hgnc.ttl is newer than output/tsv/rnacentral-hgnc.tsv
# => Preserving output/ttl/relation/rnacentral-hgnc.ttl
### Update TTL for rnacentral-lncbook_gene if check_ttl_filesize false or check_ttl_timestamp false
# File output/ttl/relation/rnacentral-lncbook_gene.ttl is newer than output/tsv/rnacentral-lncbook_gene.tsv
# => Preserving output/ttl/relation/rnacentral-lncbook_gene.ttl
### Update TTL for rnacentral-mgi_gene if check_ttl_filesize false or check_ttl_timestamp false
# File output/ttl/relation/rnacentral-mgi_gene.ttl is newer than output/tsv/rnacentral-mgi_gene.tsv
# => Preserving output/ttl/relation/rnacentral-mgi_gene.ttl
### Update TTL for rnacentral-mirbase if check_ttl_filesize false or check_ttl_timestamp false
# File output/ttl/relation/rnacentral-mirbase.ttl is newer than output/tsv/rnacentral-mirbase.tsv
# => Preserving output/ttl/relation/rnacentral-mirbase.ttl
### Update TTL for rnacentral-mirbase_mature if check_ttl_filesize false or check_ttl_timestamp false
# File output/ttl/relation/rnacentral-mirbase_mature.ttl is newer than output/tsv/rnacentral-mirbase_mature.tsv
# => Preserving output/ttl/relation/rnacentral-mirbase_mature.ttl
### Update TTL for rnacentral-pdb if check_ttl_filesize false or check_ttl_timestamp false
# File output/ttl/relation/rnacentral-pdb.ttl is newer than output/tsv/rnacentral-pdb.tsv
# => Preserving output/ttl/relation/rnacentral-pdb.ttl
### Update TTL for rnacentral-refseq_rna if check_ttl_filesize false or check_ttl_timestamp false
# File output/ttl/relation/rnacentral-refseq_rna.ttl is newer than output/tsv/rnacentral-refseq_rna.tsv
# => Preserving output/ttl/relation/rnacentral-refseq_rna.ttl
### Update TTL for rnacentral-rfam if check_ttl_filesize false or check_ttl_timestamp false
# File output/ttl/relation/rnacentral-rfam.ttl is newer than output/tsv/rnacentral-rfam.tsv
# => Preserving output/ttl/relation/rnacentral-rfam.ttl
### Update TTL for rnacentral-rgd if check_ttl_filesize false or check_ttl_timestamp false
# File output/ttl/relation/rnacentral-rgd.ttl is newer than output/tsv/rnacentral-rgd.tsv
# => Preserving output/ttl/relation/rnacentral-rgd.ttl
### Update TTL for rnacentral-sgd if check_ttl_filesize false or check_ttl_timestamp false
# File output/ttl/relation/rnacentral-sgd.ttl is newer than output/tsv/rnacentral-sgd.tsv
# => Preserving output/ttl/relation/rnacentral-sgd.ttl
### Update TTL for rnacentral-tair if check_ttl_filesize false or check_ttl_timestamp false
# File output/ttl/relation/rnacentral-tair.ttl is newer than output/tsv/rnacentral-tair.tsv
# => Preserving output/ttl/relation/rnacentral-tair.ttl
### Update TTL for rnacentral-wormbase_gene if check_ttl_filesize false or check_ttl_timestamp false
# File output/ttl/relation/rnacentral-wormbase_gene.ttl is newer than output/tsv/rnacentral-wormbase_gene.tsv
# => Preserving output/ttl/relation/rnacentral-wormbase_gene.ttl
### Update TTL for rnacentral-zfin_transcript if check_ttl_filesize false or check_ttl_timestamp false
# File output/ttl/relation/rnacentral-zfin_transcript.ttl is newer than output/tsv/rnacentral-zfin_transcript.tsv
# => Preserving output/ttl/relation/rnacentral-zfin_transcript.ttl
### Update TTL for sra_accession-bioproject if check_ttl_filesize false or check_ttl_timestamp true
# File output/ttl/relation/sra_accession-bioproject.ttl is older than output/tsv/sra_accession-bioproject.tsv
## Convert output/tsv/sra_accession-bioproject.tsv => output/ttl/relation/sra_accession-bioproject.ttl
< 2026-09-05T20:03:38 sra_accession-bioproject
togoid-config config/sra_accession-bioproject convert
> 2026-09-05T20:03:42 sra_accession-bioproject
### Update TTL for sra_accession-biosample if check_ttl_filesize false or check_ttl_timestamp true
# File output/ttl/relation/sra_accession-biosample.ttl is older than output/tsv/sra_accession-biosample.tsv
## Convert output/tsv/sra_accession-biosample.tsv => output/ttl/relation/sra_accession-biosample.ttl
< 2026-09-05T20:03:42 sra_accession-biosample
togoid-config config/sra_accession-biosample convert
> 2026-09-05T20:08:47 sra_accession-biosample
### Update TTL for sra_accession-sra_analysis if check_ttl_filesize false or check_ttl_timestamp true
# File output/ttl/relation/sra_accession-sra_analysis.ttl is older than output/tsv/sra_accession-sra_analysis.tsv
## Convert output/tsv/sra_accession-sra_analysis.tsv => output/ttl/relation/sra_accession-sra_analysis.ttl
< 2026-09-05T20:08:47 sra_accession-sra_analysis
togoid-config config/sra_accession-sra_analysis convert
> 2026-09-05T20:09:11 sra_accession-sra_analysis
### Update TTL for sra_accession-sra_experiment if check_ttl_filesize false or check_ttl_timestamp true
# File output/ttl/relation/sra_accession-sra_experiment.ttl is older than output/tsv/sra_accession-sra_experiment.tsv
## Convert output/tsv/sra_accession-sra_experiment.tsv => output/ttl/relation/sra_accession-sra_experiment.ttl
< 2026-09-05T20:09:11 sra_accession-sra_experiment
togoid-config config/sra_accession-sra_experiment convert
> 2026-09-05T20:14:52 sra_accession-sra_experiment
### Update TTL for sra_accession-sra_project if check_ttl_filesize false or check_ttl_timestamp true
# File output/ttl/relation/sra_accession-sra_project.ttl is older than output/tsv/sra_accession-sra_project.tsv
## Convert output/tsv/sra_accession-sra_project.tsv => output/ttl/relation/sra_accession-sra_project.ttl
< 2026-09-05T20:14:52 sra_accession-sra_project
togoid-config config/sra_accession-sra_project convert
> 2026-09-05T20:14:57 sra_accession-sra_project
### Update TTL for sra_accession-sra_run if check_ttl_filesize false or check_ttl_timestamp true
# File output/ttl/relation/sra_accession-sra_run.ttl is older than output/tsv/sra_accession-sra_run.tsv
## Convert output/tsv/sra_accession-sra_run.tsv => output/ttl/relation/sra_accession-sra_run.ttl
< 2026-09-05T20:14:57 sra_accession-sra_run
togoid-config config/sra_accession-sra_run convert
> 2026-09-05T20:20:59 sra_accession-sra_run
### Update TTL for sra_accession-sra_sample if check_ttl_filesize false or check_ttl_timestamp true
# File output/ttl/relation/sra_accession-sra_sample.ttl is older than output/tsv/sra_accession-sra_sample.tsv
## Convert output/tsv/sra_accession-sra_sample.tsv => output/ttl/relation/sra_accession-sra_sample.ttl
< 2026-09-05T20:20:59 sra_accession-sra_sample
togoid-config config/sra_accession-sra_sample convert
> 2026-09-05T20:26:22 sra_accession-sra_sample
### Update TTL for sra_experiment-bioproject if check_ttl_filesize false or check_ttl_timestamp true
# File output/ttl/relation/sra_experiment-bioproject.ttl is older than output/tsv/sra_experiment-bioproject.tsv
## Convert output/tsv/sra_experiment-bioproject.tsv => output/ttl/relation/sra_experiment-bioproject.ttl
< 2026-09-05T20:26:22 sra_experiment-bioproject
togoid-config config/sra_experiment-bioproject convert
> 2026-09-05T20:31:25 sra_experiment-bioproject
### Update TTL for sra_experiment-biosample if check_ttl_filesize false or check_ttl_timestamp true
# File output/ttl/relation/sra_experiment-biosample.ttl is older than output/tsv/sra_experiment-biosample.tsv
## Convert output/tsv/sra_experiment-biosample.tsv => output/ttl/relation/sra_experiment-biosample.ttl
< 2026-09-05T20:31:25 sra_experiment-biosample
togoid-config config/sra_experiment-biosample convert
> 2026-09-05T20:36:29 sra_experiment-biosample
### Update TTL for sra_experiment-sra_project if check_ttl_filesize false or check_ttl_timestamp true
# File output/ttl/relation/sra_experiment-sra_project.ttl is older than output/tsv/sra_experiment-sra_project.tsv
## Convert output/tsv/sra_experiment-sra_project.tsv => output/ttl/relation/sra_experiment-sra_project.ttl
< 2026-09-05T20:36:29 sra_experiment-sra_project
togoid-config config/sra_experiment-sra_project convert
> 2026-09-05T20:41:13 sra_experiment-sra_project
### Update TTL for sra_experiment-sra_sample if check_ttl_filesize false or check_ttl_timestamp true
# File output/ttl/relation/sra_experiment-sra_sample.ttl is older than output/tsv/sra_experiment-sra_sample.tsv
## Convert output/tsv/sra_experiment-sra_sample.tsv => output/ttl/relation/sra_experiment-sra_sample.ttl
< 2026-09-05T20:41:13 sra_experiment-sra_sample
togoid-config config/sra_experiment-sra_sample convert
> 2026-09-05T20:46:12 sra_experiment-sra_sample
### Update TTL for sra_project-bioproject if check_ttl_filesize false or check_ttl_timestamp true
# File output/ttl/relation/sra_project-bioproject.ttl is older than output/tsv/sra_project-bioproject.tsv
## Convert output/tsv/sra_project-bioproject.tsv => output/ttl/relation/sra_project-bioproject.ttl
< 2026-09-05T20:46:12 sra_project-bioproject
togoid-config config/sra_project-bioproject convert
> 2026-09-05T20:46:16 sra_project-bioproject
### Update TTL for sra_run-bioproject if check_ttl_filesize false or check_ttl_timestamp true
# File output/ttl/relation/sra_run-bioproject.ttl is older than output/tsv/sra_run-bioproject.tsv
## Convert output/tsv/sra_run-bioproject.tsv => output/ttl/relation/sra_run-bioproject.ttl
< 2026-09-05T20:46:16 sra_run-bioproject
togoid-config config/sra_run-bioproject convert
> 2026-09-05T20:51:20 sra_run-bioproject
### Update TTL for sra_run-biosample if check_ttl_filesize false or check_ttl_timestamp true
# File output/ttl/relation/sra_run-biosample.ttl is older than output/tsv/sra_run-biosample.tsv
## Convert output/tsv/sra_run-biosample.tsv => output/ttl/relation/sra_run-biosample.ttl
< 2026-09-05T20:51:20 sra_run-biosample
togoid-config config/sra_run-biosample convert
> 2026-09-05T20:55:59 sra_run-biosample
### Update TTL for sra_run-sra_experiment if check_ttl_filesize false or check_ttl_timestamp true
# File output/ttl/relation/sra_run-sra_experiment.ttl is older than output/tsv/sra_run-sra_experiment.tsv
## Convert output/tsv/sra_run-sra_experiment.tsv => output/ttl/relation/sra_run-sra_experiment.ttl
< 2026-09-05T20:55:59 sra_run-sra_experiment
togoid-config config/sra_run-sra_experiment convert
> 2026-09-05T21:01:23 sra_run-sra_experiment
### Update TTL for sra_run-sra_project if check_ttl_filesize false or check_ttl_timestamp true
# File output/ttl/relation/sra_run-sra_project.ttl is older than output/tsv/sra_run-sra_project.tsv
## Convert output/tsv/sra_run-sra_project.tsv => output/ttl/relation/sra_run-sra_project.ttl
< 2026-09-05T21:01:23 sra_run-sra_project
togoid-config config/sra_run-sra_project convert
> 2026-09-05T21:05:56 sra_run-sra_project
### Update TTL for sra_run-sra_sample if check_ttl_filesize false or check_ttl_timestamp true
# File output/ttl/relation/sra_run-sra_sample.ttl is older than output/tsv/sra_run-sra_sample.tsv
## Convert output/tsv/sra_run-sra_sample.tsv => output/ttl/relation/sra_run-sra_sample.ttl
< 2026-09-05T21:05:56 sra_run-sra_sample
togoid-config config/sra_run-sra_sample convert
> 2026-09-05T21:10:55 sra_run-sra_sample
### Update TTL for sra_sample-biosample if check_ttl_filesize false or check_ttl_timestamp true
# File output/ttl/relation/sra_sample-biosample.ttl is older than output/tsv/sra_sample-biosample.tsv
## Convert output/tsv/sra_sample-biosample.tsv => output/ttl/relation/sra_sample-biosample.ttl
< 2026-09-05T21:10:55 sra_sample-biosample
togoid-config config/sra_sample-biosample convert
> 2026-09-05T21:15:33 sra_sample-biosample
### Update TTL for swisslipids-chebi if check_ttl_filesize false or check_ttl_timestamp true
# File output/ttl/relation/swisslipids-chebi.ttl is older than output/tsv/swisslipids-chebi.tsv
## Convert output/tsv/swisslipids-chebi.tsv => output/ttl/relation/swisslipids-chebi.ttl
< 2026-09-05T21:15:33 swisslipids-chebi
togoid-config config/swisslipids-chebi convert
> 2026-09-05T21:15:33 swisslipids-chebi
### Update TTL for swisslipids-hmdb if check_ttl_filesize false or check_ttl_timestamp true
# File output/ttl/relation/swisslipids-hmdb.ttl is older than output/tsv/swisslipids-hmdb.tsv
## Convert output/tsv/swisslipids-hmdb.tsv => output/ttl/relation/swisslipids-hmdb.ttl
< 2026-09-05T21:15:33 swisslipids-hmdb
togoid-config config/swisslipids-hmdb convert
> 2026-09-05T21:15:33 swisslipids-hmdb
### Update TTL for swisslipids-inchi_key if check_ttl_filesize false or check_ttl_timestamp true
# File output/ttl/relation/swisslipids-inchi_key.ttl is older than output/tsv/swisslipids-inchi_key.tsv
## Convert output/tsv/swisslipids-inchi_key.tsv => output/ttl/relation/swisslipids-inchi_key.ttl
< 2026-09-05T21:15:33 swisslipids-inchi_key
togoid-config config/swisslipids-inchi_key convert
> 2026-09-05T21:15:37 swisslipids-inchi_key
### Update TTL for taxonomy-pubmed if check_ttl_filesize false or check_ttl_timestamp true
# File output/ttl/relation/taxonomy-pubmed.ttl is older than output/tsv/taxonomy-pubmed.tsv
## Convert output/tsv/taxonomy-pubmed.tsv => output/ttl/relation/taxonomy-pubmed.ttl
< 2026-09-05T21:15:37 taxonomy-pubmed
togoid-config config/taxonomy-pubmed convert
> 2026-09-05T21:15:37 taxonomy-pubmed
### Update TTL for togovar-clinvar if check_ttl_filesize false or check_ttl_timestamp false
# File output/ttl/relation/togovar-clinvar.ttl is newer than output/tsv/togovar-clinvar.tsv
# => Preserving output/ttl/relation/togovar-clinvar.ttl
### Update TTL for togovar-dbsnp if check_ttl_filesize false or check_ttl_timestamp false
# File output/ttl/relation/togovar-dbsnp.ttl is newer than output/tsv/togovar-dbsnp.tsv
# => Preserving output/ttl/relation/togovar-dbsnp.ttl
### Update TTL for togovar-ensembl_gene if check_ttl_filesize false or check_ttl_timestamp false
# File output/ttl/relation/togovar-ensembl_gene.ttl is newer than output/tsv/togovar-ensembl_gene.tsv
# => Preserving output/ttl/relation/togovar-ensembl_gene.ttl
### Update TTL for togovar-ensembl_transcript if check_ttl_filesize false or check_ttl_timestamp false
# File output/ttl/relation/togovar-ensembl_transcript.ttl is newer than output/tsv/togovar-ensembl_transcript.tsv
# => Preserving output/ttl/relation/togovar-ensembl_transcript.ttl
### Update TTL for togovar-hgnc if check_ttl_filesize false or check_ttl_timestamp false
# File output/ttl/relation/togovar-hgnc.ttl is newer than output/tsv/togovar-hgnc.tsv
# => Preserving output/ttl/relation/togovar-hgnc.ttl
### Update TTL for togovar-ncbigene if check_ttl_filesize false or check_ttl_timestamp false
# File output/ttl/relation/togovar-ncbigene.ttl is newer than output/tsv/togovar-ncbigene.tsv
# => Preserving output/ttl/relation/togovar-ncbigene.ttl
### Update TTL for togovar-pubmed if check_ttl_filesize false or check_ttl_timestamp true
# File output/ttl/relation/togovar-pubmed.ttl is older than output/tsv/togovar-pubmed.tsv
## Convert output/tsv/togovar-pubmed.tsv => output/ttl/relation/togovar-pubmed.ttl
< 2026-09-05T21:15:37 togovar-pubmed
togoid-config config/togovar-pubmed convert
> 2026-09-05T21:15:45 togovar-pubmed
### Update TTL for togovar-refseq_rna if check_ttl_filesize false or check_ttl_timestamp false
# File output/ttl/relation/togovar-refseq_rna.ttl is newer than output/tsv/togovar-refseq_rna.tsv
# => Preserving output/ttl/relation/togovar-refseq_rna.ttl
### Update TTL for uberon-ncit_tissue if check_ttl_filesize false or check_ttl_timestamp true
# File output/ttl/relation/uberon-ncit_tissue.ttl is older than output/tsv/uberon-ncit_tissue.tsv
## Convert output/tsv/uberon-ncit_tissue.tsv => output/ttl/relation/uberon-ncit_tissue.ttl
< 2026-09-05T21:15:45 uberon-ncit_tissue
togoid-config config/uberon-ncit_tissue convert
> 2026-09-05T21:15:45 uberon-ncit_tissue
### Update TTL for uniparc-refseq_protein if check_ttl_filesize false or check_ttl_timestamp false
# File output/ttl/relation/uniparc-refseq_protein.ttl is newer than output/tsv/uniparc-refseq_protein.tsv
# => Preserving output/ttl/relation/uniparc-refseq_protein.ttl
### Update TTL for uniprot-chembl_target if check_ttl_filesize false or check_ttl_timestamp true
# File output/ttl/relation/uniprot-chembl_target.ttl is older than output/tsv/uniprot-chembl_target.tsv
## Convert output/tsv/uniprot-chembl_target.tsv => output/ttl/relation/uniprot-chembl_target.ttl
< 2026-09-05T21:15:45 uniprot-chembl_target
togoid-config config/uniprot-chembl_target convert
> 2026-09-05T21:15:45 uniprot-chembl_target
### Update TTL for uniprot-dbsnp if check_ttl_filesize false or check_ttl_timestamp true
# File output/ttl/relation/uniprot-dbsnp.ttl is older than output/tsv/uniprot-dbsnp.tsv
## Convert output/tsv/uniprot-dbsnp.tsv => output/ttl/relation/uniprot-dbsnp.ttl
< 2026-09-05T21:15:45 uniprot-dbsnp
togoid-config config/uniprot-dbsnp convert
> 2026-09-05T21:15:46 uniprot-dbsnp
### Update TTL for uniprot-ec if check_ttl_filesize false or check_ttl_timestamp true
# File output/ttl/relation/uniprot-ec.ttl is older than output/tsv/uniprot-ec.tsv
## Convert output/tsv/uniprot-ec.tsv => output/ttl/relation/uniprot-ec.ttl
< 2026-09-05T21:15:46 uniprot-ec
togoid-config config/uniprot-ec convert
> 2026-09-05T21:17:58 uniprot-ec
### Update TTL for uniprot-ensembl_gene if check_ttl_filesize false or check_ttl_timestamp true
# File output/ttl/relation/uniprot-ensembl_gene.ttl is older than output/tsv/uniprot-ensembl_gene.tsv
## Convert output/tsv/uniprot-ensembl_gene.tsv => output/ttl/relation/uniprot-ensembl_gene.ttl
< 2026-09-05T21:17:58 uniprot-ensembl_gene
togoid-config config/uniprot-ensembl_gene convert
> 2026-09-05T21:18:42 uniprot-ensembl_gene
### Update TTL for uniprot-ensembl_protein if check_ttl_filesize false or check_ttl_timestamp true
# File output/ttl/relation/uniprot-ensembl_protein.ttl is older than output/tsv/uniprot-ensembl_protein.tsv
## Convert output/tsv/uniprot-ensembl_protein.tsv => output/ttl/relation/uniprot-ensembl_protein.ttl
< 2026-09-05T21:18:42 uniprot-ensembl_protein
togoid-config config/uniprot-ensembl_protein convert
> 2026-09-05T21:19:30 uniprot-ensembl_protein
### Update TTL for uniprot-ensembl_transcript if check_ttl_filesize false or check_ttl_timestamp true
# File output/ttl/relation/uniprot-ensembl_transcript.ttl is older than output/tsv/uniprot-ensembl_transcript.tsv
## Convert output/tsv/uniprot-ensembl_transcript.tsv => output/ttl/relation/uniprot-ensembl_transcript.ttl
< 2026-09-05T21:19:30 uniprot-ensembl_transcript
togoid-config config/uniprot-ensembl_transcript convert
> 2026-09-05T21:20:17 uniprot-ensembl_transcript
### Update TTL for uniprot-go if check_ttl_filesize false or check_ttl_timestamp true
# File output/ttl/relation/uniprot-go.ttl is older than output/tsv/uniprot-go.tsv
## Convert output/tsv/uniprot-go.tsv => output/ttl/relation/uniprot-go.ttl
< 2026-09-05T21:20:17 uniprot-go
togoid-config config/uniprot-go convert
> 2026-09-05T22:13:26 uniprot-go
### Update TTL for uniprot-hgnc if check_ttl_filesize false or check_ttl_timestamp true
# File output/ttl/relation/uniprot-hgnc.ttl is older than output/tsv/uniprot-hgnc.tsv
## Convert output/tsv/uniprot-hgnc.tsv => output/ttl/relation/uniprot-hgnc.ttl
< 2026-09-05T22:13:26 uniprot-hgnc
togoid-config config/uniprot-hgnc convert
> 2026-09-05T22:13:27 uniprot-hgnc
### Update TTL for uniprot-insdc if check_ttl_filesize false or check_ttl_timestamp true
# File output/ttl/relation/uniprot-insdc.ttl is older than output/tsv/uniprot-insdc.tsv
## Convert output/tsv/uniprot-insdc.tsv => output/ttl/relation/uniprot-insdc.ttl
< 2026-09-05T22:13:27 uniprot-insdc
togoid-config config/uniprot-insdc convert
> 2026-09-05T22:35:42 uniprot-insdc
### Update TTL for uniprot-insdc_cds if check_ttl_filesize false or check_ttl_timestamp true
# File output/ttl/relation/uniprot-insdc_cds.ttl is older than output/tsv/uniprot-insdc_cds.tsv
## Convert output/tsv/uniprot-insdc_cds.tsv => output/ttl/relation/uniprot-insdc_cds.ttl
< 2026-09-05T22:35:42 uniprot-insdc_cds
togoid-config config/uniprot-insdc_cds convert
> 2026-09-05T22:53:29 uniprot-insdc_cds
### Update TTL for uniprot-intact if check_ttl_filesize false or check_ttl_timestamp true
# File output/ttl/relation/uniprot-intact.ttl is older than output/tsv/uniprot-intact.tsv
## Convert output/tsv/uniprot-intact.tsv => output/ttl/relation/uniprot-intact.ttl
< 2026-09-05T22:53:29 uniprot-intact
togoid-config config/uniprot-intact convert
> 2026-09-05T22:53:30 uniprot-intact
### Update TTL for uniprot-ncbigene if check_ttl_filesize false or check_ttl_timestamp true
# File output/ttl/relation/uniprot-ncbigene.ttl is older than output/tsv/uniprot-ncbigene.tsv
## Convert output/tsv/uniprot-ncbigene.tsv => output/ttl/relation/uniprot-ncbigene.ttl
< 2026-09-05T22:53:30 uniprot-ncbigene
togoid-config config/uniprot-ncbigene convert
> 2026-09-05T22:55:19 uniprot-ncbigene
### Update TTL for uniprot-oma_group if check_ttl_filesize false or check_ttl_timestamp true
# File output/ttl/relation/uniprot-oma_group.ttl is older than output/tsv/uniprot-oma_group.tsv
## Convert output/tsv/uniprot-oma_group.tsv => output/ttl/relation/uniprot-oma_group.ttl
< 2026-09-05T22:55:19 uniprot-oma_group
togoid-config config/uniprot-oma_group convert
> 2026-09-05T22:55:53 uniprot-oma_group
### Update TTL for uniprot-omim_gene if check_ttl_filesize false or check_ttl_timestamp true
# File output/ttl/relation/uniprot-omim_gene.ttl is older than output/tsv/uniprot-omim_gene.tsv
## Convert output/tsv/uniprot-omim_gene.tsv => output/ttl/relation/uniprot-omim_gene.ttl
< 2026-09-05T22:55:53 uniprot-omim_gene
togoid-config config/uniprot-omim_gene convert
> 2026-09-05T22:55:53 uniprot-omim_gene
### Update TTL for uniprot-omim_phenotype if check_ttl_filesize false or check_ttl_timestamp true
# File output/ttl/relation/uniprot-omim_phenotype.ttl is older than output/tsv/uniprot-omim_phenotype.tsv
## Convert output/tsv/uniprot-omim_phenotype.tsv => output/ttl/relation/uniprot-omim_phenotype.ttl
< 2026-09-05T22:55:53 uniprot-omim_phenotype
togoid-config config/uniprot-omim_phenotype convert
> 2026-09-05T22:55:53 uniprot-omim_phenotype
### Update TTL for uniprot-orphanet_phenotype if check_ttl_filesize false or check_ttl_timestamp true
# File output/ttl/relation/uniprot-orphanet_phenotype.ttl is older than output/tsv/uniprot-orphanet_phenotype.tsv
## Convert output/tsv/uniprot-orphanet_phenotype.tsv => output/ttl/relation/uniprot-orphanet_phenotype.ttl
< 2026-09-05T22:55:53 uniprot-orphanet_phenotype
togoid-config config/uniprot-orphanet_phenotype convert
> 2026-09-05T22:55:53 uniprot-orphanet_phenotype
### Update TTL for uniprot-pdb if check_ttl_filesize false or check_ttl_timestamp true
# File output/ttl/relation/uniprot-pdb.ttl is older than output/tsv/uniprot-pdb.tsv
## Convert output/tsv/uniprot-pdb.tsv => output/ttl/relation/uniprot-pdb.ttl
< 2026-09-05T22:55:53 uniprot-pdb
togoid-config config/uniprot-pdb convert
> 2026-09-05T22:55:56 uniprot-pdb
### Update TTL for uniprot-reactome_pathway if check_ttl_filesize false or check_ttl_timestamp true
# File output/ttl/relation/uniprot-reactome_pathway.ttl is older than output/tsv/uniprot-reactome_pathway.tsv
## Convert output/tsv/uniprot-reactome_pathway.tsv => output/ttl/relation/uniprot-reactome_pathway.ttl
< 2026-09-05T22:55:56 uniprot-reactome_pathway
togoid-config config/uniprot-reactome_pathway convert
> 2026-09-05T22:55:57 uniprot-reactome_pathway
### Update TTL for uniprot-refseq_protein if check_ttl_filesize false or check_ttl_timestamp true
# File output/ttl/relation/uniprot-refseq_protein.ttl is older than output/tsv/uniprot-refseq_protein.tsv
## Convert output/tsv/uniprot-refseq_protein.tsv => output/ttl/relation/uniprot-refseq_protein.ttl
< 2026-09-05T22:55:57 uniprot-refseq_protein
togoid-config config/uniprot-refseq_protein convert
> 2026-09-05T23:07:24 uniprot-refseq_protein
### Update TTL for uniprot-taxonomy if check_ttl_filesize false or check_ttl_timestamp true
# File output/ttl/relation/uniprot-taxonomy.ttl is older than output/tsv/uniprot-taxonomy.tsv
## Convert output/tsv/uniprot-taxonomy.tsv => output/ttl/relation/uniprot-taxonomy.ttl
< 2026-09-05T23:07:24 uniprot-taxonomy
togoid-config config/uniprot-taxonomy convert
> 2026-09-05T23:26:47 uniprot-taxonomy
### Update TTL for uniprot-uniparc if check_ttl_filesize false or check_ttl_timestamp true
# File output/ttl/relation/uniprot-uniparc.ttl is older than output/tsv/uniprot-uniparc.tsv
## Convert output/tsv/uniprot-uniparc.tsv => output/ttl/relation/uniprot-uniparc.ttl
< 2026-09-05T23:26:47 uniprot-uniparc
togoid-config config/uniprot-uniparc convert
> 2026-09-05T23:54:34 uniprot-uniparc
### Update TTL for uniprot-uniprot_isoform if check_ttl_filesize false or check_ttl_timestamp true
# File output/ttl/relation/uniprot-uniprot_isoform.ttl is older than output/tsv/uniprot-uniprot_isoform.tsv
## Convert output/tsv/uniprot-uniprot_isoform.tsv => output/ttl/relation/uniprot-uniprot_isoform.ttl
< 2026-09-05T23:54:34 uniprot-uniprot_isoform
togoid-config config/uniprot-uniprot_isoform convert
> 2026-09-05T23:54:35 uniprot-uniprot_isoform
### Update TTL for uniprot-uniprot_mnemonic if check_ttl_filesize false or check_ttl_timestamp true
# File output/ttl/relation/uniprot-uniprot_mnemonic.ttl is older than output/tsv/uniprot-uniprot_mnemonic.tsv
## Convert output/tsv/uniprot-uniprot_mnemonic.tsv => output/ttl/relation/uniprot-uniprot_mnemonic.ttl
< 2026-09-05T23:54:35 uniprot-uniprot_mnemonic
togoid-config config/uniprot-uniprot_mnemonic convert
> 2026-09-06T00:23:54 uniprot-uniprot_mnemonic
### Update TTL for uniprot_isoform-ensembl_protein if check_ttl_filesize false or check_ttl_timestamp true
# File output/ttl/relation/uniprot_isoform-ensembl_protein.ttl is older than output/tsv/uniprot_isoform-ensembl_protein.tsv
## Convert output/tsv/uniprot_isoform-ensembl_protein.tsv => output/ttl/relation/uniprot_isoform-ensembl_protein.ttl
< 2026-09-06T00:23:54 uniprot_isoform-ensembl_protein
togoid-config config/uniprot_isoform-ensembl_protein convert
> 2026-09-06T00:23:55 uniprot_isoform-ensembl_protein
### Update TTL for uniprot_isoform-ensembl_transcript if check_ttl_filesize false or check_ttl_timestamp true
# File output/ttl/relation/uniprot_isoform-ensembl_transcript.ttl is older than output/tsv/uniprot_isoform-ensembl_transcript.tsv
## Convert output/tsv/uniprot_isoform-ensembl_transcript.tsv => output/ttl/relation/uniprot_isoform-ensembl_transcript.ttl
< 2026-09-06T00:23:55 uniprot_isoform-ensembl_transcript
togoid-config config/uniprot_isoform-ensembl_transcript convert
> 2026-09-06T00:23:55 uniprot_isoform-ensembl_transcript
### Update TTL for uniprot_isoform-refseq_protein if check_ttl_filesize false or check_ttl_timestamp true
# File output/ttl/relation/uniprot_isoform-refseq_protein.ttl is older than output/tsv/uniprot_isoform-refseq_protein.tsv
## Convert output/tsv/uniprot_isoform-refseq_protein.tsv => output/ttl/relation/uniprot_isoform-refseq_protein.ttl
< 2026-09-06T00:23:55 uniprot_isoform-refseq_protein
togoid-config config/uniprot_isoform-refseq_protein convert
> 2026-09-06T00:23:56 uniprot_isoform-refseq_protein
### Update TTL for uniprot_isoform-uniparc if check_ttl_filesize false or check_ttl_timestamp true
# File output/ttl/relation/uniprot_isoform-uniparc.ttl is older than output/tsv/uniprot_isoform-uniparc.tsv
## Convert output/tsv/uniprot_isoform-uniparc.tsv => output/ttl/relation/uniprot_isoform-uniparc.ttl
< 2026-09-06T00:23:56 uniprot_isoform-uniparc
togoid-config config/uniprot_isoform-uniparc convert
> 2026-09-06T00:23:56 uniprot_isoform-uniparc
### Update TTL for uniprot_proteome-assembly_insdc if check_ttl_filesize false or check_ttl_timestamp true
# File output/ttl/relation/uniprot_proteome-assembly_insdc.ttl is older than output/tsv/uniprot_proteome-assembly_insdc.tsv
## Convert output/tsv/uniprot_proteome-assembly_insdc.tsv => output/ttl/relation/uniprot_proteome-assembly_insdc.ttl
< 2026-09-06T00:23:56 uniprot_proteome-assembly_insdc
togoid-config config/uniprot_proteome-assembly_insdc convert
> 2026-09-06T00:24:03 uniprot_proteome-assembly_insdc
### Update TTL for uniprot_proteome-assembly_refseq if check_ttl_filesize false or check_ttl_timestamp true
# File output/ttl/relation/uniprot_proteome-assembly_refseq.ttl is older than output/tsv/uniprot_proteome-assembly_refseq.tsv
## Convert output/tsv/uniprot_proteome-assembly_refseq.tsv => output/ttl/relation/uniprot_proteome-assembly_refseq.ttl
< 2026-09-06T00:24:03 uniprot_proteome-assembly_refseq
togoid-config config/uniprot_proteome-assembly_refseq convert
> 2026-09-06T00:24:03 uniprot_proteome-assembly_refseq
### Update TTL for uniprot_proteome-taxonomy if check_ttl_filesize false or check_ttl_timestamp true
# File output/ttl/relation/uniprot_proteome-taxonomy.ttl is older than output/tsv/uniprot_proteome-taxonomy.tsv
## Convert output/tsv/uniprot_proteome-taxonomy.tsv => output/ttl/relation/uniprot_proteome-taxonomy.ttl
< 2026-09-06T00:24:03 uniprot_proteome-taxonomy
togoid-config config/uniprot_proteome-taxonomy convert
> 2026-09-06T00:24:10 uniprot_proteome-taxonomy
### Update TTL for wikipathways-chebi if check_ttl_filesize false or check_ttl_timestamp true
# File output/ttl/relation/wikipathways-chebi.ttl is older than output/tsv/wikipathways-chebi.tsv
## Convert output/tsv/wikipathways-chebi.tsv => output/ttl/relation/wikipathways-chebi.ttl
< 2026-09-06T00:24:10 wikipathways-chebi
togoid-config config/wikipathways-chebi convert
> 2026-09-06T00:24:10 wikipathways-chebi
### Update TTL for wikipathways-doid if check_ttl_filesize false or check_ttl_timestamp true
# File output/ttl/relation/wikipathways-doid.ttl is older than output/tsv/wikipathways-doid.tsv
## Convert output/tsv/wikipathways-doid.tsv => output/ttl/relation/wikipathways-doid.ttl
< 2026-09-06T00:24:10 wikipathways-doid
togoid-config config/wikipathways-doid convert
> 2026-09-06T00:24:11 wikipathways-doid
### Update TTL for wikipathways-hmdb if check_ttl_filesize false or check_ttl_timestamp true
# File output/ttl/relation/wikipathways-hmdb.ttl is older than output/tsv/wikipathways-hmdb.tsv
## Convert output/tsv/wikipathways-hmdb.tsv => output/ttl/relation/wikipathways-hmdb.ttl
< 2026-09-06T00:24:11 wikipathways-hmdb
togoid-config config/wikipathways-hmdb convert
> 2026-09-06T00:24:11 wikipathways-hmdb
### Update TTL for wikipathways-lipidmaps if check_ttl_filesize false or check_ttl_timestamp true
# File output/ttl/relation/wikipathways-lipidmaps.ttl is older than output/tsv/wikipathways-lipidmaps.tsv
## Convert output/tsv/wikipathways-lipidmaps.tsv => output/ttl/relation/wikipathways-lipidmaps.ttl
< 2026-09-06T00:24:11 wikipathways-lipidmaps
togoid-config config/wikipathways-lipidmaps convert
> 2026-09-06T00:24:11 wikipathways-lipidmaps
### Update TTL for wikipathways-ncbigene if check_ttl_filesize false or check_ttl_timestamp true
# File output/ttl/relation/wikipathways-ncbigene.ttl is older than output/tsv/wikipathways-ncbigene.tsv
## Convert output/tsv/wikipathways-ncbigene.tsv => output/ttl/relation/wikipathways-ncbigene.ttl
< 2026-09-06T00:24:11 wikipathways-ncbigene
togoid-config config/wikipathways-ncbigene convert
> 2026-09-06T00:24:11 wikipathways-ncbigene
### Update TTL for wikipathways-uniprot if check_ttl_filesize false or check_ttl_timestamp true
# File output/ttl/relation/wikipathways-uniprot.ttl is older than output/tsv/wikipathways-uniprot.tsv
## Convert output/tsv/wikipathways-uniprot.tsv => output/ttl/relation/wikipathways-uniprot.ttl
< 2026-09-06T00:24:11 wikipathways-uniprot
togoid-config config/wikipathways-uniprot convert
> 2026-09-06T00:24:11 wikipathways-uniprot
### Update TTL for zfin_gene-zfin_transcript if check_ttl_filesize false or check_ttl_timestamp true
# File output/ttl/relation/zfin_gene-zfin_transcript.ttl is older than output/tsv/zfin_gene-zfin_transcript.tsv
## Convert output/tsv/zfin_gene-zfin_transcript.tsv => output/ttl/relation/zfin_gene-zfin_transcript.ttl
< 2026-09-06T00:24:11 zfin_gene-zfin_transcript
togoid-config config/zfin_gene-zfin_transcript convert
> 2026-09-06T00:24:12 zfin_gene-zfin_transcript
Rule for TTL (output/ttl/relation/affy_probeset-ncbigene.ttl)
------------------------------
Investigating output/ttl/relation/affy_probeset-ncbigene.ttl
class: Rake::FileTask
task needed: true
timestamp: 2026-06-01 18:22:46 +0900
pre-requisites: 
--output/ttl/relation/ (<EARLY TIME>)
--output/tsv/affy_probeset-ncbigene.tsv (2026-06-01 14:38:54 +0900)
--config/dataset.yaml (2026-09-04 17:00:10 +0900)
latest-prerequisite time: 2026-09-04 17:00:10 +0900
................................

Rule for TTL (output/ttl/relation/bioproject-biosample.ttl)
------------------------------
Investigating output/ttl/relation/bioproject-biosample.ttl
class: Rake::FileTask
task needed: true
timestamp: 2026-09-05 14:51:55 +0900
pre-requisites: 
--output/ttl/relation/ (<EARLY TIME>)
--config/dataset.yaml (2026-09-04 17:00:10 +0900)
--output/tsv/bioproject-biosample.tsv (2026-09-05 03:03:00 +0900)
latest-prerequisite time: 2026-09-05 03:03:00 +0900
................................

Rule for TTL (output/ttl/relation/bioproject-geo_series.ttl)
------------------------------
Investigating output/ttl/relation/bioproject-geo_series.ttl
class: Rake::FileTask
task needed: true
timestamp: 2026-09-05 14:51:59 +0900
pre-requisites: 
--output/ttl/relation/ (<EARLY TIME>)
--config/dataset.yaml (2026-09-04 17:00:10 +0900)
--output/tsv/bioproject-geo_series.tsv (2026-09-05 03:03:02 +0900)
latest-prerequisite time: 2026-09-05 03:03:02 +0900
................................

Rule for TTL (output/ttl/relation/bioproject-pubmed.ttl)
------------------------------
Investigating output/ttl/relation/bioproject-pubmed.ttl
class: Rake::FileTask
task needed: true
timestamp: 2026-09-05 14:52:01 +0900
pre-requisites: 
--output/ttl/relation/ (<EARLY TIME>)
--config/dataset.yaml (2026-09-04 17:00:10 +0900)
--output/tsv/bioproject-pubmed.tsv (2026-09-05 03:03:04 +0900)
latest-prerequisite time: 2026-09-05 03:03:04 +0900
................................

Rule for TTL (output/ttl/relation/bioproject_umbrella-bioproject.ttl)
------------------------------
Investigating output/ttl/relation/bioproject_umbrella-bioproject.ttl
class: Rake::FileTask
task needed: true
timestamp: 2026-09-05 14:52:02 +0900
pre-requisites: 
--output/ttl/relation/ (<EARLY TIME>)
--config/dataset.yaml (2026-09-04 17:00:10 +0900)
--output/tsv/bioproject_umbrella-bioproject.tsv (2026-09-05 03:03:04 +0900)
latest-prerequisite time: 2026-09-05 03:03:04 +0900
................................

Rule for TTL (output/ttl/relation/biosample-bioproject.ttl)
------------------------------
Investigating output/ttl/relation/biosample-bioproject.ttl
class: Rake::FileTask
task needed: true
timestamp: 2026-09-05 14:56:34 +0900
pre-requisites: 
--output/ttl/relation/ (<EARLY TIME>)
--config/dataset.yaml (2026-09-04 17:00:10 +0900)
--output/tsv/biosample-bioproject.tsv (2026-09-05 03:06:28 +0900)
latest-prerequisite time: 2026-09-05 03:06:28 +0900
................................

Rule for TTL (output/ttl/relation/biosample-geo_sample.ttl)
------------------------------
Investigating output/ttl/relation/biosample-geo_sample.ttl
class: Rake::FileTask
task needed: true
timestamp: 2026-09-05 14:57:35 +0900
pre-requisites: 
--output/ttl/relation/ (<EARLY TIME>)
--config/dataset.yaml (2026-09-04 17:00:10 +0900)
--output/tsv/biosample-geo_sample.tsv (2026-09-05 03:08:45 +0900)
latest-prerequisite time: 2026-09-05 03:08:45 +0900
................................

Rule for TTL (output/ttl/relation/biosample-taxonomy.ttl)
------------------------------
Investigating output/ttl/relation/biosample-taxonomy.ttl
class: Rake::FileTask
task needed: true
timestamp: 2026-09-05 15:04:37 +0900
pre-requisites: 
--output/ttl/relation/ (<EARLY TIME>)
--config/dataset.yaml (2026-09-04 17:00:10 +0900)
--output/tsv/biosample-taxonomy.tsv (2026-09-05 03:10:29 +0900)
latest-prerequisite time: 2026-09-05 03:10:29 +0900
................................

Rule for TTL (output/ttl/relation/cellosaurus-clo.ttl)
------------------------------
Investigating output/ttl/relation/cellosaurus-clo.ttl
class: Rake::FileTask
task needed: true
timestamp: 2026-08-29 01:26:13 +0900
pre-requisites: 
--output/ttl/relation/ (<EARLY TIME>)
--output/tsv/cellosaurus-clo.tsv (2026-08-28 21:16:31 +0900)
--config/dataset.yaml (2026-09-04 17:00:10 +0900)
latest-prerequisite time: 2026-09-04 17:00:10 +0900
................................

Rule for TTL (output/ttl/relation/cellosaurus-ncit_disease.ttl)
------------------------------
Investigating output/ttl/relation/cellosaurus-ncit_disease.ttl
class: Rake::FileTask
task needed: true
timestamp: 2026-08-29 01:26:14 +0900
pre-requisites: 
--output/ttl/relation/ (<EARLY TIME>)
--output/tsv/cellosaurus-ncit_disease.tsv (2026-08-28 21:16:35 +0900)
--config/dataset.yaml (2026-09-04 17:00:10 +0900)
latest-prerequisite time: 2026-09-04 17:00:10 +0900
................................

Rule for TTL (output/ttl/relation/cellosaurus-orphanet_phenotype.ttl)
------------------------------
Investigating output/ttl/relation/cellosaurus-orphanet_phenotype.ttl
class: Rake::FileTask
task needed: true
timestamp: 2026-08-29 01:26:14 +0900
pre-requisites: 
--output/ttl/relation/ (<EARLY TIME>)
--output/tsv/cellosaurus-orphanet_phenotype.tsv (2026-08-28 21:16:39 +0900)
--config/dataset.yaml (2026-09-04 17:00:10 +0900)
latest-prerequisite time: 2026-09-04 17:00:10 +0900
................................

Rule for TTL (output/ttl/relation/cellosaurus-taxonomy.ttl)
------------------------------
Investigating output/ttl/relation/cellosaurus-taxonomy.ttl
class: Rake::FileTask
task needed: true
timestamp: 2026-08-29 01:26:15 +0900
pre-requisites: 
--output/ttl/relation/ (<EARLY TIME>)
--output/tsv/cellosaurus-taxonomy.tsv (2026-08-28 21:16:44 +0900)
--config/dataset.yaml (2026-09-04 17:00:10 +0900)
latest-prerequisite time: 2026-09-04 17:00:10 +0900
................................

Rule for TTL (output/ttl/relation/chembl_compound-pdb_ccd.ttl)
------------------------------
Investigating output/ttl/relation/chembl_compound-pdb_ccd.ttl
class: Rake::FileTask
task needed: true
timestamp: 2026-02-21 01:10:31 +0900
pre-requisites: 
--output/ttl/relation/ (<EARLY TIME>)
--output/tsv/chembl_compound-pdb_ccd.tsv (2026-02-20 21:02:14 +0900)
--config/dataset.yaml (2026-09-04 17:00:10 +0900)
latest-prerequisite time: 2026-09-04 17:00:10 +0900
................................

Rule for TTL (output/ttl/relation/chembl_target-ensembl_gene.ttl)
------------------------------
Investigating output/ttl/relation/chembl_target-ensembl_gene.ttl
class: Rake::FileTask
task needed: true
timestamp: 2023-08-25 22:09:29 +0900
pre-requisites: 
--output/ttl/relation/ (<EARLY TIME>)
--output/tsv/chembl_target-ensembl_gene.tsv (2023-08-25 17:59:01 +0900)
--config/dataset.yaml (2026-09-04 17:00:10 +0900)
latest-prerequisite time: 2026-09-04 17:00:10 +0900
................................

Rule for TTL (output/ttl/relation/clinvar-dbsnp.ttl)
------------------------------
Investigating output/ttl/relation/clinvar-dbsnp.ttl
class: Rake::FileTask
task needed: true
timestamp: 2026-09-05 15:06:01 +0900
pre-requisites: 
--output/ttl/relation/ (<EARLY TIME>)
--config/dataset.yaml (2026-09-04 17:00:10 +0900)
--output/tsv/clinvar-dbsnp.tsv (2026-09-05 03:26:47 +0900)
latest-prerequisite time: 2026-09-05 03:26:47 +0900
................................

Rule for TTL (output/ttl/relation/clinvar-hgnc.ttl)
------------------------------
Investigating output/ttl/relation/clinvar-hgnc.ttl
class: Rake::FileTask
task needed: true
timestamp: 2026-09-05 15:06:22 +0900
pre-requisites: 
--output/ttl/relation/ (<EARLY TIME>)
--config/dataset.yaml (2026-09-04 17:00:10 +0900)
--output/tsv/clinvar-hgnc.tsv (2026-09-05 03:27:55 +0900)
latest-prerequisite time: 2026-09-05 03:27:55 +0900
................................

Rule for TTL (output/ttl/relation/clinvar-medgen.ttl)
------------------------------
Investigating output/ttl/relation/clinvar-medgen.ttl
class: Rake::FileTask
task needed: true
timestamp: 2026-09-05 15:06:52 +0900
pre-requisites: 
--output/ttl/relation/ (<EARLY TIME>)
--config/dataset.yaml (2026-09-04 17:00:10 +0900)
--output/tsv/clinvar-medgen.tsv (2026-09-05 03:29:55 +0900)
latest-prerequisite time: 2026-09-05 03:29:55 +0900
................................

Rule for TTL (output/ttl/relation/clinvar-mondo.ttl)
------------------------------
Investigating output/ttl/relation/clinvar-mondo.ttl
class: Rake::FileTask
task needed: true
timestamp: 2026-09-05 15:07:05 +0900
pre-requisites: 
--output/ttl/relation/ (<EARLY TIME>)
--config/dataset.yaml (2026-09-04 17:00:10 +0900)
--output/tsv/clinvar-mondo.tsv (2026-09-05 03:31:47 +0900)
latest-prerequisite time: 2026-09-05 03:31:47 +0900
................................

Rule for TTL (output/ttl/relation/clinvar-ncbigene.ttl)
------------------------------
Investigating output/ttl/relation/clinvar-ncbigene.ttl
class: Rake::FileTask
task needed: true
timestamp: 2026-09-05 15:07:27 +0900
pre-requisites: 
--output/ttl/relation/ (<EARLY TIME>)
--config/dataset.yaml (2026-09-04 17:00:10 +0900)
--output/tsv/clinvar-ncbigene.tsv (2026-09-05 03:32:53 +0900)
latest-prerequisite time: 2026-09-05 03:32:53 +0900
................................

Rule for TTL (output/ttl/relation/clinvar-omim_phenotype.ttl)
------------------------------
Investigating output/ttl/relation/clinvar-omim_phenotype.ttl
class: Rake::FileTask
task needed: true
timestamp: 2026-09-05 15:07:38 +0900
pre-requisites: 
--output/ttl/relation/ (<EARLY TIME>)
--config/dataset.yaml (2026-09-04 17:00:10 +0900)
--output/tsv/clinvar-omim_phenotype.tsv (2026-09-05 03:34:43 +0900)
latest-prerequisite time: 2026-09-05 03:34:43 +0900
................................

Rule for TTL (output/ttl/relation/clinvar-orphanet_phenotype.ttl)
------------------------------
Investigating output/ttl/relation/clinvar-orphanet_phenotype.ttl
class: Rake::FileTask
task needed: true
timestamp: 2026-09-05 15:07:50 +0900
pre-requisites: 
--output/ttl/relation/ (<EARLY TIME>)
--config/dataset.yaml (2026-09-04 17:00:10 +0900)
--output/tsv/clinvar-orphanet_phenotype.tsv (2026-09-05 03:36:33 +0900)
latest-prerequisite time: 2026-09-05 03:36:33 +0900
................................

Rule for TTL (output/ttl/relation/clinvar-uniprot.ttl)
------------------------------
Investigating output/ttl/relation/clinvar-uniprot.ttl
class: Rake::FileTask
task needed: true
timestamp: 2026-09-05 15:07:50 +0900
pre-requisites: 
--output/ttl/relation/ (<EARLY TIME>)
--config/dataset.yaml (2026-09-04 17:00:10 +0900)
--output/tsv/clinvar-uniprot.tsv (2026-09-05 03:37:37 +0900)
latest-prerequisite time: 2026-09-05 03:37:37 +0900
................................

Rule for TTL (output/ttl/relation/cog-insdc.ttl)
------------------------------
Investigating output/ttl/relation/cog-insdc.ttl
class: Rake::FileTask
task needed: true
timestamp: 2026-03-17 04:37:42 +0900
pre-requisites: 
--output/ttl/relation/ (<EARLY TIME>)
--output/tsv/cog-insdc.tsv (2026-03-16 22:15:20 +0900)
--config/dataset.yaml (2026-09-04 17:00:10 +0900)
latest-prerequisite time: 2026-09-04 17:00:10 +0900
................................

Rule for TTL (output/ttl/relation/cog-refseq_protein.ttl)
------------------------------
Investigating output/ttl/relation/cog-refseq_protein.ttl
class: Rake::FileTask
task needed: true
timestamp: 2026-03-17 04:38:24 +0900
pre-requisites: 
--output/ttl/relation/ (<EARLY TIME>)
--output/tsv/cog-refseq_protein.tsv (2026-03-16 22:15:38 +0900)
--config/dataset.yaml (2026-09-04 17:00:10 +0900)
latest-prerequisite time: 2026-09-04 17:00:10 +0900
................................

Rule for TTL (output/ttl/relation/ensembl_gene-affy_probeset.ttl)
------------------------------
Investigating output/ttl/relation/ensembl_gene-affy_probeset.ttl
class: Rake::FileTask
task needed: true
timestamp: 2026-08-08 02:22:02 +0900
pre-requisites: 
--output/ttl/relation/ (<EARLY TIME>)
--output/tsv/ensembl_gene-affy_probeset.tsv (2026-08-07 21:50:07 +0900)
--config/dataset.yaml (2026-09-04 17:00:10 +0900)
latest-prerequisite time: 2026-09-04 17:00:10 +0900
................................

Rule for TTL (output/ttl/relation/ensembl_gene-ensembl_protein.ttl)
------------------------------
Investigating output/ttl/relation/ensembl_gene-ensembl_protein.ttl
class: Rake::FileTask
task needed: true
timestamp: 2026-09-05 15:09:22 +0900
pre-requisites: 
--output/ttl/relation/ (<EARLY TIME>)
--config/dataset.yaml (2026-09-04 17:00:10 +0900)
--output/tsv/ensembl_gene-ensembl_protein.tsv (2026-09-05 03:38:40 +0900)
latest-prerequisite time: 2026-09-05 03:38:40 +0900
................................

Rule for TTL (output/ttl/relation/ensembl_gene-ensembl_transcript.ttl)
------------------------------
Investigating output/ttl/relation/ensembl_gene-ensembl_transcript.ttl
class: Rake::FileTask
task needed: true
timestamp: 2026-09-05 15:11:48 +0900
pre-requisites: 
--output/ttl/relation/ (<EARLY TIME>)
--config/dataset.yaml (2026-09-04 17:00:10 +0900)
--output/tsv/ensembl_gene-ensembl_transcript.tsv (2026-09-05 03:39:50 +0900)
latest-prerequisite time: 2026-09-05 03:39:50 +0900
................................

Rule for TTL (output/ttl/relation/ensembl_gene-hgnc.ttl)
------------------------------
Investigating output/ttl/relation/ensembl_gene-hgnc.ttl
class: Rake::FileTask
task needed: true
timestamp: 2026-09-05 15:11:49 +0900
pre-requisites: 
--output/ttl/relation/ (<EARLY TIME>)
--config/dataset.yaml (2026-09-04 17:00:10 +0900)
--output/tsv/ensembl_gene-hgnc.tsv (2026-09-05 03:39:50 +0900)
latest-prerequisite time: 2026-09-05 03:39:50 +0900
................................

Rule for TTL (output/ttl/relation/ensembl_gene-ncbigene.ttl)
------------------------------
Investigating output/ttl/relation/ensembl_gene-ncbigene.ttl
class: Rake::FileTask
task needed: true
timestamp: 2026-09-05 15:17:29 +0900
pre-requisites: 
--output/ttl/relation/ (<EARLY TIME>)
--config/dataset.yaml (2026-09-04 17:00:10 +0900)
--output/tsv/ensembl_gene-ncbigene.tsv (2026-09-05 03:42:23 +0900)
latest-prerequisite time: 2026-09-05 03:42:23 +0900
................................

Rule for TTL (output/ttl/relation/ensembl_gene-taxonomy.ttl)
------------------------------
Investigating output/ttl/relation/ensembl_gene-taxonomy.ttl
class: Rake::FileTask
task needed: true
timestamp: 2026-09-05 15:18:27 +0900
pre-requisites: 
--output/ttl/relation/ (<EARLY TIME>)
--config/dataset.yaml (2026-09-04 17:00:10 +0900)
--output/tsv/ensembl_gene-taxonomy.tsv (2026-09-05 03:43:09 +0900)
latest-prerequisite time: 2026-09-05 03:43:09 +0900
................................

Rule for TTL (output/ttl/relation/ensembl_gene-uniprot.ttl)
------------------------------
Investigating output/ttl/relation/ensembl_gene-uniprot.ttl
class: Rake::FileTask
task needed: true
timestamp: 2026-09-05 15:19:28 +0900
pre-requisites: 
--output/ttl/relation/ (<EARLY TIME>)
--config/dataset.yaml (2026-09-04 17:00:10 +0900)
--output/tsv/ensembl_gene-uniprot.tsv (2026-09-05 03:44:06 +0900)
latest-prerequisite time: 2026-09-05 03:44:06 +0900
................................

Rule for TTL (output/ttl/relation/ensembl_protein-ensembl_transcript.ttl)
------------------------------
Investigating output/ttl/relation/ensembl_protein-ensembl_transcript.ttl
class: Rake::FileTask
task needed: true
timestamp: 2026-09-05 15:21:00 +0900
pre-requisites: 
--output/ttl/relation/ (<EARLY TIME>)
--config/dataset.yaml (2026-09-04 17:00:10 +0900)
--output/tsv/ensembl_protein-ensembl_transcript.tsv (2026-09-05 03:45:16 +0900)
latest-prerequisite time: 2026-09-05 03:45:16 +0900
................................

Rule for TTL (output/ttl/relation/ensembl_protein-uniparc.ttl)
------------------------------
Investigating output/ttl/relation/ensembl_protein-uniparc.ttl
class: Rake::FileTask
task needed: true
timestamp: 2026-09-05 15:22:25 +0900
pre-requisites: 
--output/ttl/relation/ (<EARLY TIME>)
--config/dataset.yaml (2026-09-04 17:00:10 +0900)
--output/tsv/ensembl_protein-uniparc.tsv (2026-09-05 03:46:17 +0900)
latest-prerequisite time: 2026-09-05 03:46:17 +0900
................................

Rule for TTL (output/ttl/relation/ensembl_transcript-affy_probeset.ttl)
------------------------------
Investigating output/ttl/relation/ensembl_transcript-affy_probeset.ttl
class: Rake::FileTask
task needed: true
timestamp: 2026-08-08 02:36:58 +0900
pre-requisites: 
--output/ttl/relation/ (<EARLY TIME>)
--output/tsv/ensembl_transcript-affy_probeset.tsv (2026-08-07 22:06:05 +0900)
--config/dataset.yaml (2026-09-04 17:00:10 +0900)
latest-prerequisite time: 2026-09-04 17:00:10 +0900
................................

Rule for TTL (output/ttl/relation/ensembl_transcript-go.ttl)
------------------------------
Investigating output/ttl/relation/ensembl_transcript-go.ttl
class: Rake::FileTask
task needed: true
timestamp: 2026-09-05 15:36:11 +0900
pre-requisites: 
--output/ttl/relation/ (<EARLY TIME>)
--config/dataset.yaml (2026-09-04 17:00:10 +0900)
--output/tsv/ensembl_transcript-go.tsv (2026-09-05 03:51:03 +0900)
latest-prerequisite time: 2026-09-05 03:51:03 +0900
................................

Rule for TTL (output/ttl/relation/ensembl_transcript-hgnc.ttl)
------------------------------
Investigating output/ttl/relation/ensembl_transcript-hgnc.ttl
class: Rake::FileTask
task needed: true
timestamp: 2026-09-05 15:36:14 +0900
pre-requisites: 
--output/ttl/relation/ (<EARLY TIME>)
--config/dataset.yaml (2026-09-04 17:00:10 +0900)
--output/tsv/ensembl_transcript-hgnc.tsv (2026-09-05 03:51:03 +0900)
latest-prerequisite time: 2026-09-05 03:51:03 +0900
................................

Rule for TTL (output/ttl/relation/ensembl_transcript-refseq_rna.ttl)
------------------------------
Investigating output/ttl/relation/ensembl_transcript-refseq_rna.ttl
class: Rake::FileTask
task needed: true
timestamp: 2026-09-05 15:43:14 +0900
pre-requisites: 
--output/ttl/relation/ (<EARLY TIME>)
--config/dataset.yaml (2026-09-04 17:00:10 +0900)
--output/tsv/ensembl_transcript-refseq_rna.tsv (2026-09-05 03:53:43 +0900)
latest-prerequisite time: 2026-09-05 03:53:43 +0900
................................

Rule for TTL (output/ttl/relation/flybase_gene-flybase_transcript.ttl)
------------------------------
Investigating output/ttl/relation/flybase_gene-flybase_transcript.ttl
class: Rake::FileTask
task needed: true
timestamp: 2026-09-05 15:43:15 +0900
pre-requisites: 
--output/ttl/relation/ (<EARLY TIME>)
--config/dataset.yaml (2026-09-04 17:00:10 +0900)
--output/tsv/flybase_gene-flybase_transcript.tsv (2026-09-05 03:53:43 +0900)
latest-prerequisite time: 2026-09-05 03:53:43 +0900
................................

Rule for TTL (output/ttl/relation/flybase_transcript-flybase_protein.ttl)
------------------------------
Investigating output/ttl/relation/flybase_transcript-flybase_protein.ttl
class: Rake::FileTask
task needed: true
timestamp: 2026-09-05 15:43:16 +0900
pre-requisites: 
--output/ttl/relation/ (<EARLY TIME>)
--config/dataset.yaml (2026-09-04 17:00:10 +0900)
--output/tsv/flybase_transcript-flybase_protein.tsv (2026-09-05 03:53:44 +0900)
latest-prerequisite time: 2026-09-05 03:53:44 +0900
................................

Rule for TTL (output/ttl/relation/glycomotif-glytoucan.ttl)
------------------------------
Investigating output/ttl/relation/glycomotif-glytoucan.ttl
class: Rake::FileTask
task needed: true
timestamp: 2024-08-17 01:06:47 +0900
pre-requisites: 
--output/ttl/relation/ (<EARLY TIME>)
--output/tsv/glycomotif-glytoucan.tsv (2024-08-16 21:27:13 +0900)
--config/dataset.yaml (2026-09-04 17:00:10 +0900)
latest-prerequisite time: 2026-09-04 17:00:10 +0900
................................

Rule for TTL (output/ttl/relation/glytoucan-doid.ttl)
------------------------------
Investigating output/ttl/relation/glytoucan-doid.ttl
class: Rake::FileTask
task needed: true
timestamp: 2024-03-23 00:00:30 +0900
pre-requisites: 
--output/ttl/relation/ (<EARLY TIME>)
--output/tsv/glytoucan-doid.tsv (2024-03-22 20:42:15 +0900)
--config/dataset.yaml (2026-09-04 17:00:10 +0900)
latest-prerequisite time: 2026-09-04 17:00:10 +0900
................................

Rule for TTL (output/ttl/relation/glytoucan-ncbigene.ttl)
------------------------------
Investigating output/ttl/relation/glytoucan-ncbigene.ttl
class: Rake::FileTask
task needed: true
timestamp: 2026-09-05 15:43:16 +0900
pre-requisites: 
--output/ttl/relation/ (<EARLY TIME>)
--config/dataset.yaml (2026-09-04 17:00:10 +0900)
--output/tsv/glytoucan-ncbigene.tsv (2026-09-05 03:53:50 +0900)
latest-prerequisite time: 2026-09-05 03:53:50 +0900
................................

Rule for TTL (output/ttl/relation/glytoucan-uniprot.ttl)
------------------------------
Investigating output/ttl/relation/glytoucan-uniprot.ttl
class: Rake::FileTask
task needed: true
timestamp: 2026-09-05 15:43:17 +0900
pre-requisites: 
--output/ttl/relation/ (<EARLY TIME>)
--config/dataset.yaml (2026-09-04 17:00:10 +0900)
--output/tsv/glytoucan-uniprot.tsv (2026-09-05 03:53:52 +0900)
latest-prerequisite time: 2026-09-05 03:53:52 +0900
................................

Rule for TTL (output/ttl/relation/hgnc-ccds.ttl)
------------------------------
Investigating output/ttl/relation/hgnc-ccds.ttl
class: Rake::FileTask
task needed: true
timestamp: 2026-09-05 15:43:17 +0900
pre-requisites: 
--output/ttl/relation/ (<EARLY TIME>)
--config/dataset.yaml (2026-09-04 17:00:10 +0900)
--output/tsv/hgnc-ccds.tsv (2026-09-05 03:53:52 +0900)
latest-prerequisite time: 2026-09-05 03:53:52 +0900
................................

Rule for TTL (output/ttl/relation/hgnc-ec.ttl)
------------------------------
Investigating output/ttl/relation/hgnc-ec.ttl
class: Rake::FileTask
task needed: true
timestamp: 2026-09-05 15:43:17 +0900
pre-requisites: 
--output/ttl/relation/ (<EARLY TIME>)
--config/dataset.yaml (2026-09-04 17:00:10 +0900)
--output/tsv/hgnc-ec.tsv (2026-09-05 03:53:53 +0900)
latest-prerequisite time: 2026-09-05 03:53:53 +0900
................................

Rule for TTL (output/ttl/relation/hgnc-ensembl_gene.ttl)
------------------------------
Investigating output/ttl/relation/hgnc-ensembl_gene.ttl
class: Rake::FileTask
task needed: true
timestamp: 2026-09-05 15:43:18 +0900
pre-requisites: 
--output/ttl/relation/ (<EARLY TIME>)
--config/dataset.yaml (2026-09-04 17:00:10 +0900)
--output/tsv/hgnc-ensembl_gene.tsv (2026-09-05 03:53:53 +0900)
latest-prerequisite time: 2026-09-05 03:53:53 +0900
................................

Rule for TTL (output/ttl/relation/hgnc-hgnc_symbol.ttl)
------------------------------
Investigating output/ttl/relation/hgnc-hgnc_symbol.ttl
class: Rake::FileTask
task needed: true
timestamp: 2026-09-05 15:43:18 +0900
pre-requisites: 
--output/ttl/relation/ (<EARLY TIME>)
--config/dataset.yaml (2026-09-04 17:00:10 +0900)
--output/tsv/hgnc-hgnc_symbol.tsv (2026-09-05 03:53:53 +0900)
latest-prerequisite time: 2026-09-05 03:53:53 +0900
................................

Rule for TTL (output/ttl/relation/hgnc-insdc.ttl)
------------------------------
Investigating output/ttl/relation/hgnc-insdc.ttl
class: Rake::FileTask
task needed: true
timestamp: 2026-09-05 15:43:18 +0900
pre-requisites: 
--output/ttl/relation/ (<EARLY TIME>)
--config/dataset.yaml (2026-09-04 17:00:10 +0900)
--output/tsv/hgnc-insdc.tsv (2026-09-05 03:53:54 +0900)
latest-prerequisite time: 2026-09-05 03:53:54 +0900
................................

Rule for TTL (output/ttl/relation/hgnc-lrg.ttl)
------------------------------
Investigating output/ttl/relation/hgnc-lrg.ttl
class: Rake::FileTask
task needed: true
timestamp: 2026-09-05 15:43:18 +0900
pre-requisites: 
--output/ttl/relation/ (<EARLY TIME>)
--config/dataset.yaml (2026-09-04 17:00:10 +0900)
--output/tsv/hgnc-lrg.tsv (2026-09-05 03:53:54 +0900)
latest-prerequisite time: 2026-09-05 03:53:54 +0900
................................

Rule for TTL (output/ttl/relation/hgnc-mgi_gene.ttl)
------------------------------
Investigating output/ttl/relation/hgnc-mgi_gene.ttl
class: Rake::FileTask
task needed: true
timestamp: 2026-09-05 15:43:18 +0900
pre-requisites: 
--output/ttl/relation/ (<EARLY TIME>)
--config/dataset.yaml (2026-09-04 17:00:10 +0900)
--output/tsv/hgnc-mgi_gene.tsv (2026-09-05 03:53:54 +0900)
latest-prerequisite time: 2026-09-05 03:53:54 +0900
................................

Rule for TTL (output/ttl/relation/hgnc-mirbase.ttl)
------------------------------
Investigating output/ttl/relation/hgnc-mirbase.ttl
class: Rake::FileTask
task needed: true
timestamp: 2026-09-05 15:43:19 +0900
pre-requisites: 
--output/ttl/relation/ (<EARLY TIME>)
--config/dataset.yaml (2026-09-04 17:00:10 +0900)
--output/tsv/hgnc-mirbase.tsv (2026-09-05 03:53:55 +0900)
latest-prerequisite time: 2026-09-05 03:53:55 +0900
................................

Rule for TTL (output/ttl/relation/hgnc-ncbigene.ttl)
------------------------------
Investigating output/ttl/relation/hgnc-ncbigene.ttl
class: Rake::FileTask
task needed: true
timestamp: 2026-09-05 15:43:19 +0900
pre-requisites: 
--output/ttl/relation/ (<EARLY TIME>)
--config/dataset.yaml (2026-09-04 17:00:10 +0900)
--output/tsv/hgnc-ncbigene.tsv (2026-09-05 03:53:55 +0900)
latest-prerequisite time: 2026-09-05 03:53:55 +0900
................................

Rule for TTL (output/ttl/relation/hgnc-omim_gene.ttl)
------------------------------
Investigating output/ttl/relation/hgnc-omim_gene.ttl
class: Rake::FileTask
task needed: true
timestamp: 2026-09-05 15:43:19 +0900
pre-requisites: 
--output/ttl/relation/ (<EARLY TIME>)
--config/dataset.yaml (2026-09-04 17:00:10 +0900)
--output/tsv/hgnc-omim_gene.tsv (2026-09-05 03:53:55 +0900)
latest-prerequisite time: 2026-09-05 03:53:55 +0900
................................

Rule for TTL (output/ttl/relation/hgnc-pubmed.ttl)
------------------------------
Investigating output/ttl/relation/hgnc-pubmed.ttl
class: Rake::FileTask
task needed: true
timestamp: 2026-09-05 15:43:20 +0900
pre-requisites: 
--output/ttl/relation/ (<EARLY TIME>)
--config/dataset.yaml (2026-09-04 17:00:10 +0900)
--output/tsv/hgnc-pubmed.tsv (2026-09-05 03:53:56 +0900)
latest-prerequisite time: 2026-09-05 03:53:56 +0900
................................

Rule for TTL (output/ttl/relation/hgnc-refseq_genomic.ttl)
------------------------------
Investigating output/ttl/relation/hgnc-refseq_genomic.ttl
class: Rake::FileTask
task needed: true
timestamp: 2026-09-05 15:43:20 +0900
pre-requisites: 
--output/ttl/relation/ (<EARLY TIME>)
--config/dataset.yaml (2026-09-04 17:00:10 +0900)
--output/tsv/hgnc-refseq_genomic.tsv (2026-09-05 03:53:56 +0900)
latest-prerequisite time: 2026-09-05 03:53:56 +0900
................................

Rule for TTL (output/ttl/relation/hgnc-refseq_rna.ttl)
------------------------------
Investigating output/ttl/relation/hgnc-refseq_rna.ttl
class: Rake::FileTask
task needed: true
timestamp: 2026-09-05 15:43:20 +0900
pre-requisites: 
--output/ttl/relation/ (<EARLY TIME>)
--config/dataset.yaml (2026-09-04 17:00:10 +0900)
--output/tsv/hgnc-refseq_rna.tsv (2026-09-05 03:53:57 +0900)
latest-prerequisite time: 2026-09-05 03:53:57 +0900
................................

Rule for TTL (output/ttl/relation/hgnc-rgd.ttl)
------------------------------
Investigating output/ttl/relation/hgnc-rgd.ttl
class: Rake::FileTask
task needed: true
timestamp: 2026-09-05 15:43:20 +0900
pre-requisites: 
--output/ttl/relation/ (<EARLY TIME>)
--config/dataset.yaml (2026-09-04 17:00:10 +0900)
--output/tsv/hgnc-rgd.tsv (2026-09-05 03:53:57 +0900)
latest-prerequisite time: 2026-09-05 03:53:57 +0900
................................

Rule for TTL (output/ttl/relation/hgnc-uniprot.ttl)
------------------------------
Investigating output/ttl/relation/hgnc-uniprot.ttl
class: Rake::FileTask
task needed: true
timestamp: 2026-09-05 15:43:21 +0900
pre-requisites: 
--output/ttl/relation/ (<EARLY TIME>)
--config/dataset.yaml (2026-09-04 17:00:10 +0900)
--output/tsv/hgnc-uniprot.tsv (2026-09-05 03:53:57 +0900)
latest-prerequisite time: 2026-09-05 03:53:57 +0900
................................

Rule for TTL (output/ttl/relation/hmdb-chebi.ttl)
------------------------------
Investigating output/ttl/relation/hmdb-chebi.ttl
class: Rake::FileTask
task needed: true
timestamp: 2023-07-08 10:23:14 +0900
pre-requisites: 
--output/ttl/relation/ (<EARLY TIME>)
--output/tsv/hmdb-chebi.tsv (2023-07-03 13:03:28 +0900)
--config/dataset.yaml (2026-09-04 17:00:10 +0900)
latest-prerequisite time: 2026-09-04 17:00:10 +0900
................................

Rule for TTL (output/ttl/relation/hmdb-inchi_key.ttl)
------------------------------
Investigating output/ttl/relation/hmdb-inchi_key.ttl
class: Rake::FileTask
task needed: true
timestamp: 2023-07-08 10:23:16 +0900
pre-requisites: 
--output/ttl/relation/ (<EARLY TIME>)
--output/tsv/hmdb-inchi_key.tsv (2023-07-03 13:03:51 +0900)
--config/dataset.yaml (2026-09-04 17:00:10 +0900)
latest-prerequisite time: 2026-09-04 17:00:10 +0900
................................

Rule for TTL (output/ttl/relation/hmdb-pdb_ccd.ttl)
------------------------------
Investigating output/ttl/relation/hmdb-pdb_ccd.ttl
class: Rake::FileTask
task needed: true
timestamp: 2024-01-20 06:03:41 +0900
pre-requisites: 
--output/ttl/relation/ (<EARLY TIME>)
--output/tsv/hmdb-pdb_ccd.tsv (2024-01-20 02:10:47 +0900)
--config/dataset.yaml (2026-09-04 17:00:10 +0900)
latest-prerequisite time: 2026-09-04 17:00:10 +0900
................................

Rule for TTL (output/ttl/relation/hmdb-pubchem_compound.ttl)
------------------------------
Investigating output/ttl/relation/hmdb-pubchem_compound.ttl
class: Rake::FileTask
task needed: true
timestamp: 2023-07-08 10:23:17 +0900
pre-requisites: 
--output/ttl/relation/ (<EARLY TIME>)
--output/tsv/hmdb-pubchem_compound.tsv (2023-07-03 13:06:27 +0900)
--config/dataset.yaml (2026-09-04 17:00:10 +0900)
latest-prerequisite time: 2026-09-04 17:00:10 +0900
................................

Rule for TTL (output/ttl/relation/homologene-ncbigene.ttl)
------------------------------
Investigating output/ttl/relation/homologene-ncbigene.ttl
class: Rake::FileTask
task needed: true
timestamp: 2023-06-02 20:54:15 +0900
pre-requisites: 
--output/ttl/relation/ (<EARLY TIME>)
--output/tsv/homologene-ncbigene.tsv (2023-06-02 19:58:16 +0900)
--config/dataset.yaml (2026-09-04 17:00:10 +0900)
latest-prerequisite time: 2026-09-04 17:00:10 +0900
................................

Rule for TTL (output/ttl/relation/hp_phenotype-omim_phenotype.ttl)
------------------------------
Investigating output/ttl/relation/hp_phenotype-omim_phenotype.ttl
class: Rake::FileTask
task needed: true
timestamp: 2026-09-05 15:43:22 +0900
pre-requisites: 
--output/ttl/relation/ (<EARLY TIME>)
--config/dataset.yaml (2026-09-04 17:00:10 +0900)
--output/tsv/hp_phenotype-omim_phenotype.tsv (2026-09-05 03:53:59 +0900)
latest-prerequisite time: 2026-09-05 03:53:59 +0900
................................

Rule for TTL (output/ttl/relation/hp_phenotype-orphanet_phenotype.ttl)
------------------------------
Investigating output/ttl/relation/hp_phenotype-orphanet_phenotype.ttl
class: Rake::FileTask
task needed: true
timestamp: 2026-09-05 15:43:22 +0900
pre-requisites: 
--output/ttl/relation/ (<EARLY TIME>)
--config/dataset.yaml (2026-09-04 17:00:10 +0900)
--output/tsv/hp_phenotype-orphanet_phenotype.tsv (2026-09-05 03:53:59 +0900)
latest-prerequisite time: 2026-09-05 03:53:59 +0900
................................

Rule for TTL (output/ttl/relation/interpro-go.ttl)
------------------------------
Investigating output/ttl/relation/interpro-go.ttl
class: Rake::FileTask
task needed: true
timestamp: 2026-09-05 16:20:04 +0900
pre-requisites: 
--output/ttl/relation/ (<EARLY TIME>)
--config/dataset.yaml (2026-09-04 17:00:10 +0900)
--output/tsv/interpro-go.tsv (2026-09-05 03:55:36 +0900)
latest-prerequisite time: 2026-09-05 03:55:36 +0900
................................

Rule for TTL (output/ttl/relation/interpro-pdb.ttl)
------------------------------
Investigating output/ttl/relation/interpro-pdb.ttl
class: Rake::FileTask
task needed: true
timestamp: 2026-09-05 16:20:14 +0900
pre-requisites: 
--output/ttl/relation/ (<EARLY TIME>)
--config/dataset.yaml (2026-09-04 17:00:10 +0900)
--output/tsv/interpro-pdb.tsv (2026-09-05 03:55:39 +0900)
latest-prerequisite time: 2026-09-05 03:55:39 +0900
................................

Rule for TTL (output/ttl/relation/interpro-pfam.ttl)
------------------------------
Investigating output/ttl/relation/interpro-pfam.ttl
class: Rake::FileTask
task needed: true
timestamp: 2026-09-05 16:20:14 +0900
pre-requisites: 
--output/ttl/relation/ (<EARLY TIME>)
--config/dataset.yaml (2026-09-04 17:00:10 +0900)
--output/tsv/interpro-pfam.tsv (2026-09-05 03:55:40 +0900)
latest-prerequisite time: 2026-09-05 03:55:40 +0900
................................

Rule for TTL (output/ttl/relation/interpro-prosite.ttl)
------------------------------
Investigating output/ttl/relation/interpro-prosite.ttl
class: Rake::FileTask
task needed: true
timestamp: 2026-09-05 16:20:15 +0900
pre-requisites: 
--output/ttl/relation/ (<EARLY TIME>)
--config/dataset.yaml (2026-09-04 17:00:10 +0900)
--output/tsv/interpro-prosite.tsv (2026-09-05 03:55:41 +0900)
latest-prerequisite time: 2026-09-05 03:55:41 +0900
................................

Rule for TTL (output/ttl/relation/interpro-pubmed.ttl)
------------------------------
Investigating output/ttl/relation/interpro-pubmed.ttl
class: Rake::FileTask
task needed: true
timestamp: 2026-09-05 16:20:15 +0900
pre-requisites: 
--output/ttl/relation/ (<EARLY TIME>)
--config/dataset.yaml (2026-09-04 17:00:10 +0900)
--output/tsv/interpro-pubmed.tsv (2026-09-05 03:55:43 +0900)
latest-prerequisite time: 2026-09-05 03:55:43 +0900
................................

Rule for TTL (output/ttl/relation/interpro-reactome_pathway.ttl)
------------------------------
Investigating output/ttl/relation/interpro-reactome_pathway.ttl
class: Rake::FileTask
task needed: true
timestamp: 2026-09-05 16:20:18 +0900
pre-requisites: 
--output/ttl/relation/ (<EARLY TIME>)
--config/dataset.yaml (2026-09-04 17:00:10 +0900)
--output/tsv/interpro-reactome_pathway.tsv (2026-09-05 03:55:44 +0900)
latest-prerequisite time: 2026-09-05 03:55:44 +0900
................................

Rule for TTL (output/ttl/relation/interpro-smart.ttl)
------------------------------
Investigating output/ttl/relation/interpro-smart.ttl
class: Rake::FileTask
task needed: true
timestamp: 2026-09-05 16:20:18 +0900
pre-requisites: 
--output/ttl/relation/ (<EARLY TIME>)
--config/dataset.yaml (2026-09-04 17:00:10 +0900)
--output/tsv/interpro-smart.tsv (2026-09-05 03:55:45 +0900)
latest-prerequisite time: 2026-09-05 03:55:45 +0900
................................

Rule for TTL (output/ttl/relation/interpro-uniprot.ttl)
------------------------------
Investigating output/ttl/relation/interpro-uniprot.ttl
class: Rake::FileTask
task needed: true
timestamp: 2026-09-05 17:59:54 +0900
pre-requisites: 
--output/ttl/relation/ (<EARLY TIME>)
--config/dataset.yaml (2026-09-04 17:00:10 +0900)
--output/tsv/interpro-uniprot.tsv (2026-09-05 04:14:26 +0900)
latest-prerequisite time: 2026-09-05 04:14:26 +0900
................................

Rule for TTL (output/ttl/relation/lipidmaps-chebi.ttl)
------------------------------
Investigating output/ttl/relation/lipidmaps-chebi.ttl
class: Rake::FileTask
task needed: true
timestamp: 2026-09-05 18:00:01 +0900
pre-requisites: 
--output/ttl/relation/ (<EARLY TIME>)
--config/dataset.yaml (2026-09-04 17:00:10 +0900)
--output/tsv/lipidmaps-chebi.tsv (2026-09-05 04:14:27 +0900)
latest-prerequisite time: 2026-09-05 04:14:27 +0900
................................

Rule for TTL (output/ttl/relation/lipidmaps-inchi_key.ttl)
------------------------------
Investigating output/ttl/relation/lipidmaps-inchi_key.ttl
class: Rake::FileTask
task needed: true
timestamp: 2026-09-05 18:00:02 +0900
pre-requisites: 
--output/ttl/relation/ (<EARLY TIME>)
--config/dataset.yaml (2026-09-04 17:00:10 +0900)
--output/tsv/lipidmaps-inchi_key.tsv (2026-09-05 04:14:27 +0900)
latest-prerequisite time: 2026-09-05 04:14:27 +0900
................................

Rule for TTL (output/ttl/relation/lipidmaps-swisslipids.ttl)
------------------------------
Investigating output/ttl/relation/lipidmaps-swisslipids.ttl
class: Rake::FileTask
task needed: true
timestamp: 2026-09-05 18:00:02 +0900
pre-requisites: 
--output/ttl/relation/ (<EARLY TIME>)
--config/dataset.yaml (2026-09-04 17:00:10 +0900)
--output/tsv/lipidmaps-swisslipids.tsv (2026-09-05 04:14:28 +0900)
latest-prerequisite time: 2026-09-05 04:14:28 +0900
................................

Rule for TTL (output/ttl/relation/mbgd_gene-uniprot.ttl)
------------------------------
Investigating output/ttl/relation/mbgd_gene-uniprot.ttl
class: Rake::FileTask
task needed: true
timestamp: 2026-06-11 11:08:28 +0900
pre-requisites: 
--output/ttl/relation/ (<EARLY TIME>)
--output/tsv/mbgd_gene-uniprot.tsv (2024-10-18 22:08:10 +0900)
--config/dataset.yaml (2026-09-04 17:00:10 +0900)
latest-prerequisite time: 2026-09-04 17:00:10 +0900
................................

Rule for TTL (output/ttl/relation/mbgd_organism-taxonomy.ttl)
------------------------------
Investigating output/ttl/relation/mbgd_organism-taxonomy.ttl
class: Rake::FileTask
task needed: true
timestamp: 2024-10-19 02:48:53 +0900
pre-requisites: 
--output/ttl/relation/ (<EARLY TIME>)
--output/tsv/mbgd_organism-taxonomy.tsv (2024-10-18 22:08:10 +0900)
--config/dataset.yaml (2026-09-04 17:00:10 +0900)
latest-prerequisite time: 2026-09-04 17:00:10 +0900
................................

Rule for TTL (output/ttl/relation/mgi_gene-ensembl_gene.ttl)
------------------------------
Investigating output/ttl/relation/mgi_gene-ensembl_gene.ttl
class: Rake::FileTask
task needed: true
timestamp: 2026-09-05 18:00:04 +0900
pre-requisites: 
--output/ttl/relation/ (<EARLY TIME>)
--config/dataset.yaml (2026-09-04 17:00:10 +0900)
--output/tsv/mgi_gene-ensembl_gene.tsv (2026-09-05 04:14:35 +0900)
latest-prerequisite time: 2026-09-05 04:14:35 +0900
................................

Rule for TTL (output/ttl/relation/mgi_gene-hgnc.ttl)
------------------------------
Investigating output/ttl/relation/mgi_gene-hgnc.ttl
class: Rake::FileTask
task needed: true
timestamp: 2026-09-05 18:00:04 +0900
pre-requisites: 
--output/ttl/relation/ (<EARLY TIME>)
--config/dataset.yaml (2026-09-04 17:00:10 +0900)
--output/tsv/mgi_gene-hgnc.tsv (2026-09-05 04:14:36 +0900)
latest-prerequisite time: 2026-09-05 04:14:36 +0900
................................

Rule for TTL (output/ttl/relation/mgi_gene-mgi_allele.ttl)
------------------------------
Investigating output/ttl/relation/mgi_gene-mgi_allele.ttl
class: Rake::FileTask
task needed: true
timestamp: 2026-09-05 18:00:05 +0900
pre-requisites: 
--output/ttl/relation/ (<EARLY TIME>)
--config/dataset.yaml (2026-09-04 17:00:10 +0900)
--output/tsv/mgi_gene-mgi_allele.tsv (2026-09-05 04:14:37 +0900)
latest-prerequisite time: 2026-09-05 04:14:37 +0900
................................

Rule for TTL (output/ttl/relation/mgi_gene-ncbigene.ttl)
------------------------------
Investigating output/ttl/relation/mgi_gene-ncbigene.ttl
class: Rake::FileTask
task needed: true
timestamp: 2026-09-05 18:00:05 +0900
pre-requisites: 
--output/ttl/relation/ (<EARLY TIME>)
--config/dataset.yaml (2026-09-04 17:00:10 +0900)
--output/tsv/mgi_gene-ncbigene.tsv (2026-09-05 04:14:38 +0900)
latest-prerequisite time: 2026-09-05 04:14:38 +0900
................................

Rule for TTL (output/ttl/relation/mgi_gene-uniprot.ttl)
------------------------------
Investigating output/ttl/relation/mgi_gene-uniprot.ttl
class: Rake::FileTask
task needed: true
timestamp: 2026-09-05 18:00:06 +0900
pre-requisites: 
--output/ttl/relation/ (<EARLY TIME>)
--config/dataset.yaml (2026-09-04 17:00:10 +0900)
--output/tsv/mgi_gene-uniprot.tsv (2026-09-05 04:14:38 +0900)
latest-prerequisite time: 2026-09-05 04:14:38 +0900
................................

Rule for TTL (output/ttl/relation/mgi_genotype-doid.ttl)
------------------------------
Investigating output/ttl/relation/mgi_genotype-doid.ttl
class: Rake::FileTask
task needed: true
timestamp: 2026-08-08 03:35:15 +0900
pre-requisites: 
--output/ttl/relation/ (<EARLY TIME>)
--output/tsv/mgi_genotype-doid.tsv (2026-08-07 22:17:52 +0900)
--config/dataset.yaml (2026-09-04 17:00:10 +0900)
latest-prerequisite time: 2026-09-04 17:00:10 +0900
................................

Rule for TTL (output/ttl/relation/mgi_genotype-mgi_allele.ttl)
------------------------------
Investigating output/ttl/relation/mgi_genotype-mgi_allele.ttl
class: Rake::FileTask
task needed: true
timestamp: 2026-08-08 03:35:16 +0900
pre-requisites: 
--output/ttl/relation/ (<EARLY TIME>)
--output/tsv/mgi_genotype-mgi_allele.tsv (2026-08-07 22:17:53 +0900)
--config/dataset.yaml (2026-09-04 17:00:10 +0900)
latest-prerequisite time: 2026-09-04 17:00:10 +0900
................................

Rule for TTL (output/ttl/relation/mgi_genotype-mp.ttl)
------------------------------
Investigating output/ttl/relation/mgi_genotype-mp.ttl
class: Rake::FileTask
task needed: true
timestamp: 2026-08-08 03:35:18 +0900
pre-requisites: 
--output/ttl/relation/ (<EARLY TIME>)
--output/tsv/mgi_genotype-mp.tsv (2026-08-07 22:17:55 +0900)
--config/dataset.yaml (2026-09-04 17:00:10 +0900)
latest-prerequisite time: 2026-09-04 17:00:10 +0900
................................

Rule for TTL (output/ttl/relation/mirbase-mirbase_mature.ttl)
------------------------------
Investigating output/ttl/relation/mirbase-mirbase_mature.ttl
class: Rake::FileTask
task needed: true
timestamp: 2026-09-05 18:00:06 +0900
pre-requisites: 
--output/ttl/relation/ (<EARLY TIME>)
--config/dataset.yaml (2026-09-04 17:00:10 +0900)
--output/tsv/mirbase-mirbase_mature.tsv (2026-09-05 04:14:38 +0900)
latest-prerequisite time: 2026-09-05 04:14:38 +0900
................................

Rule for TTL (output/ttl/relation/ncbigene-ensembl_gene.ttl)
------------------------------
Investigating output/ttl/relation/ncbigene-ensembl_gene.ttl
class: Rake::FileTask
task needed: true
timestamp: 2026-09-05 18:01:31 +0900
pre-requisites: 
--output/ttl/relation/ (<EARLY TIME>)
--config/dataset.yaml (2026-09-04 17:00:10 +0900)
--output/tsv/ncbigene-ensembl_gene.tsv (2026-09-05 04:15:18 +0900)
latest-prerequisite time: 2026-09-05 04:15:18 +0900
................................

Rule for TTL (output/ttl/relation/ncbigene-ensembl_protein.ttl)
------------------------------
Investigating output/ttl/relation/ncbigene-ensembl_protein.ttl
class: Rake::FileTask
task needed: true
timestamp: 2026-09-05 18:03:06 +0900
pre-requisites: 
--output/ttl/relation/ (<EARLY TIME>)
--config/dataset.yaml (2026-09-04 17:00:10 +0900)
--output/tsv/ncbigene-ensembl_protein.tsv (2026-09-05 04:16:33 +0900)
latest-prerequisite time: 2026-09-05 04:16:33 +0900
................................

Rule for TTL (output/ttl/relation/ncbigene-ensembl_transcript.ttl)
------------------------------
Investigating output/ttl/relation/ncbigene-ensembl_transcript.ttl
class: Rake::FileTask
task needed: true
timestamp: 2026-09-05 18:04:50 +0900
pre-requisites: 
--output/ttl/relation/ (<EARLY TIME>)
--config/dataset.yaml (2026-09-04 17:00:10 +0900)
--output/tsv/ncbigene-ensembl_transcript.tsv (2026-09-05 04:17:42 +0900)
latest-prerequisite time: 2026-09-05 04:17:42 +0900
................................

Rule for TTL (output/ttl/relation/ncbigene-flybase_gene.ttl)
------------------------------
Investigating output/ttl/relation/ncbigene-flybase_gene.ttl
class: Rake::FileTask
task needed: true
timestamp: 2026-09-05 18:04:51 +0900
pre-requisites: 
--output/ttl/relation/ (<EARLY TIME>)
--config/dataset.yaml (2026-09-04 17:00:10 +0900)
--output/tsv/ncbigene-flybase_gene.tsv (2026-09-05 04:19:09 +0900)
latest-prerequisite time: 2026-09-05 04:19:09 +0900
................................

Rule for TTL (output/ttl/relation/ncbigene-go.ttl)
------------------------------
Investigating output/ttl/relation/ncbigene-go.ttl
class: Rake::FileTask
task needed: true
timestamp: 2026-09-05 18:20:08 +0900
pre-requisites: 
--output/ttl/relation/ (<EARLY TIME>)
--config/dataset.yaml (2026-09-04 17:00:10 +0900)
--output/tsv/ncbigene-go.tsv (2026-09-05 04:25:31 +0900)
latest-prerequisite time: 2026-09-05 04:25:31 +0900
................................

Rule for TTL (output/ttl/relation/ncbigene-hgnc.ttl)
------------------------------
Investigating output/ttl/relation/ncbigene-hgnc.ttl
class: Rake::FileTask
task needed: true
timestamp: 2026-09-05 18:20:11 +0900
pre-requisites: 
--output/ttl/relation/ (<EARLY TIME>)
--config/dataset.yaml (2026-09-04 17:00:10 +0900)
--output/tsv/ncbigene-hgnc.tsv (2026-09-05 04:25:31 +0900)
latest-prerequisite time: 2026-09-05 04:25:31 +0900
................................

Rule for TTL (output/ttl/relation/ncbigene-mgi_gene.ttl)
------------------------------
Investigating output/ttl/relation/ncbigene-mgi_gene.ttl
class: Rake::FileTask
task needed: true
timestamp: 2026-09-05 18:20:11 +0900
pre-requisites: 
--output/ttl/relation/ (<EARLY TIME>)
--config/dataset.yaml (2026-09-04 17:00:10 +0900)
--output/tsv/ncbigene-mgi_gene.tsv (2026-09-05 04:26:45 +0900)
latest-prerequisite time: 2026-09-05 04:26:45 +0900
................................

Rule for TTL (output/ttl/relation/ncbigene-mirbase.ttl)
------------------------------
Investigating output/ttl/relation/ncbigene-mirbase.ttl
class: Rake::FileTask
task needed: true
timestamp: 2026-09-05 18:20:12 +0900
pre-requisites: 
--output/ttl/relation/ (<EARLY TIME>)
--config/dataset.yaml (2026-09-04 17:00:10 +0900)
--output/tsv/ncbigene-mirbase.tsv (2026-09-05 04:28:45 +0900)
latest-prerequisite time: 2026-09-05 04:28:45 +0900
................................

Rule for TTL (output/ttl/relation/ncbigene-omim_gene.ttl)
------------------------------
Investigating output/ttl/relation/ncbigene-omim_gene.ttl
class: Rake::FileTask
task needed: true
timestamp: 2026-09-05 18:20:12 +0900
pre-requisites: 
--output/ttl/relation/ (<EARLY TIME>)
--config/dataset.yaml (2026-09-04 17:00:10 +0900)
--output/tsv/ncbigene-omim_gene.tsv (2026-09-05 04:28:45 +0900)
latest-prerequisite time: 2026-09-05 04:28:45 +0900
................................

Rule for TTL (output/ttl/relation/ncbigene-refseq_genomic.ttl)
------------------------------
Investigating output/ttl/relation/ncbigene-refseq_genomic.ttl
class: Rake::FileTask
task needed: true
timestamp: 2026-09-05 18:20:13 +0900
pre-requisites: 
--output/ttl/relation/ (<EARLY TIME>)
--config/dataset.yaml (2026-09-04 17:00:10 +0900)
--output/tsv/ncbigene-refseq_genomic.tsv (2026-09-05 04:33:18 +0900)
latest-prerequisite time: 2026-09-05 04:33:18 +0900
................................

Rule for TTL (output/ttl/relation/ncbigene-refseq_protein.ttl)
------------------------------
Investigating output/ttl/relation/ncbigene-refseq_protein.ttl
class: Rake::FileTask
task needed: true
timestamp: 2026-09-05 18:31:41 +0900
pre-requisites: 
--output/ttl/relation/ (<EARLY TIME>)
--config/dataset.yaml (2026-09-04 17:00:10 +0900)
--output/tsv/ncbigene-refseq_protein.tsv (2026-09-05 04:38:35 +0900)
latest-prerequisite time: 2026-09-05 04:38:35 +0900
................................

Rule for TTL (output/ttl/relation/ncbigene-refseq_rna.ttl)
------------------------------
Investigating output/ttl/relation/ncbigene-refseq_rna.ttl
class: Rake::FileTask
task needed: true
timestamp: 2026-09-05 18:41:53 +0900
pre-requisites: 
--output/ttl/relation/ (<EARLY TIME>)
--config/dataset.yaml (2026-09-04 17:00:10 +0900)
--output/tsv/ncbigene-refseq_rna.tsv (2026-09-05 04:43:07 +0900)
latest-prerequisite time: 2026-09-05 04:43:07 +0900
................................

Rule for TTL (output/ttl/relation/ncbigene-rgd.ttl)
------------------------------
Investigating output/ttl/relation/ncbigene-rgd.ttl
class: Rake::FileTask
task needed: true
timestamp: 2026-09-05 18:41:58 +0900
pre-requisites: 
--output/ttl/relation/ (<EARLY TIME>)
--config/dataset.yaml (2026-09-04 17:00:10 +0900)
--output/tsv/ncbigene-rgd.tsv (2026-09-05 04:44:20 +0900)
latest-prerequisite time: 2026-09-05 04:44:20 +0900
................................

Rule for TTL (output/ttl/relation/ncbigene-sgd.ttl)
------------------------------
Investigating output/ttl/relation/ncbigene-sgd.ttl
class: Rake::FileTask
task needed: true
timestamp: 2026-09-05 18:41:58 +0900
pre-requisites: 
--output/ttl/relation/ (<EARLY TIME>)
--config/dataset.yaml (2026-09-04 17:00:10 +0900)
--output/tsv/ncbigene-sgd.tsv (2026-09-05 04:45:45 +0900)
latest-prerequisite time: 2026-09-05 04:45:45 +0900
................................

Rule for TTL (output/ttl/relation/ncbigene-tair.ttl)
------------------------------
Investigating output/ttl/relation/ncbigene-tair.ttl
class: Rake::FileTask
task needed: true
timestamp: 2026-09-05 18:41:58 +0900
pre-requisites: 
--output/ttl/relation/ (<EARLY TIME>)
--config/dataset.yaml (2026-09-04 17:00:10 +0900)
--output/tsv/ncbigene-tair.tsv (2026-09-05 04:47:10 +0900)
latest-prerequisite time: 2026-09-05 04:47:10 +0900
................................

Rule for TTL (output/ttl/relation/ncbigene-taxonomy.ttl)
------------------------------
Investigating output/ttl/relation/ncbigene-taxonomy.ttl
class: Rake::FileTask
task needed: true
timestamp: 2026-09-05 18:49:49 +0900
pre-requisites: 
--output/ttl/relation/ (<EARLY TIME>)
--config/dataset.yaml (2026-09-04 17:00:10 +0900)
--output/tsv/ncbigene-taxonomy.tsv (2026-09-05 04:47:59 +0900)
latest-prerequisite time: 2026-09-05 04:47:59 +0900
................................

Rule for TTL (output/ttl/relation/ncbigene-vgnc.ttl)
------------------------------
Investigating output/ttl/relation/ncbigene-vgnc.ttl
class: Rake::FileTask
task needed: true
timestamp: 2026-09-05 18:49:51 +0900
pre-requisites: 
--output/ttl/relation/ (<EARLY TIME>)
--config/dataset.yaml (2026-09-04 17:00:10 +0900)
--output/tsv/ncbigene-vgnc.tsv (2026-09-05 04:49:24 +0900)
latest-prerequisite time: 2026-09-05 04:49:24 +0900
................................

Rule for TTL (output/ttl/relation/ncbigene-wormbase_gene.ttl)
------------------------------
Investigating output/ttl/relation/ncbigene-wormbase_gene.ttl
class: Rake::FileTask
task needed: true
timestamp: 2026-09-05 18:49:52 +0900
pre-requisites: 
--output/ttl/relation/ (<EARLY TIME>)
--config/dataset.yaml (2026-09-04 17:00:10 +0900)
--output/tsv/ncbigene-wormbase_gene.tsv (2026-09-05 04:50:50 +0900)
latest-prerequisite time: 2026-09-05 04:50:50 +0900
................................

Rule for TTL (output/ttl/relation/ncbigene-xenbase_gene.ttl)
------------------------------
Investigating output/ttl/relation/ncbigene-xenbase_gene.ttl
class: Rake::FileTask
task needed: true
timestamp: 2026-09-05 18:49:52 +0900
pre-requisites: 
--output/ttl/relation/ (<EARLY TIME>)
--config/dataset.yaml (2026-09-04 17:00:10 +0900)
--output/tsv/ncbigene-xenbase_gene.tsv (2026-09-05 04:52:15 +0900)
latest-prerequisite time: 2026-09-05 04:52:15 +0900
................................

Rule for TTL (output/ttl/relation/ncbigene-zfin_gene.ttl)
------------------------------
Investigating output/ttl/relation/ncbigene-zfin_gene.ttl
class: Rake::FileTask
task needed: true
timestamp: 2026-09-05 18:49:52 +0900
pre-requisites: 
--output/ttl/relation/ (<EARLY TIME>)
--config/dataset.yaml (2026-09-04 17:00:10 +0900)
--output/tsv/ncbigene-zfin_gene.tsv (2026-09-05 04:53:40 +0900)
latest-prerequisite time: 2026-09-05 04:53:40 +0900
................................

Rule for TTL (output/ttl/relation/oma_protein-ensembl_gene.ttl)
------------------------------
Investigating output/ttl/relation/oma_protein-ensembl_gene.ttl
class: Rake::FileTask
task needed: true
timestamp: 2025-04-25 15:32:54 +0900
pre-requisites: 
--output/ttl/relation/ (<EARLY TIME>)
--output/tsv/oma_protein-ensembl_gene.tsv (2025-04-25 00:23:37 +0900)
--config/dataset.yaml (2026-09-04 17:00:10 +0900)
latest-prerequisite time: 2026-09-04 17:00:10 +0900
................................

Rule for TTL (output/ttl/relation/oma_protein-ensembl_transcript.ttl)
------------------------------
Investigating output/ttl/relation/oma_protein-ensembl_transcript.ttl
class: Rake::FileTask
task needed: true
timestamp: 2026-08-08 04:25:47 +0900
pre-requisites: 
--output/ttl/relation/ (<EARLY TIME>)
--output/tsv/oma_protein-ensembl_transcript.tsv (2026-08-07 23:06:42 +0900)
--config/dataset.yaml (2026-09-04 17:00:10 +0900)
latest-prerequisite time: 2026-09-04 17:00:10 +0900
................................

Rule for TTL (output/ttl/relation/oma_protein-ncbigene.ttl)
------------------------------
Investigating output/ttl/relation/oma_protein-ncbigene.ttl
class: Rake::FileTask
task needed: true
timestamp: 2026-08-08 04:26:49 +0900
pre-requisites: 
--output/ttl/relation/ (<EARLY TIME>)
--output/tsv/oma_protein-ncbigene.tsv (2026-08-07 23:07:23 +0900)
--config/dataset.yaml (2026-09-04 17:00:10 +0900)
latest-prerequisite time: 2026-09-04 17:00:10 +0900
................................

Rule for TTL (output/ttl/relation/oma_protein-uniprot.ttl)
------------------------------
Investigating output/ttl/relation/oma_protein-uniprot.ttl
class: Rake::FileTask
task needed: true
timestamp: 2026-08-08 04:28:38 +0900
pre-requisites: 
--output/ttl/relation/ (<EARLY TIME>)
--output/tsv/oma_protein-uniprot.tsv (2026-08-07 23:07:31 +0900)
--config/dataset.yaml (2026-09-04 17:00:10 +0900)
latest-prerequisite time: 2026-09-04 17:00:10 +0900
................................

Rule for TTL (output/ttl/relation/orphanet_phenotype-meddra.ttl)
------------------------------
Investigating output/ttl/relation/orphanet_phenotype-meddra.ttl
class: Rake::FileTask
task needed: true
timestamp: 2026-09-05 18:49:54 +0900
pre-requisites: 
--output/ttl/relation/ (<EARLY TIME>)
--config/dataset.yaml (2026-09-04 17:00:10 +0900)
--output/tsv/orphanet_phenotype-meddra.tsv (2026-09-05 04:55:36 +0900)
latest-prerequisite time: 2026-09-05 04:55:36 +0900
................................

Rule for TTL (output/ttl/relation/orphanet_phenotype-mesh.ttl)
------------------------------
Investigating output/ttl/relation/orphanet_phenotype-mesh.ttl
class: Rake::FileTask
task needed: true
timestamp: 2026-09-05 18:49:54 +0900
pre-requisites: 
--output/ttl/relation/ (<EARLY TIME>)
--config/dataset.yaml (2026-09-04 17:00:10 +0900)
--output/tsv/orphanet_phenotype-mesh.tsv (2026-09-05 04:55:37 +0900)
latest-prerequisite time: 2026-09-05 04:55:37 +0900
................................

Rule for TTL (output/ttl/relation/orphanet_phenotype-omim_phenotype.ttl)
------------------------------
Investigating output/ttl/relation/orphanet_phenotype-omim_phenotype.ttl
class: Rake::FileTask
task needed: true
timestamp: 2026-09-05 18:49:54 +0900
pre-requisites: 
--output/ttl/relation/ (<EARLY TIME>)
--config/dataset.yaml (2026-09-04 17:00:10 +0900)
--output/tsv/orphanet_phenotype-omim_phenotype.tsv (2026-09-05 04:55:37 +0900)
latest-prerequisite time: 2026-09-05 04:55:37 +0900
................................

Rule for TTL (output/ttl/relation/orphanet_phenotype-orphanet_gene.ttl)
------------------------------
Investigating output/ttl/relation/orphanet_phenotype-orphanet_gene.ttl
class: Rake::FileTask
task needed: true
timestamp: 2026-09-05 18:49:54 +0900
pre-requisites: 
--output/ttl/relation/ (<EARLY TIME>)
--config/dataset.yaml (2026-09-04 17:00:10 +0900)
--output/tsv/orphanet_phenotype-orphanet_gene.tsv (2026-09-05 04:55:37 +0900)
latest-prerequisite time: 2026-09-05 04:55:37 +0900
................................

Rule for TTL (output/ttl/relation/pmc-pubmed.ttl)
------------------------------
Investigating output/ttl/relation/pmc-pubmed.ttl
class: Rake::FileTask
task needed: true
timestamp: 2026-09-05 18:51:13 +0900
pre-requisites: 
--output/ttl/relation/ (<EARLY TIME>)
--config/dataset.yaml (2026-09-04 17:00:10 +0900)
--output/tsv/pmc-pubmed.tsv (2026-09-05 05:01:58 +0900)
latest-prerequisite time: 2026-09-05 05:01:58 +0900
................................

Rule for TTL (output/ttl/relation/prosite-prosite_prorule.ttl)
------------------------------
Investigating output/ttl/relation/prosite-prosite_prorule.ttl
class: Rake::FileTask
task needed: true
timestamp: 2026-09-05 18:51:13 +0900
pre-requisites: 
--output/ttl/relation/ (<EARLY TIME>)
--config/dataset.yaml (2026-09-04 17:00:10 +0900)
--output/tsv/prosite-prosite_prorule.tsv (2026-09-05 05:01:59 +0900)
latest-prerequisite time: 2026-09-05 05:01:59 +0900
................................

Rule for TTL (output/ttl/relation/reactome_pathway-chebi.ttl)
------------------------------
Investigating output/ttl/relation/reactome_pathway-chebi.ttl
class: Rake::FileTask
task needed: true
timestamp: 2026-09-05 19:21:26 +0900
pre-requisites: 
--output/ttl/relation/ (<EARLY TIME>)
--config/dataset.yaml (2026-09-04 17:00:10 +0900)
--output/tsv/reactome_pathway-chebi.tsv (2026-09-05 05:08:49 +0900)
latest-prerequisite time: 2026-09-05 05:08:49 +0900
................................

Rule for TTL (output/ttl/relation/reactome_pathway-go.ttl)
------------------------------
Investigating output/ttl/relation/reactome_pathway-go.ttl
class: Rake::FileTask
task needed: true
timestamp: 2026-09-05 19:21:26 +0900
pre-requisites: 
--output/ttl/relation/ (<EARLY TIME>)
--config/dataset.yaml (2026-09-04 17:00:10 +0900)
--output/tsv/reactome_pathway-go.tsv (2026-09-05 05:08:49 +0900)
latest-prerequisite time: 2026-09-05 05:08:49 +0900
................................

Rule for TTL (output/ttl/relation/reactome_pathway-iuphar_ligand.ttl)
------------------------------
Investigating output/ttl/relation/reactome_pathway-iuphar_ligand.ttl
class: Rake::FileTask
task needed: true
timestamp: 2026-09-05 19:21:26 +0900
pre-requisites: 
--output/ttl/relation/ (<EARLY TIME>)
--config/dataset.yaml (2026-09-04 17:00:10 +0900)
--output/tsv/reactome_pathway-iuphar_ligand.tsv (2026-09-05 05:08:49 +0900)
latest-prerequisite time: 2026-09-05 05:08:49 +0900
................................

Rule for TTL (output/ttl/relation/reactome_pathway-mirbase.ttl)
------------------------------
Investigating output/ttl/relation/reactome_pathway-mirbase.ttl
class: Rake::FileTask
task needed: true
timestamp: 2026-09-05 19:21:27 +0900
pre-requisites: 
--output/ttl/relation/ (<EARLY TIME>)
--config/dataset.yaml (2026-09-04 17:00:10 +0900)
--output/tsv/reactome_pathway-mirbase.tsv (2026-09-05 05:08:50 +0900)
latest-prerequisite time: 2026-09-05 05:08:50 +0900
................................

Rule for TTL (output/ttl/relation/reactome_pathway-mirbase_mature.ttl)
------------------------------
Investigating output/ttl/relation/reactome_pathway-mirbase_mature.ttl
class: Rake::FileTask
task needed: true
timestamp: 2026-09-05 19:21:27 +0900
pre-requisites: 
--output/ttl/relation/ (<EARLY TIME>)
--config/dataset.yaml (2026-09-04 17:00:10 +0900)
--output/tsv/reactome_pathway-mirbase_mature.tsv (2026-09-05 05:08:50 +0900)
latest-prerequisite time: 2026-09-05 05:08:50 +0900
................................

Rule for TTL (output/ttl/relation/reactome_pathway-reactome_reaction.ttl)
------------------------------
Investigating output/ttl/relation/reactome_pathway-reactome_reaction.ttl
class: Rake::FileTask
task needed: true
timestamp: 2026-09-05 19:21:29 +0900
pre-requisites: 
--output/ttl/relation/ (<EARLY TIME>)
--config/dataset.yaml (2026-09-04 17:00:10 +0900)
--output/tsv/reactome_pathway-reactome_reaction.tsv (2026-09-05 05:08:51 +0900)
latest-prerequisite time: 2026-09-05 05:08:51 +0900
................................

Rule for TTL (output/ttl/relation/reactome_pathway-uniprot.ttl)
------------------------------
Investigating output/ttl/relation/reactome_pathway-uniprot.ttl
class: Rake::FileTask
task needed: true
timestamp: 2026-09-05 19:21:34 +0900
pre-requisites: 
--output/ttl/relation/ (<EARLY TIME>)
--config/dataset.yaml (2026-09-04 17:00:10 +0900)
--output/tsv/reactome_pathway-uniprot.tsv (2026-09-05 05:08:52 +0900)
latest-prerequisite time: 2026-09-05 05:08:52 +0900
................................

Rule for TTL (output/ttl/relation/reactome_reaction-chebi.ttl)
------------------------------
Investigating output/ttl/relation/reactome_reaction-chebi.ttl
class: Rake::FileTask
task needed: true
timestamp: 2026-09-05 19:21:35 +0900
pre-requisites: 
--output/ttl/relation/ (<EARLY TIME>)
--config/dataset.yaml (2026-09-04 17:00:10 +0900)
--output/tsv/reactome_reaction-chebi.tsv (2026-09-05 05:08:52 +0900)
latest-prerequisite time: 2026-09-05 05:08:52 +0900
................................

Rule for TTL (output/ttl/relation/reactome_reaction-go.ttl)
------------------------------
Investigating output/ttl/relation/reactome_reaction-go.ttl
class: Rake::FileTask
task needed: true
timestamp: 2026-09-05 19:21:35 +0900
pre-requisites: 
--output/ttl/relation/ (<EARLY TIME>)
--config/dataset.yaml (2026-09-04 17:00:10 +0900)
--output/tsv/reactome_reaction-go.tsv (2026-09-05 05:08:52 +0900)
latest-prerequisite time: 2026-09-05 05:08:52 +0900
................................

Rule for TTL (output/ttl/relation/reactome_reaction-iuphar_ligand.ttl)
------------------------------
Investigating output/ttl/relation/reactome_reaction-iuphar_ligand.ttl
class: Rake::FileTask
task needed: true
timestamp: 2026-09-05 19:21:36 +0900
pre-requisites: 
--output/ttl/relation/ (<EARLY TIME>)
--config/dataset.yaml (2026-09-04 17:00:10 +0900)
--output/tsv/reactome_reaction-iuphar_ligand.tsv (2026-09-05 05:08:52 +0900)
latest-prerequisite time: 2026-09-05 05:08:52 +0900
................................

Rule for TTL (output/ttl/relation/reactome_reaction-mirbase.ttl)
------------------------------
Investigating output/ttl/relation/reactome_reaction-mirbase.ttl
class: Rake::FileTask
task needed: true
timestamp: 2026-09-05 19:21:36 +0900
pre-requisites: 
--output/ttl/relation/ (<EARLY TIME>)
--config/dataset.yaml (2026-09-04 17:00:10 +0900)
--output/tsv/reactome_reaction-mirbase.tsv (2026-09-05 05:08:53 +0900)
latest-prerequisite time: 2026-09-05 05:08:53 +0900
................................

Rule for TTL (output/ttl/relation/reactome_reaction-mirbase_mature.ttl)
------------------------------
Investigating output/ttl/relation/reactome_reaction-mirbase_mature.ttl
class: Rake::FileTask
task needed: true
timestamp: 2026-09-05 19:21:36 +0900
pre-requisites: 
--output/ttl/relation/ (<EARLY TIME>)
--config/dataset.yaml (2026-09-04 17:00:10 +0900)
--output/tsv/reactome_reaction-mirbase_mature.tsv (2026-09-05 05:08:53 +0900)
latest-prerequisite time: 2026-09-05 05:08:53 +0900
................................

Rule for TTL (output/ttl/relation/reactome_reaction-uniprot.ttl)
------------------------------
Investigating output/ttl/relation/reactome_reaction-uniprot.ttl
class: Rake::FileTask
task needed: true
timestamp: 2026-09-05 19:21:39 +0900
pre-requisites: 
--output/ttl/relation/ (<EARLY TIME>)
--config/dataset.yaml (2026-09-04 17:00:10 +0900)
--output/tsv/reactome_reaction-uniprot.tsv (2026-09-05 05:08:54 +0900)
latest-prerequisite time: 2026-09-05 05:08:54 +0900
................................

Rule for TTL (output/ttl/relation/refseq_protein-taxonomy.ttl)
------------------------------
Investigating output/ttl/relation/refseq_protein-taxonomy.ttl
class: Rake::FileTask
task needed: true
timestamp: 2026-09-05 19:38:10 +0900
pre-requisites: 
--output/ttl/relation/ (<EARLY TIME>)
--config/dataset.yaml (2026-09-04 17:00:10 +0900)
--output/tsv/refseq_protein-taxonomy.tsv (2026-09-05 05:14:03 +0900)
latest-prerequisite time: 2026-09-05 05:14:03 +0900
................................

Rule for TTL (output/ttl/relation/refseq_protein-uniprot.ttl)
------------------------------
Investigating output/ttl/relation/refseq_protein-uniprot.ttl
class: Rake::FileTask
task needed: true
timestamp: 2026-09-05 20:00:02 +0900
pre-requisites: 
--output/ttl/relation/ (<EARLY TIME>)
--config/dataset.yaml (2026-09-04 17:00:10 +0900)
--output/tsv/refseq_protein-uniprot.tsv (2026-09-05 05:18:01 +0900)
latest-prerequisite time: 2026-09-05 05:18:01 +0900
................................

Rule for TTL (output/ttl/relation/refseq_rna-dbsnp.ttl)
------------------------------
Investigating output/ttl/relation/refseq_rna-dbsnp.ttl
class: Rake::FileTask
task needed: true
timestamp: 2026-07-18 14:23:15 +0900
pre-requisites: 
--output/ttl/relation/ (<EARLY TIME>)
--output/tsv/refseq_rna-dbsnp.tsv (2026-07-18 06:56:57 +0900)
--config/dataset.yaml (2026-09-04 17:00:10 +0900)
latest-prerequisite time: 2026-09-04 17:00:10 +0900
................................

Rule for TTL (output/ttl/relation/refseq_rna-hgnc.ttl)
------------------------------
Investigating output/ttl/relation/refseq_rna-hgnc.ttl
class: Rake::FileTask
task needed: true
timestamp: 2026-07-18 14:23:22 +0900
pre-requisites: 
--output/ttl/relation/ (<EARLY TIME>)
--output/tsv/refseq_rna-hgnc.tsv (2026-07-18 06:58:38 +0900)
--config/dataset.yaml (2026-09-04 17:00:10 +0900)
latest-prerequisite time: 2026-09-04 17:00:10 +0900
................................

Rule for TTL (output/ttl/relation/refseq_rna-ncbigene.ttl)
------------------------------
Investigating output/ttl/relation/refseq_rna-ncbigene.ttl
class: Rake::FileTask
task needed: true
timestamp: 2026-07-18 14:33:16 +0900
pre-requisites: 
--output/ttl/relation/ (<EARLY TIME>)
--output/tsv/refseq_rna-ncbigene.tsv (2026-07-18 07:02:26 +0900)
--config/dataset.yaml (2026-09-04 17:00:10 +0900)
latest-prerequisite time: 2026-09-04 17:00:10 +0900
................................

Rule for TTL (output/ttl/relation/refseq_rna-omim_gene.ttl)
------------------------------
Investigating output/ttl/relation/refseq_rna-omim_gene.ttl
class: Rake::FileTask
task needed: true
timestamp: 2026-07-18 14:33:18 +0900
pre-requisites: 
--output/ttl/relation/ (<EARLY TIME>)
--output/tsv/refseq_rna-omim_gene.tsv (2026-07-18 07:04:24 +0900)
--config/dataset.yaml (2026-09-04 17:00:10 +0900)
latest-prerequisite time: 2026-09-04 17:00:10 +0900
................................

Rule for TTL (output/ttl/relation/refseq_rna-pubmed.ttl)
------------------------------
Investigating output/ttl/relation/refseq_rna-pubmed.ttl
class: Rake::FileTask
task needed: true
timestamp: 2026-07-18 14:33:52 +0900
pre-requisites: 
--output/ttl/relation/ (<EARLY TIME>)
--output/tsv/refseq_rna-pubmed.tsv (2026-07-18 07:06:37 +0900)
--config/dataset.yaml (2026-09-04 17:00:10 +0900)
latest-prerequisite time: 2026-09-04 17:00:10 +0900
................................

Rule for TTL (output/ttl/relation/refseq_rna-refseq_protein.ttl)
------------------------------
Investigating output/ttl/relation/refseq_rna-refseq_protein.ttl
class: Rake::FileTask
task needed: true
timestamp: 2026-07-18 14:44:03 +0900
pre-requisites: 
--output/ttl/relation/ (<EARLY TIME>)
--output/tsv/refseq_rna-refseq_protein.tsv (2026-07-18 07:10:26 +0900)
--config/dataset.yaml (2026-09-04 17:00:10 +0900)
latest-prerequisite time: 2026-09-04 17:00:10 +0900
................................

Rule for TTL (output/ttl/relation/refseq_rna-taxonomy.ttl)
------------------------------
Investigating output/ttl/relation/refseq_rna-taxonomy.ttl
class: Rake::FileTask
task needed: true
timestamp: 2026-07-18 14:53:52 +0900
pre-requisites: 
--output/ttl/relation/ (<EARLY TIME>)
--output/tsv/refseq_rna-taxonomy.tsv (2026-07-18 07:14:08 +0900)
--config/dataset.yaml (2026-09-04 17:00:10 +0900)
latest-prerequisite time: 2026-09-04 17:00:10 +0900
................................

Rule for TTL (output/ttl/relation/rhea-chebi.ttl)
------------------------------
Investigating output/ttl/relation/rhea-chebi.ttl
class: Rake::FileTask
task needed: true
timestamp: 2026-09-05 20:00:06 +0900
pre-requisites: 
--output/ttl/relation/ (<EARLY TIME>)
--config/dataset.yaml (2026-09-04 17:00:10 +0900)
--output/tsv/rhea-chebi.tsv (2026-09-05 05:18:01 +0900)
latest-prerequisite time: 2026-09-05 05:18:01 +0900
................................

Rule for TTL (output/ttl/relation/rhea-ec.ttl)
------------------------------
Investigating output/ttl/relation/rhea-ec.ttl
class: Rake::FileTask
task needed: true
timestamp: 2026-09-05 20:00:06 +0900
pre-requisites: 
--output/ttl/relation/ (<EARLY TIME>)
--config/dataset.yaml (2026-09-04 17:00:10 +0900)
--output/tsv/rhea-ec.tsv (2026-09-05 05:18:01 +0900)
latest-prerequisite time: 2026-09-05 05:18:01 +0900
................................

Rule for TTL (output/ttl/relation/rhea-go.ttl)
------------------------------
Investigating output/ttl/relation/rhea-go.ttl
class: Rake::FileTask
task needed: true
timestamp: 2026-09-05 20:00:06 +0900
pre-requisites: 
--output/ttl/relation/ (<EARLY TIME>)
--config/dataset.yaml (2026-09-04 17:00:10 +0900)
--output/tsv/rhea-go.tsv (2026-09-05 05:18:02 +0900)
latest-prerequisite time: 2026-09-05 05:18:02 +0900
................................

Rule for TTL (output/ttl/relation/rhea-pubmed.ttl)
------------------------------
Investigating output/ttl/relation/rhea-pubmed.ttl
class: Rake::FileTask
task needed: true
timestamp: 2026-09-05 20:00:07 +0900
pre-requisites: 
--output/ttl/relation/ (<EARLY TIME>)
--config/dataset.yaml (2026-09-04 17:00:10 +0900)
--output/tsv/rhea-pubmed.tsv (2026-09-05 05:18:02 +0900)
latest-prerequisite time: 2026-09-05 05:18:02 +0900
................................

Rule for TTL (output/ttl/relation/rhea-reactome_reaction.ttl)
------------------------------
Investigating output/ttl/relation/rhea-reactome_reaction.ttl
class: Rake::FileTask
task needed: true
timestamp: 2026-09-05 20:00:07 +0900
pre-requisites: 
--output/ttl/relation/ (<EARLY TIME>)
--config/dataset.yaml (2026-09-04 17:00:10 +0900)
--output/tsv/rhea-reactome_reaction.tsv (2026-09-05 05:18:02 +0900)
latest-prerequisite time: 2026-09-05 05:18:02 +0900
................................

Rule for TTL (output/ttl/relation/rhea-uniprot.ttl)
------------------------------
Investigating output/ttl/relation/rhea-uniprot.ttl
class: Rake::FileTask
task needed: true
timestamp: 2026-09-05 20:03:37 +0900
pre-requisites: 
--output/ttl/relation/ (<EARLY TIME>)
--config/dataset.yaml (2026-09-04 17:00:10 +0900)
--output/tsv/rhea-uniprot.tsv (2026-09-05 05:18:27 +0900)
latest-prerequisite time: 2026-09-05 05:18:27 +0900
................................

Rule for TTL (output/ttl/relation/rnacentral-ensembl_transcript.ttl)
------------------------------
Investigating output/ttl/relation/rnacentral-ensembl_transcript.ttl
class: Rake::FileTask
task needed: true
timestamp: 2026-08-08 05:38:19 +0900
pre-requisites: 
--output/ttl/relation/ (<EARLY TIME>)
--output/tsv/rnacentral-ensembl_transcript.tsv (2026-08-07 23:32:22 +0900)
--config/dataset.yaml (2026-09-04 17:00:10 +0900)
latest-prerequisite time: 2026-09-04 17:00:10 +0900
................................

Rule for TTL (output/ttl/relation/rnacentral-flybase_transcript.ttl)
------------------------------
Investigating output/ttl/relation/rnacentral-flybase_transcript.ttl
class: Rake::FileTask
task needed: true
timestamp: 2026-08-08 05:38:19 +0900
pre-requisites: 
--output/ttl/relation/ (<EARLY TIME>)
--output/tsv/rnacentral-flybase_transcript.tsv (2026-08-07 23:34:27 +0900)
--config/dataset.yaml (2026-09-04 17:00:10 +0900)
latest-prerequisite time: 2026-09-04 17:00:10 +0900
................................

Rule for TTL (output/ttl/relation/rnacentral-hgnc.ttl)
------------------------------
Investigating output/ttl/relation/rnacentral-hgnc.ttl
class: Rake::FileTask
task needed: true
timestamp: 2026-08-08 05:38:19 +0900
pre-requisites: 
--output/ttl/relation/ (<EARLY TIME>)
--output/tsv/rnacentral-hgnc.tsv (2026-08-07 23:36:33 +0900)
--config/dataset.yaml (2026-09-04 17:00:10 +0900)
latest-prerequisite time: 2026-09-04 17:00:10 +0900
................................

Rule for TTL (output/ttl/relation/rnacentral-lncbook_gene.ttl)
------------------------------
Investigating output/ttl/relation/rnacentral-lncbook_gene.ttl
class: Rake::FileTask
task needed: true
timestamp: 2026-08-08 05:38:21 +0900
pre-requisites: 
--output/ttl/relation/ (<EARLY TIME>)
--output/tsv/rnacentral-lncbook_gene.tsv (2026-08-07 23:38:40 +0900)
--config/dataset.yaml (2026-09-04 17:00:10 +0900)
latest-prerequisite time: 2026-09-04 17:00:10 +0900
................................

Rule for TTL (output/ttl/relation/rnacentral-mgi_gene.ttl)
------------------------------
Investigating output/ttl/relation/rnacentral-mgi_gene.ttl
class: Rake::FileTask
task needed: true
timestamp: 2026-08-08 05:38:22 +0900
pre-requisites: 
--output/ttl/relation/ (<EARLY TIME>)
--output/tsv/rnacentral-mgi_gene.tsv (2026-08-07 23:40:46 +0900)
--config/dataset.yaml (2026-09-04 17:00:10 +0900)
latest-prerequisite time: 2026-09-04 17:00:10 +0900
................................

Rule for TTL (output/ttl/relation/rnacentral-mirbase.ttl)
------------------------------
Investigating output/ttl/relation/rnacentral-mirbase.ttl
class: Rake::FileTask
task needed: true
timestamp: 2026-08-08 05:38:22 +0900
pre-requisites: 
--output/ttl/relation/ (<EARLY TIME>)
--output/tsv/rnacentral-mirbase.tsv (2026-08-07 23:42:55 +0900)
--config/dataset.yaml (2026-09-04 17:00:10 +0900)
latest-prerequisite time: 2026-09-04 17:00:10 +0900
................................

Rule for TTL (output/ttl/relation/rnacentral-mirbase_mature.ttl)
------------------------------
Investigating output/ttl/relation/rnacentral-mirbase_mature.ttl
class: Rake::FileTask
task needed: true
timestamp: 2026-08-08 05:38:22 +0900
pre-requisites: 
--output/ttl/relation/ (<EARLY TIME>)
--output/tsv/rnacentral-mirbase_mature.tsv (2026-08-07 23:45:04 +0900)
--config/dataset.yaml (2026-09-04 17:00:10 +0900)
latest-prerequisite time: 2026-09-04 17:00:10 +0900
................................

Rule for TTL (output/ttl/relation/rnacentral-pdb.ttl)
------------------------------
Investigating output/ttl/relation/rnacentral-pdb.ttl
class: Rake::FileTask
task needed: true
timestamp: 2026-08-08 05:38:22 +0900
pre-requisites: 
--output/ttl/relation/ (<EARLY TIME>)
--output/tsv/rnacentral-pdb.tsv (2026-08-07 23:47:10 +0900)
--config/dataset.yaml (2026-09-04 17:00:10 +0900)
latest-prerequisite time: 2026-09-04 17:00:10 +0900
................................

Rule for TTL (output/ttl/relation/rnacentral-refseq_rna.ttl)
------------------------------
Investigating output/ttl/relation/rnacentral-refseq_rna.ttl
class: Rake::FileTask
task needed: true
timestamp: 2026-08-08 05:38:23 +0900
pre-requisites: 
--output/ttl/relation/ (<EARLY TIME>)
--output/tsv/rnacentral-refseq_rna.tsv (2026-08-07 23:49:15 +0900)
--config/dataset.yaml (2026-09-04 17:00:10 +0900)
latest-prerequisite time: 2026-09-04 17:00:10 +0900
................................

Rule for TTL (output/ttl/relation/rnacentral-rfam.ttl)
------------------------------
Investigating output/ttl/relation/rnacentral-rfam.ttl
class: Rake::FileTask
task needed: true
timestamp: 2026-08-08 05:39:04 +0900
pre-requisites: 
--output/ttl/relation/ (<EARLY TIME>)
--output/tsv/rnacentral-rfam.tsv (2026-08-07 23:51:24 +0900)
--config/dataset.yaml (2026-09-04 17:00:10 +0900)
latest-prerequisite time: 2026-09-04 17:00:10 +0900
................................

Rule for TTL (output/ttl/relation/rnacentral-rgd.ttl)
------------------------------
Investigating output/ttl/relation/rnacentral-rgd.ttl
class: Rake::FileTask
task needed: true
timestamp: 2026-08-08 12:33:57 +0900
pre-requisites: 
--output/ttl/relation/ (<EARLY TIME>)
--output/tsv/rnacentral-rgd.tsv (2026-08-08 12:32:31 +0900)
--config/dataset.yaml (2026-09-04 17:00:10 +0900)
latest-prerequisite time: 2026-09-04 17:00:10 +0900
................................

Rule for TTL (output/ttl/relation/rnacentral-sgd.ttl)
------------------------------
Investigating output/ttl/relation/rnacentral-sgd.ttl
class: Rake::FileTask
task needed: true
timestamp: 2026-08-08 05:39:04 +0900
pre-requisites: 
--output/ttl/relation/ (<EARLY TIME>)
--output/tsv/rnacentral-sgd.tsv (2026-08-07 23:55:34 +0900)
--config/dataset.yaml (2026-09-04 17:00:10 +0900)
latest-prerequisite time: 2026-09-04 17:00:10 +0900
................................

Rule for TTL (output/ttl/relation/rnacentral-tair.ttl)
------------------------------
Investigating output/ttl/relation/rnacentral-tair.ttl
class: Rake::FileTask
task needed: true
timestamp: 2026-08-08 05:39:04 +0900
pre-requisites: 
--output/ttl/relation/ (<EARLY TIME>)
--output/tsv/rnacentral-tair.tsv (2026-08-07 23:57:39 +0900)
--config/dataset.yaml (2026-09-04 17:00:10 +0900)
latest-prerequisite time: 2026-09-04 17:00:10 +0900
................................

Rule for TTL (output/ttl/relation/rnacentral-wormbase_gene.ttl)
------------------------------
Investigating output/ttl/relation/rnacentral-wormbase_gene.ttl
class: Rake::FileTask
task needed: true
timestamp: 2026-08-08 05:39:04 +0900
pre-requisites: 
--output/ttl/relation/ (<EARLY TIME>)
--output/tsv/rnacentral-wormbase_gene.tsv (2026-08-07 23:59:44 +0900)
--config/dataset.yaml (2026-09-04 17:00:10 +0900)
latest-prerequisite time: 2026-09-04 17:00:10 +0900
................................

Rule for TTL (output/ttl/relation/rnacentral-zfin_transcript.ttl)
------------------------------
Investigating output/ttl/relation/rnacentral-zfin_transcript.ttl
class: Rake::FileTask
task needed: true
timestamp: 2026-08-08 05:39:05 +0900
pre-requisites: 
--output/ttl/relation/ (<EARLY TIME>)
--output/tsv/rnacentral-zfin_transcript.tsv (2026-08-08 00:01:52 +0900)
--config/dataset.yaml (2026-09-04 17:00:10 +0900)
latest-prerequisite time: 2026-09-04 17:00:10 +0900
................................

Rule for TTL (output/ttl/relation/sra_accession-bioproject.ttl)
------------------------------
Investigating output/ttl/relation/sra_accession-bioproject.ttl
class: Rake::FileTask
task needed: true
timestamp: 2026-09-05 20:03:42 +0900
pre-requisites: 
--output/ttl/relation/ (<EARLY TIME>)
--config/dataset.yaml (2026-09-04 17:00:10 +0900)
--output/tsv/sra_accession-bioproject.tsv (2026-09-05 05:23:35 +0900)
latest-prerequisite time: 2026-09-05 05:23:35 +0900
................................

Rule for TTL (output/ttl/relation/sra_accession-biosample.ttl)
------------------------------
Investigating output/ttl/relation/sra_accession-biosample.ttl
class: Rake::FileTask
task needed: true
timestamp: 2026-09-05 20:08:46 +0900
pre-requisites: 
--output/ttl/relation/ (<EARLY TIME>)
--config/dataset.yaml (2026-09-04 17:00:10 +0900)
--output/tsv/sra_accession-biosample.tsv (2026-09-05 05:32:22 +0900)
latest-prerequisite time: 2026-09-05 05:32:22 +0900
................................

Rule for TTL (output/ttl/relation/sra_accession-sra_analysis.ttl)
------------------------------
Investigating output/ttl/relation/sra_accession-sra_analysis.ttl
class: Rake::FileTask
task needed: true
timestamp: 2026-09-05 20:09:11 +0900
pre-requisites: 
--output/ttl/relation/ (<EARLY TIME>)
--config/dataset.yaml (2026-09-04 17:00:10 +0900)
--output/tsv/sra_accession-sra_analysis.tsv (2026-09-05 05:34:12 +0900)
latest-prerequisite time: 2026-09-05 05:34:12 +0900
................................

Rule for TTL (output/ttl/relation/sra_accession-sra_experiment.ttl)
------------------------------
Investigating output/ttl/relation/sra_accession-sra_experiment.ttl
class: Rake::FileTask
task needed: true
timestamp: 2026-09-05 20:14:51 +0900
pre-requisites: 
--output/ttl/relation/ (<EARLY TIME>)
--config/dataset.yaml (2026-09-04 17:00:10 +0900)
--output/tsv/sra_accession-sra_experiment.tsv (2026-09-05 05:41:18 +0900)
latest-prerequisite time: 2026-09-05 05:41:18 +0900
................................

Rule for TTL (output/ttl/relation/sra_accession-sra_project.ttl)
------------------------------
Investigating output/ttl/relation/sra_accession-sra_project.ttl
class: Rake::FileTask
task needed: true
timestamp: 2026-09-05 20:14:57 +0900
pre-requisites: 
--output/ttl/relation/ (<EARLY TIME>)
--config/dataset.yaml (2026-09-04 17:00:10 +0900)
--output/tsv/sra_accession-sra_project.tsv (2026-09-05 05:42:36 +0900)
latest-prerequisite time: 2026-09-05 05:42:36 +0900
................................

Rule for TTL (output/ttl/relation/sra_accession-sra_run.ttl)
------------------------------
Investigating output/ttl/relation/sra_accession-sra_run.ttl
class: Rake::FileTask
task needed: true
timestamp: 2026-09-05 20:20:58 +0900
pre-requisites: 
--output/ttl/relation/ (<EARLY TIME>)
--config/dataset.yaml (2026-09-04 17:00:10 +0900)
--output/tsv/sra_accession-sra_run.tsv (2026-09-05 05:50:20 +0900)
latest-prerequisite time: 2026-09-05 05:50:20 +0900
................................

Rule for TTL (output/ttl/relation/sra_accession-sra_sample.ttl)
------------------------------
Investigating output/ttl/relation/sra_accession-sra_sample.ttl
class: Rake::FileTask
task needed: true
timestamp: 2026-09-05 20:26:21 +0900
pre-requisites: 
--output/ttl/relation/ (<EARLY TIME>)
--config/dataset.yaml (2026-09-04 17:00:10 +0900)
--output/tsv/sra_accession-sra_sample.tsv (2026-09-05 05:57:17 +0900)
latest-prerequisite time: 2026-09-05 05:57:17 +0900
................................

Rule for TTL (output/ttl/relation/sra_experiment-bioproject.ttl)
------------------------------
Investigating output/ttl/relation/sra_experiment-bioproject.ttl
class: Rake::FileTask
task needed: true
timestamp: 2026-09-05 20:31:24 +0900
pre-requisites: 
--output/ttl/relation/ (<EARLY TIME>)
--config/dataset.yaml (2026-09-04 17:00:10 +0900)
--output/tsv/sra_experiment-bioproject.tsv (2026-09-05 06:01:18 +0900)
latest-prerequisite time: 2026-09-05 06:01:18 +0900
................................

Rule for TTL (output/ttl/relation/sra_experiment-biosample.ttl)
------------------------------
Investigating output/ttl/relation/sra_experiment-biosample.ttl
class: Rake::FileTask
task needed: true
timestamp: 2026-09-05 20:36:28 +0900
pre-requisites: 
--output/ttl/relation/ (<EARLY TIME>)
--config/dataset.yaml (2026-09-04 17:00:10 +0900)
--output/tsv/sra_experiment-biosample.tsv (2026-09-05 06:05:12 +0900)
latest-prerequisite time: 2026-09-05 06:05:12 +0900
................................

Rule for TTL (output/ttl/relation/sra_experiment-sra_project.ttl)
------------------------------
Investigating output/ttl/relation/sra_experiment-sra_project.ttl
class: Rake::FileTask
task needed: true
timestamp: 2026-09-05 20:41:11 +0900
pre-requisites: 
--output/ttl/relation/ (<EARLY TIME>)
--config/dataset.yaml (2026-09-04 17:00:10 +0900)
--output/tsv/sra_experiment-sra_project.tsv (2026-09-05 06:08:32 +0900)
latest-prerequisite time: 2026-09-05 06:08:32 +0900
................................

Rule for TTL (output/ttl/relation/sra_experiment-sra_sample.ttl)
------------------------------
Investigating output/ttl/relation/sra_experiment-sra_sample.ttl
class: Rake::FileTask
task needed: true
timestamp: 2026-09-05 20:46:11 +0900
pre-requisites: 
--output/ttl/relation/ (<EARLY TIME>)
--config/dataset.yaml (2026-09-04 17:00:10 +0900)
--output/tsv/sra_experiment-sra_sample.tsv (2026-09-05 06:11:46 +0900)
latest-prerequisite time: 2026-09-05 06:11:46 +0900
................................

Rule for TTL (output/ttl/relation/sra_project-bioproject.ttl)
------------------------------
Investigating output/ttl/relation/sra_project-bioproject.ttl
class: Rake::FileTask
task needed: true
timestamp: 2026-09-05 20:46:16 +0900
pre-requisites: 
--output/ttl/relation/ (<EARLY TIME>)
--config/dataset.yaml (2026-09-04 17:00:10 +0900)
--output/tsv/sra_project-bioproject.tsv (2026-09-05 06:13:06 +0900)
latest-prerequisite time: 2026-09-05 06:13:06 +0900
................................

Rule for TTL (output/ttl/relation/sra_run-bioproject.ttl)
------------------------------
Investigating output/ttl/relation/sra_run-bioproject.ttl
class: Rake::FileTask
task needed: true
timestamp: 2026-09-05 20:51:19 +0900
pre-requisites: 
--output/ttl/relation/ (<EARLY TIME>)
--config/dataset.yaml (2026-09-04 17:00:10 +0900)
--output/tsv/sra_run-bioproject.tsv (2026-09-05 06:17:36 +0900)
latest-prerequisite time: 2026-09-05 06:17:36 +0900
................................

Rule for TTL (output/ttl/relation/sra_run-biosample.ttl)
------------------------------
Investigating output/ttl/relation/sra_run-biosample.ttl
class: Rake::FileTask
task needed: true
timestamp: 2026-09-05 20:55:57 +0900
pre-requisites: 
--output/ttl/relation/ (<EARLY TIME>)
--config/dataset.yaml (2026-09-04 17:00:10 +0900)
--output/tsv/sra_run-biosample.tsv (2026-09-05 06:21:58 +0900)
latest-prerequisite time: 2026-09-05 06:21:58 +0900
................................

Rule for TTL (output/ttl/relation/sra_run-sra_experiment.ttl)
------------------------------
Investigating output/ttl/relation/sra_run-sra_experiment.ttl
class: Rake::FileTask
task needed: true
timestamp: 2026-09-05 21:01:22 +0900
pre-requisites: 
--output/ttl/relation/ (<EARLY TIME>)
--config/dataset.yaml (2026-09-04 17:00:10 +0900)
--output/tsv/sra_run-sra_experiment.tsv (2026-09-05 06:25:21 +0900)
latest-prerequisite time: 2026-09-05 06:25:21 +0900
................................

Rule for TTL (output/ttl/relation/sra_run-sra_project.ttl)
------------------------------
Investigating output/ttl/relation/sra_run-sra_project.ttl
class: Rake::FileTask
task needed: true
timestamp: 2026-09-05 21:05:54 +0900
pre-requisites: 
--output/ttl/relation/ (<EARLY TIME>)
--config/dataset.yaml (2026-09-04 17:00:10 +0900)
--output/tsv/sra_run-sra_project.tsv (2026-09-05 06:28:58 +0900)
latest-prerequisite time: 2026-09-05 06:28:58 +0900
................................

Rule for TTL (output/ttl/relation/sra_run-sra_sample.ttl)
------------------------------
Investigating output/ttl/relation/sra_run-sra_sample.ttl
class: Rake::FileTask
task needed: true
timestamp: 2026-09-05 21:10:54 +0900
pre-requisites: 
--output/ttl/relation/ (<EARLY TIME>)
--config/dataset.yaml (2026-09-04 17:00:10 +0900)
--output/tsv/sra_run-sra_sample.tsv (2026-09-05 06:32:28 +0900)
latest-prerequisite time: 2026-09-05 06:32:28 +0900
................................

Rule for TTL (output/ttl/relation/sra_sample-biosample.ttl)
------------------------------
Investigating output/ttl/relation/sra_sample-biosample.ttl
class: Rake::FileTask
task needed: true
timestamp: 2026-09-05 21:15:31 +0900
pre-requisites: 
--output/ttl/relation/ (<EARLY TIME>)
--config/dataset.yaml (2026-09-04 17:00:10 +0900)
--output/tsv/sra_sample-biosample.tsv (2026-09-05 06:36:04 +0900)
latest-prerequisite time: 2026-09-05 06:36:04 +0900
................................

Rule for TTL (output/ttl/relation/swisslipids-chebi.ttl)
------------------------------
Investigating output/ttl/relation/swisslipids-chebi.ttl
class: Rake::FileTask
task needed: true
timestamp: 2026-09-05 21:15:33 +0900
pre-requisites: 
--output/ttl/relation/ (<EARLY TIME>)
--config/dataset.yaml (2026-09-04 17:00:10 +0900)
--output/tsv/swisslipids-chebi.tsv (2026-09-05 06:36:16 +0900)
latest-prerequisite time: 2026-09-05 06:36:16 +0900
................................

Rule for TTL (output/ttl/relation/swisslipids-hmdb.ttl)
------------------------------
Investigating output/ttl/relation/swisslipids-hmdb.ttl
class: Rake::FileTask
task needed: true
timestamp: 2026-09-05 21:15:33 +0900
pre-requisites: 
--output/ttl/relation/ (<EARLY TIME>)
--config/dataset.yaml (2026-09-04 17:00:10 +0900)
--output/tsv/swisslipids-hmdb.tsv (2026-09-05 06:36:27 +0900)
latest-prerequisite time: 2026-09-05 06:36:27 +0900
................................

Rule for TTL (output/ttl/relation/swisslipids-inchi_key.ttl)
------------------------------
Investigating output/ttl/relation/swisslipids-inchi_key.ttl
class: Rake::FileTask
task needed: true
timestamp: 2026-09-05 21:15:37 +0900
pre-requisites: 
--output/ttl/relation/ (<EARLY TIME>)
--config/dataset.yaml (2026-09-04 17:00:10 +0900)
--output/tsv/swisslipids-inchi_key.tsv (2026-09-05 06:36:37 +0900)
latest-prerequisite time: 2026-09-05 06:36:37 +0900
................................

Rule for TTL (output/ttl/relation/taxonomy-pubmed.ttl)
------------------------------
Investigating output/ttl/relation/taxonomy-pubmed.ttl
class: Rake::FileTask
task needed: true
timestamp: 2026-09-05 21:15:37 +0900
pre-requisites: 
--output/ttl/relation/ (<EARLY TIME>)
--config/dataset.yaml (2026-09-04 17:00:10 +0900)
--output/tsv/taxonomy-pubmed.tsv (2026-09-05 06:36:37 +0900)
latest-prerequisite time: 2026-09-05 06:36:37 +0900
................................

Rule for TTL (output/ttl/relation/togovar-clinvar.ttl)
------------------------------
Investigating output/ttl/relation/togovar-clinvar.ttl
class: Rake::FileTask
task needed: true
timestamp: 2026-08-29 05:58:17 +0900
pre-requisites: 
--output/ttl/relation/ (<EARLY TIME>)
--output/tsv/togovar-clinvar.tsv (2026-08-29 00:24:34 +0900)
--config/dataset.yaml (2026-09-04 17:00:10 +0900)
latest-prerequisite time: 2026-09-04 17:00:10 +0900
................................

Rule for TTL (output/ttl/relation/togovar-dbsnp.ttl)
------------------------------
Investigating output/ttl/relation/togovar-dbsnp.ttl
class: Rake::FileTask
task needed: true
timestamp: 2026-05-09 09:31:59 +0900
pre-requisites: 
--output/ttl/relation/ (<EARLY TIME>)
--output/tsv/togovar-dbsnp.tsv (2026-05-09 00:09:10 +0900)
--config/dataset.yaml (2026-09-04 17:00:10 +0900)
latest-prerequisite time: 2026-09-04 17:00:10 +0900
................................

Rule for TTL (output/ttl/relation/togovar-ensembl_gene.ttl)
------------------------------
Investigating output/ttl/relation/togovar-ensembl_gene.ttl
class: Rake::FileTask
task needed: true
timestamp: 2026-05-02 08:19:08 +0900
pre-requisites: 
--output/ttl/relation/ (<EARLY TIME>)
--output/tsv/togovar-ensembl_gene.tsv (2026-05-02 00:11:13 +0900)
--config/dataset.yaml (2026-09-04 17:00:10 +0900)
latest-prerequisite time: 2026-09-04 17:00:10 +0900
................................

Rule for TTL (output/ttl/relation/togovar-ensembl_transcript.ttl)
------------------------------
Investigating output/ttl/relation/togovar-ensembl_transcript.ttl
class: Rake::FileTask
task needed: true
timestamp: 2026-05-02 10:27:19 +0900
pre-requisites: 
--output/ttl/relation/ (<EARLY TIME>)
--output/tsv/togovar-ensembl_transcript.tsv (2026-05-02 00:14:04 +0900)
--config/dataset.yaml (2026-09-04 17:00:10 +0900)
latest-prerequisite time: 2026-09-04 17:00:10 +0900
................................

Rule for TTL (output/ttl/relation/togovar-hgnc.ttl)
------------------------------
Investigating output/ttl/relation/togovar-hgnc.ttl
class: Rake::FileTask
task needed: true
timestamp: 2026-05-09 10:25:48 +0900
pre-requisites: 
--output/ttl/relation/ (<EARLY TIME>)
--output/tsv/togovar-hgnc.tsv (2026-05-09 00:21:53 +0900)
--config/dataset.yaml (2026-09-04 17:00:10 +0900)
latest-prerequisite time: 2026-09-04 17:00:10 +0900
................................

Rule for TTL (output/ttl/relation/togovar-ncbigene.ttl)
------------------------------
Investigating output/ttl/relation/togovar-ncbigene.ttl
class: Rake::FileTask
task needed: true
timestamp: 2026-05-09 11:21:27 +0900
pre-requisites: 
--output/ttl/relation/ (<EARLY TIME>)
--output/tsv/togovar-ncbigene.tsv (2026-05-09 00:23:59 +0900)
--config/dataset.yaml (2026-09-04 17:00:10 +0900)
latest-prerequisite time: 2026-09-04 17:00:10 +0900
................................

Rule for TTL (output/ttl/relation/togovar-pubmed.ttl)
------------------------------
Investigating output/ttl/relation/togovar-pubmed.ttl
class: Rake::FileTask
task needed: true
timestamp: 2026-09-05 21:15:45 +0900
pre-requisites: 
--output/ttl/relation/ (<EARLY TIME>)
--config/dataset.yaml (2026-09-04 17:00:10 +0900)
--output/tsv/togovar-pubmed.tsv (2026-09-05 06:38:44 +0900)
latest-prerequisite time: 2026-09-05 06:38:44 +0900
................................

Rule for TTL (output/ttl/relation/togovar-refseq_rna.ttl)
------------------------------
Investigating output/ttl/relation/togovar-refseq_rna.ttl
class: Rake::FileTask
task needed: true
timestamp: 2026-05-12 13:13:00 +0900
pre-requisites: 
--output/ttl/relation/ (<EARLY TIME>)
--output/tsv/togovar-refseq_rna.tsv (2026-05-09 00:40:43 +0900)
--config/dataset.yaml (2026-09-04 17:00:10 +0900)
latest-prerequisite time: 2026-09-04 17:00:10 +0900
................................

Rule for TTL (output/ttl/relation/uniparc-refseq_protein.ttl)
------------------------------
Investigating output/ttl/relation/uniparc-refseq_protein.ttl
class: Rake::FileTask
task needed: true
timestamp: 2026-06-17 05:10:20 +0900
pre-requisites: 
--output/ttl/relation/ (<EARLY TIME>)
--output/tsv/uniparc-refseq_protein.tsv (2026-06-16 12:25:18 +0900)
--config/dataset.yaml (2026-09-04 17:00:10 +0900)
latest-prerequisite time: 2026-09-04 17:00:10 +0900
................................

Rule for TTL (output/ttl/relation/uniprot-chembl_target.ttl)
------------------------------
Investigating output/ttl/relation/uniprot-chembl_target.ttl
class: Rake::FileTask
task needed: true
timestamp: 2026-09-05 21:15:45 +0900
pre-requisites: 
--output/ttl/relation/ (<EARLY TIME>)
--config/dataset.yaml (2026-09-04 17:00:10 +0900)
--output/tsv/uniprot-chembl_target.tsv (2026-09-05 07:01:47 +0900)
latest-prerequisite time: 2026-09-05 07:01:47 +0900
................................

Rule for TTL (output/ttl/relation/uniprot-dbsnp.ttl)
------------------------------
Investigating output/ttl/relation/uniprot-dbsnp.ttl
class: Rake::FileTask
task needed: true
timestamp: 2026-09-05 21:15:46 +0900
pre-requisites: 
--output/ttl/relation/ (<EARLY TIME>)
--config/dataset.yaml (2026-09-04 17:00:10 +0900)
--output/tsv/uniprot-dbsnp.tsv (2026-09-05 07:02:15 +0900)
latest-prerequisite time: 2026-09-05 07:02:15 +0900
................................

Rule for TTL (output/ttl/relation/uniprot-ec.ttl)
------------------------------
Investigating output/ttl/relation/uniprot-ec.ttl
class: Rake::FileTask
task needed: true
timestamp: 2026-09-05 21:17:57 +0900
pre-requisites: 
--output/ttl/relation/ (<EARLY TIME>)
--config/dataset.yaml (2026-09-04 17:00:10 +0900)
--output/tsv/uniprot-ec.tsv (2026-09-05 07:29:20 +0900)
latest-prerequisite time: 2026-09-05 07:29:20 +0900
................................

Rule for TTL (output/ttl/relation/uniprot-ensembl_gene.ttl)
------------------------------
Investigating output/ttl/relation/uniprot-ensembl_gene.ttl
class: Rake::FileTask
task needed: true
timestamp: 2026-09-05 21:18:41 +0900
pre-requisites: 
--output/ttl/relation/ (<EARLY TIME>)
--config/dataset.yaml (2026-09-04 17:00:10 +0900)
--output/tsv/uniprot-ensembl_gene.tsv (2026-09-05 07:57:55 +0900)
latest-prerequisite time: 2026-09-05 07:57:55 +0900
................................

Rule for TTL (output/ttl/relation/uniprot-ensembl_protein.ttl)
------------------------------
Investigating output/ttl/relation/uniprot-ensembl_protein.ttl
class: Rake::FileTask
task needed: true
timestamp: 2026-09-05 21:19:29 +0900
pre-requisites: 
--output/ttl/relation/ (<EARLY TIME>)
--config/dataset.yaml (2026-09-04 17:00:10 +0900)
--output/tsv/uniprot-ensembl_protein.tsv (2026-09-05 08:26:05 +0900)
latest-prerequisite time: 2026-09-05 08:26:05 +0900
................................

Rule for TTL (output/ttl/relation/uniprot-ensembl_transcript.ttl)
------------------------------
Investigating output/ttl/relation/uniprot-ensembl_transcript.ttl
class: Rake::FileTask
task needed: true
timestamp: 2026-09-05 21:20:17 +0900
pre-requisites: 
--output/ttl/relation/ (<EARLY TIME>)
--config/dataset.yaml (2026-09-04 17:00:10 +0900)
--output/tsv/uniprot-ensembl_transcript.tsv (2026-09-05 08:54:13 +0900)
latest-prerequisite time: 2026-09-05 08:54:13 +0900
................................

Rule for TTL (output/ttl/relation/uniprot-go.ttl)
------------------------------
Investigating output/ttl/relation/uniprot-go.ttl
class: Rake::FileTask
task needed: true
timestamp: 2026-09-05 22:13:22 +0900
pre-requisites: 
--output/ttl/relation/ (<EARLY TIME>)
--config/dataset.yaml (2026-09-04 17:00:10 +0900)
--output/tsv/uniprot-go.tsv (2026-09-05 09:04:06 +0900)
latest-prerequisite time: 2026-09-05 09:04:06 +0900
................................

Rule for TTL (output/ttl/relation/uniprot-hgnc.ttl)
------------------------------
Investigating output/ttl/relation/uniprot-hgnc.ttl
class: Rake::FileTask
task needed: true
timestamp: 2026-09-05 22:13:27 +0900
pre-requisites: 
--output/ttl/relation/ (<EARLY TIME>)
--config/dataset.yaml (2026-09-04 17:00:10 +0900)
--output/tsv/uniprot-hgnc.tsv (2026-09-05 09:26:17 +0900)
latest-prerequisite time: 2026-09-05 09:26:17 +0900
................................

Rule for TTL (output/ttl/relation/uniprot-insdc.ttl)
------------------------------
Investigating output/ttl/relation/uniprot-insdc.ttl
class: Rake::FileTask
task needed: true
timestamp: 2026-09-05 22:35:39 +0900
pre-requisites: 
--output/ttl/relation/ (<EARLY TIME>)
--config/dataset.yaml (2026-09-04 17:00:10 +0900)
--output/tsv/uniprot-insdc.tsv (2026-09-05 09:52:26 +0900)
latest-prerequisite time: 2026-09-05 09:52:26 +0900
................................

Rule for TTL (output/ttl/relation/uniprot-insdc_cds.ttl)
------------------------------
Investigating output/ttl/relation/uniprot-insdc_cds.ttl
class: Rake::FileTask
task needed: true
timestamp: 2026-09-05 22:53:27 +0900
pre-requisites: 
--output/ttl/relation/ (<EARLY TIME>)
--config/dataset.yaml (2026-09-04 17:00:10 +0900)
--output/tsv/uniprot-insdc_cds.tsv (2026-09-05 10:16:35 +0900)
latest-prerequisite time: 2026-09-05 10:16:35 +0900
................................

Rule for TTL (output/ttl/relation/uniprot-intact.ttl)
------------------------------
Investigating output/ttl/relation/uniprot-intact.ttl
class: Rake::FileTask
task needed: true
timestamp: 2026-09-05 22:53:30 +0900
pre-requisites: 
--output/ttl/relation/ (<EARLY TIME>)
--config/dataset.yaml (2026-09-04 17:00:10 +0900)
--output/tsv/uniprot-intact.tsv (2026-09-05 10:17:51 +0900)
latest-prerequisite time: 2026-09-05 10:17:51 +0900
................................

Rule for TTL (output/ttl/relation/uniprot-ncbigene.ttl)
------------------------------
Investigating output/ttl/relation/uniprot-ncbigene.ttl
class: Rake::FileTask
task needed: true
timestamp: 2026-09-05 22:55:18 +0900
pre-requisites: 
--output/ttl/relation/ (<EARLY TIME>)
--config/dataset.yaml (2026-09-04 17:00:10 +0900)
--output/tsv/uniprot-ncbigene.tsv (2026-09-05 10:40:43 +0900)
latest-prerequisite time: 2026-09-05 10:40:43 +0900
................................

Rule for TTL (output/ttl/relation/uniprot-oma_group.ttl)
------------------------------
Investigating output/ttl/relation/uniprot-oma_group.ttl
class: Rake::FileTask
task needed: true
timestamp: 2026-09-05 22:55:53 +0900
pre-requisites: 
--output/ttl/relation/ (<EARLY TIME>)
--config/dataset.yaml (2026-09-04 17:00:10 +0900)
--output/tsv/uniprot-oma_group.tsv (2026-09-05 11:03:33 +0900)
latest-prerequisite time: 2026-09-05 11:03:33 +0900
................................

Rule for TTL (output/ttl/relation/uniprot-omim_gene.ttl)
------------------------------
Investigating output/ttl/relation/uniprot-omim_gene.ttl
class: Rake::FileTask
task needed: true
timestamp: 2026-09-05 22:55:53 +0900
pre-requisites: 
--output/ttl/relation/ (<EARLY TIME>)
--config/dataset.yaml (2026-09-04 17:00:10 +0900)
--output/tsv/uniprot-omim_gene.tsv (2026-09-05 11:03:40 +0900)
latest-prerequisite time: 2026-09-05 11:03:40 +0900
................................

Rule for TTL (output/ttl/relation/uniprot-omim_phenotype.ttl)
------------------------------
Investigating output/ttl/relation/uniprot-omim_phenotype.ttl
class: Rake::FileTask
task needed: true
timestamp: 2026-09-05 22:55:53 +0900
pre-requisites: 
--output/ttl/relation/ (<EARLY TIME>)
--config/dataset.yaml (2026-09-04 17:00:10 +0900)
--output/tsv/uniprot-omim_phenotype.tsv (2026-09-05 11:03:43 +0900)
latest-prerequisite time: 2026-09-05 11:03:43 +0900
................................

Rule for TTL (output/ttl/relation/uniprot-orphanet_phenotype.ttl)
------------------------------
Investigating output/ttl/relation/uniprot-orphanet_phenotype.ttl
class: Rake::FileTask
task needed: true
timestamp: 2026-09-05 22:55:53 +0900
pre-requisites: 
--output/ttl/relation/ (<EARLY TIME>)
--config/dataset.yaml (2026-09-04 17:00:10 +0900)
--output/tsv/uniprot-orphanet_phenotype.tsv (2026-09-05 11:31:42 +0900)
latest-prerequisite time: 2026-09-05 11:31:42 +0900
................................

Rule for TTL (output/ttl/relation/uniprot-pdb.ttl)
------------------------------
Investigating output/ttl/relation/uniprot-pdb.ttl
class: Rake::FileTask
task needed: true
timestamp: 2026-09-05 22:55:56 +0900
pre-requisites: 
--output/ttl/relation/ (<EARLY TIME>)
--config/dataset.yaml (2026-09-04 17:00:10 +0900)
--output/tsv/uniprot-pdb.tsv (2026-09-05 11:54:24 +0900)
latest-prerequisite time: 2026-09-05 11:54:24 +0900
................................

Rule for TTL (output/ttl/relation/uniprot-reactome_pathway.ttl)
------------------------------
Investigating output/ttl/relation/uniprot-reactome_pathway.ttl
class: Rake::FileTask
task needed: true
timestamp: 2026-09-05 22:55:57 +0900
pre-requisites: 
--output/ttl/relation/ (<EARLY TIME>)
--config/dataset.yaml (2026-09-04 17:00:10 +0900)
--output/tsv/uniprot-reactome_pathway.tsv (2026-09-05 12:22:29 +0900)
latest-prerequisite time: 2026-09-05 12:22:29 +0900
................................

Rule for TTL (output/ttl/relation/uniprot-refseq_protein.ttl)
------------------------------
Investigating output/ttl/relation/uniprot-refseq_protein.ttl
class: Rake::FileTask
task needed: true
timestamp: 2026-09-05 23:07:22 +0900
pre-requisites: 
--output/ttl/relation/ (<EARLY TIME>)
--config/dataset.yaml (2026-09-04 17:00:10 +0900)
--output/tsv/uniprot-refseq_protein.tsv (2026-09-05 12:42:07 +0900)
latest-prerequisite time: 2026-09-05 12:42:07 +0900
................................

Rule for TTL (output/ttl/relation/uniprot-taxonomy.ttl)
------------------------------
Investigating output/ttl/relation/uniprot-taxonomy.ttl
class: Rake::FileTask
task needed: true
timestamp: 2026-09-05 23:26:44 +0900
pre-requisites: 
--output/ttl/relation/ (<EARLY TIME>)
--config/dataset.yaml (2026-09-04 17:00:10 +0900)
--output/tsv/uniprot-taxonomy.tsv (2026-09-05 12:58:23 +0900)
latest-prerequisite time: 2026-09-05 12:58:23 +0900
................................

Rule for TTL (output/ttl/relation/uniprot-uniparc.ttl)
------------------------------
Investigating output/ttl/relation/uniprot-uniparc.ttl
class: Rake::FileTask
task needed: true
timestamp: 2026-09-05 23:54:31 +0900
pre-requisites: 
--output/ttl/relation/ (<EARLY TIME>)
--config/dataset.yaml (2026-09-04 17:00:10 +0900)
--output/tsv/uniprot-uniparc.tsv (2026-09-05 13:18:48 +0900)
latest-prerequisite time: 2026-09-05 13:18:48 +0900
................................

Rule for TTL (output/ttl/relation/uniprot-uniprot_isoform.ttl)
------------------------------
Investigating output/ttl/relation/uniprot-uniprot_isoform.ttl
class: Rake::FileTask
task needed: true
timestamp: 2026-09-05 23:54:35 +0900
pre-requisites: 
--output/ttl/relation/ (<EARLY TIME>)
--config/dataset.yaml (2026-09-04 17:00:10 +0900)
--output/tsv/uniprot-uniprot_isoform.tsv (2026-09-05 13:30:00 +0900)
latest-prerequisite time: 2026-09-05 13:30:00 +0900
................................

Rule for TTL (output/ttl/relation/uniprot-uniprot_mnemonic.ttl)
------------------------------
Investigating output/ttl/relation/uniprot-uniprot_mnemonic.ttl
class: Rake::FileTask
task needed: true
timestamp: 2026-09-06 00:23:52 +0900
pre-requisites: 
--output/ttl/relation/ (<EARLY TIME>)
--config/dataset.yaml (2026-09-04 17:00:10 +0900)
--output/tsv/uniprot-uniprot_mnemonic.tsv (2026-09-05 14:02:24 +0900)
latest-prerequisite time: 2026-09-05 14:02:24 +0900
................................

Rule for TTL (output/ttl/relation/uniprot_isoform-ensembl_protein.ttl)
------------------------------
Investigating output/ttl/relation/uniprot_isoform-ensembl_protein.ttl
class: Rake::FileTask
task needed: true
timestamp: 2026-09-06 00:23:55 +0900
pre-requisites: 
--output/ttl/relation/ (<EARLY TIME>)
--config/dataset.yaml (2026-09-04 17:00:10 +0900)
--output/tsv/uniprot_isoform-ensembl_protein.tsv (2026-09-05 14:13:19 +0900)
latest-prerequisite time: 2026-09-05 14:13:19 +0900
................................

Rule for TTL (output/ttl/relation/uniprot_isoform-ensembl_transcript.ttl)
------------------------------
Investigating output/ttl/relation/uniprot_isoform-ensembl_transcript.ttl
class: Rake::FileTask
task needed: true
timestamp: 2026-09-06 00:23:55 +0900
pre-requisites: 
--output/ttl/relation/ (<EARLY TIME>)
--config/dataset.yaml (2026-09-04 17:00:10 +0900)
--output/tsv/uniprot_isoform-ensembl_transcript.tsv (2026-09-05 14:24:16 +0900)
latest-prerequisite time: 2026-09-05 14:24:16 +0900
................................

Rule for TTL (output/ttl/relation/uniprot_isoform-refseq_protein.ttl)
------------------------------
Investigating output/ttl/relation/uniprot_isoform-refseq_protein.ttl
class: Rake::FileTask
task needed: true
timestamp: 2026-09-06 00:23:56 +0900
pre-requisites: 
--output/ttl/relation/ (<EARLY TIME>)
--config/dataset.yaml (2026-09-04 17:00:10 +0900)
--output/tsv/uniprot_isoform-refseq_protein.tsv (2026-09-05 14:35:14 +0900)
latest-prerequisite time: 2026-09-05 14:35:14 +0900
................................

Rule for TTL (output/ttl/relation/uniprot_isoform-uniparc.ttl)
------------------------------
Investigating output/ttl/relation/uniprot_isoform-uniparc.ttl
class: Rake::FileTask
task needed: true
timestamp: 2026-09-06 00:23:56 +0900
pre-requisites: 
--output/ttl/relation/ (<EARLY TIME>)
--config/dataset.yaml (2026-09-04 17:00:10 +0900)
--output/tsv/uniprot_isoform-uniparc.tsv (2026-09-05 14:46:12 +0900)
latest-prerequisite time: 2026-09-05 14:46:12 +0900
................................

Rule for TTL (output/ttl/relation/uniprot_proteome-assembly_insdc.ttl)
------------------------------
Investigating output/ttl/relation/uniprot_proteome-assembly_insdc.ttl
class: Rake::FileTask
task needed: true
timestamp: 2026-09-06 00:24:03 +0900
pre-requisites: 
--output/ttl/relation/ (<EARLY TIME>)
--config/dataset.yaml (2026-09-04 17:00:10 +0900)
--output/tsv/uniprot_proteome-assembly_insdc.tsv (2026-09-05 14:46:14 +0900)
latest-prerequisite time: 2026-09-05 14:46:14 +0900
................................

Rule for TTL (output/ttl/relation/uniprot_proteome-assembly_refseq.ttl)
------------------------------
Investigating output/ttl/relation/uniprot_proteome-assembly_refseq.ttl
class: Rake::FileTask
task needed: true
timestamp: 2026-09-06 00:24:03 +0900
pre-requisites: 
--output/ttl/relation/ (<EARLY TIME>)
--config/dataset.yaml (2026-09-04 17:00:10 +0900)
--output/tsv/uniprot_proteome-assembly_refseq.tsv (2026-09-05 14:46:14 +0900)
latest-prerequisite time: 2026-09-05 14:46:14 +0900
................................

Rule for TTL (output/ttl/relation/uniprot_proteome-taxonomy.ttl)
------------------------------
Investigating output/ttl/relation/uniprot_proteome-taxonomy.ttl
class: Rake::FileTask
task needed: true
timestamp: 2026-09-06 00:24:10 +0900
pre-requisites: 
--output/ttl/relation/ (<EARLY TIME>)
--config/dataset.yaml (2026-09-04 17:00:10 +0900)
--output/tsv/uniprot_proteome-taxonomy.tsv (2026-09-05 14:46:15 +0900)
latest-prerequisite time: 2026-09-05 14:46:15 +0900
................................

Rule for TTL (output/ttl/relation/zfin_gene-zfin_transcript.ttl)
------------------------------
Investigating output/ttl/relation/zfin_gene-zfin_transcript.ttl
class: Rake::FileTask
task needed: true
timestamp: 2026-09-06 00:24:12 +0900
pre-requisites: 
--output/ttl/relation/ (<EARLY TIME>)
--config/dataset.yaml (2026-09-04 17:00:10 +0900)
--output/tsv/zfin_gene-zfin_transcript.tsv (2026-09-05 14:46:39 +0900)
latest-prerequisite time: 2026-09-05 14:46:39 +0900
................................

### Update ID and Label TTL for atc if check_id_label_filesize false or check_id_label_timestamp true
# File output/ttl/label/atc.ttl has no timestamp file
# File output/ttl/label/atc.ttl is created 7.767724082806366 days ago (will be updated when >5 days)
## Update output/ttl/label/atc.ttl
< 2026-09-06T00:24:12 atc
togoid-rdfize-id-label atc
Warning: Updating output/ttl/label/atc.ttl: Anatomical Therapeutic Chemical Classification System. does not have a label.
rapper -i turtle -c output/ttl/label/atc.ttl
rapper: Parsing URI file:///data/togoid/git/togoid-config/output/ttl/label/atc.ttl with parser turtle
rapper: Parsing returned 12016 triples
# Success: output/ttl/label/atc.ttl is updated
> 2026-09-06T00:24:12 atc
### Update ID and Label TTL for bioproject if check_id_label_filesize false or check_id_label_timestamp true
# File output/ttl/label/bioproject.ttl is older than input/bioproject/download.lock
## Update output/ttl/label/bioproject.ttl
< 2026-09-06T00:24:12 bioproject
togoid-rdfize-id-label bioproject
rapper -i turtle -c output/ttl/label/bioproject.ttl
rapper: Parsing URI file:///data/togoid/git/togoid-config/output/ttl/label/bioproject.ttl with parser turtle
rapper: Parsing returned 2221816 triples
# Success: output/ttl/label/bioproject.ttl is updated
> 2026-09-06T00:24:24 bioproject
### Update ID and Label TTL for biosample if check_id_label_filesize false or check_id_label_timestamp true
# File output/ttl/label/biosample.ttl is older than input/biosample/download.lock
## Update output/ttl/label/biosample.ttl
< 2026-09-06T00:24:24 biosample
togoid-rdfize-id-label biosample
awk -v lim=10000000 'BEGIN{filenum=0}/^@prefix/{prefix=prefix "\n" $0;next}$1{if(n%lim==0){file=FILENAME ".temp." filenum; filenum++ ;n=0; print prefix >> file};n++; print >> file}' output/ttl/label/biosample.ttl
rapper -i turtle -c output/ttl/label/biosample.ttl.temp.0
output/ttl/label/biosample.ttl.temp.0
rapper: Parsing URI file:///data/togoid/git/togoid-config/output/ttl/label/biosample.ttl.temp.0 with parser turtle
rapper: Parsing returned 10000000 triples
rm output/ttl/label/biosample.ttl.temp.0
rapper -i turtle -c output/ttl/label/biosample.ttl.temp.1
output/ttl/label/biosample.ttl.temp.1
rapper: Parsing URI file:///data/togoid/git/togoid-config/output/ttl/label/biosample.ttl.temp.1 with parser turtle
rapper: Parsing returned 10000000 triples
rm output/ttl/label/biosample.ttl.temp.1
rapper -i turtle -c output/ttl/label/biosample.ttl.temp.10
output/ttl/label/biosample.ttl.temp.10
rapper: Parsing URI file:///data/togoid/git/togoid-config/output/ttl/label/biosample.ttl.temp.10 with parser turtle
rapper: Parsing returned 10000000 triples
rm output/ttl/label/biosample.ttl.temp.10
rapper -i turtle -c output/ttl/label/biosample.ttl.temp.11
output/ttl/label/biosample.ttl.temp.11
rapper: Parsing URI file:///data/togoid/git/togoid-config/output/ttl/label/biosample.ttl.temp.11 with parser turtle
rapper: Parsing returned 8325454 triples
rm output/ttl/label/biosample.ttl.temp.11
rapper -i turtle -c output/ttl/label/biosample.ttl.temp.2
output/ttl/label/biosample.ttl.temp.2
rapper: Parsing URI file:///data/togoid/git/togoid-config/output/ttl/label/biosample.ttl.temp.2 with parser turtle
rapper: Parsing returned 10000000 triples
rm output/ttl/label/biosample.ttl.temp.2
rapper -i turtle -c output/ttl/label/biosample.ttl.temp.3
output/ttl/label/biosample.ttl.temp.3
rapper: Parsing URI file:///data/togoid/git/togoid-config/output/ttl/label/biosample.ttl.temp.3 with parser turtle
rapper: Parsing returned 10000000 triples
rm output/ttl/label/biosample.ttl.temp.3
rapper -i turtle -c output/ttl/label/biosample.ttl.temp.4
output/ttl/label/biosample.ttl.temp.4
rapper: Parsing URI file:///data/togoid/git/togoid-config/output/ttl/label/biosample.ttl.temp.4 with parser turtle
rapper: Parsing returned 10000000 triples
rm output/ttl/label/biosample.ttl.temp.4
rapper -i turtle -c output/ttl/label/biosample.ttl.temp.5
output/ttl/label/biosample.ttl.temp.5
rapper: Parsing URI file:///data/togoid/git/togoid-config/output/ttl/label/biosample.ttl.temp.5 with parser turtle
rapper: Parsing returned 10000000 triples
rm output/ttl/label/biosample.ttl.temp.5
rapper -i turtle -c output/ttl/label/biosample.ttl.temp.6
output/ttl/label/biosample.ttl.temp.6
rapper: Parsing URI file:///data/togoid/git/togoid-config/output/ttl/label/biosample.ttl.temp.6 with parser turtle
rapper: Parsing returned 10000000 triples
rm output/ttl/label/biosample.ttl.temp.6
rapper -i turtle -c output/ttl/label/biosample.ttl.temp.7
output/ttl/label/biosample.ttl.temp.7
rapper: Parsing URI file:///data/togoid/git/togoid-config/output/ttl/label/biosample.ttl.temp.7 with parser turtle
rapper: Parsing returned 10000000 triples
rm output/ttl/label/biosample.ttl.temp.7
rapper -i turtle -c output/ttl/label/biosample.ttl.temp.8
output/ttl/label/biosample.ttl.temp.8
rapper: Parsing URI file:///data/togoid/git/togoid-config/output/ttl/label/biosample.ttl.temp.8 with parser turtle
rapper: Parsing returned 10000000 triples
rm output/ttl/label/biosample.ttl.temp.8
rapper -i turtle -c output/ttl/label/biosample.ttl.temp.9
output/ttl/label/biosample.ttl.temp.9
rapper: Parsing URI file:///data/togoid/git/togoid-config/output/ttl/label/biosample.ttl.temp.9 with parser turtle
rapper: Parsing returned 10000000 triples
rm output/ttl/label/biosample.ttl.temp.9
# Success: output/ttl/label/biosample.ttl is updated
> 2026-09-06T00:36:02 biosample
### Update ID and Label TTL for cellosaurus if check_id_label_filesize false or check_id_label_timestamp false
# File output/ttl/label/cellosaurus.ttl is newer than input/cellosaurus/download.lock
# => Preserving output/ttl/label/cellosaurus.ttl
### Update ID and Label TTL for cog if check_id_label_filesize false or check_id_label_timestamp false
# File output/ttl/label/cog.ttl is newer than input/cog/download.lock
# => Preserving output/ttl/label/cog.ttl
### Update ID and Label TTL for ec if check_id_label_filesize false or check_id_label_timestamp true
# File output/ttl/label/ec.ttl has no timestamp file
# File output/ttl/label/ec.ttl is created 7.767659895370104 days ago (will be updated when >5 days)
## Update output/ttl/label/ec.ttl
< 2026-09-06T00:36:02 ec
togoid-rdfize-id-label ec
rapper -i turtle -c output/ttl/label/ec.ttl
rapper: Parsing URI file:///data/togoid/git/togoid-config/output/ttl/label/ec.ttl with parser turtle
rapper: Parsing returned 14750 triples
# Success: output/ttl/label/ec.ttl is updated
> 2026-09-06T00:36:02 ec
### Update ID and Label TTL for flybase_gene if check_id_label_filesize false or check_id_label_timestamp true
# File output/ttl/label/flybase_gene.ttl has no timestamp file
# File output/ttl/label/flybase_gene.ttl is created 7.767659623570428 days ago (will be updated when >5 days)
## Update output/ttl/label/flybase_gene.ttl
< 2026-09-06T00:36:02 flybase_gene
togoid-rdfize-id-label flybase_gene
rapper -i turtle -c output/ttl/label/flybase_gene.ttl
rapper: Parsing URI file:///data/togoid/git/togoid-config/output/ttl/label/flybase_gene.ttl with parser turtle
rapper: Parsing returned 35742 triples
# Success: output/ttl/label/flybase_gene.ttl is updated
> 2026-09-06T00:36:03 flybase_gene
### Update ID and Label TTL for flybase_protein if check_id_label_filesize false or check_id_label_timestamp true
# File output/ttl/label/flybase_protein.ttl has no timestamp file
# File output/ttl/label/flybase_protein.ttl is created 7.767659690373125 days ago (will be updated when >5 days)
## Update output/ttl/label/flybase_protein.ttl
< 2026-09-06T00:36:03 flybase_protein
togoid-rdfize-id-label flybase_protein
rapper -i turtle -c output/ttl/label/flybase_protein.ttl
rapper: Parsing URI file:///data/togoid/git/togoid-config/output/ttl/label/flybase_protein.ttl with parser turtle
rapper: Parsing returned 61672 triples
# Success: output/ttl/label/flybase_protein.ttl is updated
> 2026-09-06T00:36:03 flybase_protein
### Update ID and Label TTL for flybase_transcript if check_id_label_filesize false or check_id_label_timestamp true
# File output/ttl/label/flybase_transcript.ttl has no timestamp file
# File output/ttl/label/flybase_transcript.ttl is created 7.767659485394525 days ago (will be updated when >5 days)
## Update output/ttl/label/flybase_transcript.ttl
< 2026-09-06T00:36:03 flybase_transcript
togoid-rdfize-id-label flybase_transcript
rapper -i turtle -c output/ttl/label/flybase_transcript.ttl
rapper: Parsing URI file:///data/togoid/git/togoid-config/output/ttl/label/flybase_transcript.ttl with parser turtle
rapper: Parsing returned 71472 triples
# Success: output/ttl/label/flybase_transcript.ttl is updated
> 2026-09-06T00:36:03 flybase_transcript
### Update ID and Label TTL for hmdb if check_id_label_filesize false or check_id_label_timestamp false
# File output/ttl/label/hmdb.ttl is newer than input/hmdb/download.lock
# => Preserving output/ttl/label/hmdb.ttl
### Update ID and Label TTL for interpro if check_id_label_filesize false or check_id_label_timestamp true
# File output/ttl/label/interpro.ttl is older than input/interpro/download.lock
## Update output/ttl/label/interpro.ttl
< 2026-09-06T00:36:03 interpro
togoid-rdfize-id-label interpro
rapper -i turtle -c output/ttl/label/interpro.ttl
rapper: Parsing URI file:///data/togoid/git/togoid-config/output/ttl/label/interpro.ttl with parser turtle
rapper: Parsing returned 109844 triples
# Success: output/ttl/label/interpro.ttl is updated
> 2026-09-06T00:36:05 interpro
### Update ID and Label TTL for lipidmaps if check_id_label_filesize false or check_id_label_timestamp true
# File output/ttl/label/lipidmaps.ttl is older than input/lipidmaps/download.lock
## Update output/ttl/label/lipidmaps.ttl
< 2026-09-06T00:36:05 lipidmaps
togoid-rdfize-id-label lipidmaps
Warning: Updating output/ttl/label/lipidmaps.ttl: LMSP02010095 does not have a label.
Warning: Updating output/ttl/label/lipidmaps.ttl: Globoside I/Cytolipin K does not have a label.
Warning: Updating output/ttl/label/lipidmaps.ttl: Forssman antigen does not have a label.
Warning: Updating output/ttl/label/lipidmaps.ttl: Para-Forssman x3b does not have a label.
Warning: Updating output/ttl/label/lipidmaps.ttl: SSEA-3 antigen does not have a label.
Warning: Updating output/ttl/label/lipidmaps.ttl: globo-Lex-9 does not have a label.
Warning: Updating output/ttl/label/lipidmaps.ttl: type IV H does not have a label.
Warning: Updating output/ttl/label/lipidmaps.ttl: type IV A antigen does not have a label.
Warning: Updating output/ttl/label/lipidmaps.ttl: type IV B antigen does not have a label.
Warning: Updating output/ttl/label/lipidmaps.ttl: Branched Forssman does not have a label.
Warning: Updating output/ttl/label/lipidmaps.ttl: asialo-GM2, GA2, Tay-Sachs globoside does not have a label.
Warning: Updating output/ttl/label/lipidmaps.ttl: asialo-GM1 does not have a label.
Warning: Updating output/ttl/label/lipidmaps.ttl: Amino CTH, Lc3Cer does not have a label.
Warning: Updating output/ttl/label/lipidmaps.ttl: LM1, iso-LM1 does not have a label.
Warning: Updating output/ttl/label/lipidmaps.ttl: Lewis a does not have a label.
Warning: Updating output/ttl/label/lipidmaps.ttl: type I H antigen does not have a label.
Warning: Updating output/ttl/label/lipidmaps.ttl: type I B antigen does not have a label.
Warning: Updating output/ttl/label/lipidmaps.ttl: type I A antigen does not have a label.
Warning: Updating output/ttl/label/lipidmaps.ttl: Bleb does not have a label.
Warning: Updating output/ttl/label/lipidmaps.ttl: Aleb does not have a label.
Warning: Updating output/ttl/label/lipidmaps.ttl: Leb does not have a label.
Warning: Updating output/ttl/label/lipidmaps.ttl: Ley-A-9 does not have a label.
Warning: Updating output/ttl/label/lipidmaps.ttl: VI3(Galb 1-4GlcNAcb )-Lc4Cer does not have a label.
Warning: Updating output/ttl/label/lipidmaps.ttl: paragloboside, nLc4Cer does not have a label.
Warning: Updating output/ttl/label/lipidmaps.ttl: X-hapten, SSEA-1, Lex-5 does not have a label.
Warning: Updating output/ttl/label/lipidmaps.ttl: H1 glycolipid, type II antigen does not have a label.
Warning: Updating output/ttl/label/lipidmaps.ttl: type II B antigen does not have a label.
Warning: Updating output/ttl/label/lipidmaps.ttl: type II A antigen does not have a label.
Warning: Updating output/ttl/label/lipidmaps.ttl: Ley-6 does not have a label.
Warning: Updating output/ttl/label/lipidmaps.ttl: type III H antigen does not have a label.
Warning: Updating output/ttl/label/lipidmaps.ttl: type III A antigen does not have a label.
Warning: Updating output/ttl/label/lipidmaps.ttl: nLc5Cer does not have a label.
Warning: Updating output/ttl/label/lipidmaps.ttl: nLc6Cer, i antigen does not have a label.
Warning: Updating output/ttl/label/lipidmaps.ttl: type II H antigen does not have a label.
Warning: Updating output/ttl/label/lipidmaps.ttl: type II B antigen does not have a label.
Warning: Updating output/ttl/label/lipidmaps.ttl: I antigen does not have a label.
Warning: Updating output/ttl/label/lipidmaps.ttl: type II A antigen does not have a label.
Warning: Updating output/ttl/label/lipidmaps.ttl: Lex-7 does not have a label.
Warning: Updating output/ttl/label/lipidmaps.ttl: dimeric Lex does not have a label.
Warning: Updating output/ttl/label/lipidmaps.ttl: Ley-8 does not have a label.
Warning: Updating output/ttl/label/lipidmaps.ttl: trimeric LeY-9 does not have a label.
Warning: Updating output/ttl/label/lipidmaps.ttl: trimeric Lex does not have a label.
Warning: Updating output/ttl/label/lipidmaps.ttl: dimeric Lex does not have a label.
Warning: Updating output/ttl/label/lipidmaps.ttl: Lex-9 does not have a label.
Warning: Updating output/ttl/label/lipidmaps.ttl: galgactosyl-paraglobside does not have a label.
Warning: Updating output/ttl/label/lipidmaps.ttl: P antigen does not have a label.
Warning: Updating output/ttl/label/lipidmaps.ttl: II3GalNAcb , IV3Gala -nLc4Cer does not have a label.
Warning: Updating output/ttl/label/lipidmaps.ttl: ClcNAc-Lex-5 does not have a label.
Warning: Updating output/ttl/label/lipidmaps.ttl: Lea -X does not have a label.
Warning: Updating output/ttl/label/lipidmaps.ttl: type II A antigen does not have a label.
Warning: Updating output/ttl/label/lipidmaps.ttl: Gala 1-3Lex does not have a label.
Warning: Updating output/ttl/label/lipidmaps.ttl: IV 4Galb-nLcOse4 does not have a label.
Warning: Updating output/ttl/label/lipidmaps.ttl: IV 3-nLcOse4 does not have a label.
Warning: Updating output/ttl/label/lipidmaps.ttl: VI 3GalNAca-IV 6kladoLcOse8 does not have a label.
Warning: Updating output/ttl/label/lipidmaps.ttl: nLcOse10 does not have a label.
Warning: Updating output/ttl/label/lipidmaps.ttl: H4 does not have a label.
Warning: Updating output/ttl/label/lipidmaps.ttl: B-IV antigen does not have a label.
Warning: Updating output/ttl/label/lipidmaps.ttl: Forssman-like iGb4 does not have a label.
Warning: Updating output/ttl/label/lipidmaps.ttl: Isoglobotriglycosylceramide does not have a label.
Warning: Updating output/ttl/label/lipidmaps.ttl: Cytolipin R does not have a label.
Warning: Updating output/ttl/label/lipidmaps.ttl: iGb5 does not have a label.
Warning: Updating output/ttl/label/lipidmaps.ttl: SSEA-4 antigen does not have a label.
Warning: Updating output/ttl/label/lipidmaps.ttl: SSEA-4 positional isomer does not have a label.
Warning: Updating output/ttl/label/lipidmaps.ttl: GD3 does not have a label.
Warning: Updating output/ttl/label/lipidmaps.ttl: GT3 does not have a label.
Warning: Updating output/ttl/label/lipidmaps.ttl: GM2 does not have a label.
Warning: Updating output/ttl/label/lipidmaps.ttl: GD2 does not have a label.
Warning: Updating output/ttl/label/lipidmaps.ttl: GT2 does not have a label.
Warning: Updating output/ttl/label/lipidmaps.ttl: GM1 does not have a label.
Warning: Updating output/ttl/label/lipidmaps.ttl: GD1b does not have a label.
Warning: Updating output/ttl/label/lipidmaps.ttl: GT1c does not have a label.
Warning: Updating output/ttl/label/lipidmaps.ttl: GD1a does not have a label.
Warning: Updating output/ttl/label/lipidmaps.ttl: GT1b does not have a label.
Warning: Updating output/ttl/label/lipidmaps.ttl: GQ1c does not have a label.
Warning: Updating output/ttl/label/lipidmaps.ttl: GQ1b does not have a label.
Warning: Updating output/ttl/label/lipidmaps.ttl: GT1a does not have a label.
Warning: Updating output/ttl/label/lipidmaps.ttl: GP1c does not have a label.
Warning: Updating output/ttl/label/lipidmaps.ttl: cis GM1, GM1b does not have a label.
Warning: Updating output/ttl/label/lipidmaps.ttl: GalNAc-GM1b does not have a label.
Warning: Updating output/ttl/label/lipidmaps.ttl: GD1a , GD1e does not have a label.
Warning: Updating output/ttl/label/lipidmaps.ttl: GalNAc-GM1 does not have a label.
Warning: Updating output/ttl/label/lipidmaps.ttl: Fuc-GM1 does not have a label.
Warning: Updating output/ttl/label/lipidmaps.ttl: GD1aa does not have a label.
Warning: Updating output/ttl/label/lipidmaps.ttl: GT1aa does not have a label.
Warning: Updating output/ttl/label/lipidmaps.ttl: GalNAc-GD1a does not have a label.
Warning: Updating output/ttl/label/lipidmaps.ttl: Gal-GD1b does not have a label.
Warning: Updating output/ttl/label/lipidmaps.ttl: Fuc-GD1b does not have a label.
Warning: Updating output/ttl/label/lipidmaps.ttl: GQ1ba does not have a label.
Warning: Updating output/ttl/label/lipidmaps.ttl: 9-0-acetyl GTb1 does not have a label.
Warning: Updating output/ttl/label/lipidmaps.ttl: GM1alpha does not have a label.
Warning: Updating output/ttl/label/lipidmaps.ttl: GD1c does not have a label.
Warning: Updating output/ttl/label/lipidmaps.ttl: GQ1aa does not have a label.
Warning: Updating output/ttl/label/lipidmaps.ttl: GD1a (NeuAc/NeuGc) does not have a label.
Warning: Updating output/ttl/label/lipidmaps.ttl: GT1b does not have a label.
Warning: Updating output/ttl/label/lipidmaps.ttl: GalNAc-GD1a(Neu5Ac/Neu5Gc) does not have a label.
Warning: Updating output/ttl/label/lipidmaps.ttl: GalNAc-GD1a(Neu5Gc/Neu5Ac) does not have a label.
Warning: Updating output/ttl/label/lipidmaps.ttl: (KDN, Neu5Ac)GD1a does not have a label.
Warning: Updating output/ttl/label/lipidmaps.ttl: (Neu5Ac, KDN)GD1a does not have a label.
Warning: Updating output/ttl/label/lipidmaps.ttl: (KDN,Neu5Ac)GD1a 2 does not have a label.
Warning: Updating output/ttl/label/lipidmaps.ttl: GT1ba does not have a label.
Warning: Updating output/ttl/label/lipidmaps.ttl: Fuc-GD1b does not have a label.
Warning: Updating output/ttl/label/lipidmaps.ttl: Sialyl-Lea does not have a label.
Warning: Updating output/ttl/label/lipidmaps.ttl: GD1a (NeuGc/NeuGc) does not have a label.
Warning: Updating output/ttl/label/lipidmaps.ttl: GQ1b does not have a label.
Warning: Updating output/ttl/label/lipidmaps.ttl: KDNGD1a does not have a label.
Warning: Updating output/ttl/label/lipidmaps.ttl: KDN-GM1 does not have a label.
Warning: Updating output/ttl/label/lipidmaps.ttl: KDN-GM2 does not have a label.
Warning: Updating output/ttl/label/lipidmaps.ttl: KDN GD1a 2 does not have a label.
Warning: Updating output/ttl/label/lipidmaps.ttl: sialyl-lactotetraosylceramide does not have a label.
Warning: Updating output/ttl/label/lipidmaps.ttl: sialyl-Lea does not have a label.
Warning: Updating output/ttl/label/lipidmaps.ttl: sLea -Lex does not have a label.
Warning: Updating output/ttl/label/lipidmaps.ttl: sialyl(2-6)lactotetraosylceramide does not have a label.
Warning: Updating output/ttl/label/lipidmaps.ttl: disialyl Lea does not have a label.
Warning: Updating output/ttl/label/lipidmaps.ttl: KDN-lactotetraosylceramide does not have a label.
Warning: Updating output/ttl/label/lipidmaps.ttl: KDN(2-6)lactotetraosylceramide does not have a label.
Warning: Updating output/ttl/label/lipidmaps.ttl: sialyl-Lex does not have a label.
Warning: Updating output/ttl/label/lipidmaps.ttl: sialosylparagloboside does not have a label.
Warning: Updating output/ttl/label/lipidmaps.ttl: Sialosyllactosaminyl-paragloboside, G6 ganglioside does not have a label.
Warning: Updating output/ttl/label/lipidmaps.ttl: XO ganglioside, sLex-8, sialyl Lex does not have a label.
Warning: Updating output/ttl/label/lipidmaps.ttl: sLea-x does not have a label.
Warning: Updating output/ttl/label/lipidmaps.ttl: sialyl dimeric Lex does not have a label.
Warning: Updating output/ttl/label/lipidmaps.ttl: VIM-II does not have a label.
Warning: Updating output/ttl/label/lipidmaps.ttl: X3 ganglioside does not have a label.
Warning: Updating output/ttl/label/lipidmaps.ttl: X3 ganglioside does not have a label.
Warning: Updating output/ttl/label/lipidmaps.ttl: X4 ganglioside does not have a label.
Warning: Updating output/ttl/label/lipidmaps.ttl: KDN-(2-6)-neolactotetraosylceramide/sialyl-(2-6)-paragloboside does not have a label.
Warning: Updating output/ttl/label/lipidmaps.ttl: SM3 does not have a label.
Warning: Updating output/ttl/label/lipidmaps.ttl: Globopentaosylceramide sulfate does not have a label.
Warning: Updating output/ttl/label/lipidmaps.ttl: Sulfoglobotetraosylceramide does not have a label.
Warning: Updating output/ttl/label/lipidmaps.ttl: SB1a does not have a label.
Warning: Updating output/ttl/label/lipidmaps.ttl: III6SO3-Lc3Cer does not have a label.
Warning: Updating output/ttl/label/lipidmaps.ttl: SMiGb4Cer does not have a label.
Warning: Updating output/ttl/label/lipidmaps.ttl: SMiGb5Cer does not have a label.
Warning: Updating output/ttl/label/lipidmaps.ttl: SM4 does not have a label.
Warning: Updating output/ttl/label/lipidmaps.ttl: LMPR02010043 does not have a label.
rapper -i turtle -c output/ttl/label/lipidmaps.ttl
rapper: Parsing URI file:///data/togoid/git/togoid-config/output/ttl/label/lipidmaps.ttl with parser turtle
rapper: Parsing returned 90790 triples
# Success: output/ttl/label/lipidmaps.ttl is updated
> 2026-09-06T00:36:06 lipidmaps
### Update ID and Label TTL for mgi_allele if check_id_label_filesize false or check_id_label_timestamp true
# File output/ttl/label/mgi_allele.ttl has no timestamp file
# File output/ttl/label/mgi_allele.ttl is created 7.767669328807454 days ago (will be updated when >5 days)
## Update output/ttl/label/mgi_allele.ttl
< 2026-09-06T00:36:06 mgi_allele
togoid-rdfize-id-label mgi_allele
rapper -i turtle -c output/ttl/label/mgi_allele.ttl
rapper: Parsing URI file:///data/togoid/git/togoid-config/output/ttl/label/mgi_allele.ttl with parser turtle
rapper: Parsing returned 282902 triples
# Success: output/ttl/label/mgi_allele.ttl is updated
> 2026-09-06T00:36:07 mgi_allele
### Update ID and Label TTL for mgi_gene if check_id_label_filesize false or check_id_label_timestamp true
# File output/ttl/label/mgi_gene.ttl is older than input/mgi_gene/download.lock
## Update output/ttl/label/mgi_gene.ttl
< 2026-09-06T00:36:07 mgi_gene
togoid-rdfize-id-label mgi_gene
rapper -i turtle -c output/ttl/label/mgi_gene.ttl
rapper: Parsing URI file:///data/togoid/git/togoid-config/output/ttl/label/mgi_gene.ttl with parser turtle
rapper: Parsing returned 1313644 triples
# Success: output/ttl/label/mgi_gene.ttl is updated
> 2026-09-06T00:36:13 mgi_gene
### Update ID and Label TTL for mgi_genotype if check_id_label_filesize false or check_id_label_timestamp true
# File output/ttl/label/mgi_genotype.ttl is older than input/mgi_genotype/download.lock
## Update output/ttl/label/mgi_genotype.ttl
< 2026-09-06T00:36:13 mgi_genotype
togoid-rdfize-id-label mgi_genotype
# Error: output/ttl/label/mgi_genotype.ttl new file size per old 162 / 10219056 = 1.5852736299713006e-05 < 0.5
# Failure: output/ttl/label/mgi_genotype.ttl is not updated
> 2026-09-06T00:36:13 mgi_genotype
### Update ID and Label TTL for mirbase if check_id_label_filesize false or check_id_label_timestamp true
# File output/ttl/label/mirbase.ttl is older than input/mirbase/download.lock
## Update output/ttl/label/mirbase.ttl
< 2026-09-06T00:36:13 mirbase
togoid-rdfize-id-label mirbase
rapper -i turtle -c output/ttl/label/mirbase.ttl
rapper: Parsing URI file:///data/togoid/git/togoid-config/output/ttl/label/mirbase.ttl with parser turtle
rapper: Parsing returned 78466 triples
# Success: output/ttl/label/mirbase.ttl is updated
> 2026-09-06T00:36:13 mirbase
### Update ID and Label TTL for mirbase_mature if check_id_label_filesize false or check_id_label_timestamp true
# File output/ttl/label/mirbase_mature.ttl has no timestamp file
# File output/ttl/label/mirbase_mature.ttl is created 7.767681061066122 days ago (will be updated when >5 days)
## Update output/ttl/label/mirbase_mature.ttl
< 2026-09-06T00:36:13 mirbase_mature
togoid-rdfize-id-label mirbase_mature
rapper -i turtle -c output/ttl/label/mirbase_mature.ttl
rapper: Parsing URI file:///data/togoid/git/togoid-config/output/ttl/label/mirbase_mature.ttl with parser turtle
rapper: Parsing returned 98336 triples
# Success: output/ttl/label/mirbase_mature.ttl is updated
> 2026-09-06T00:36:14 mirbase_mature
### Update ID and Label TTL for pathbank if check_id_label_filesize false or check_id_label_timestamp true
# File output/ttl/label/pathbank.ttl has no timestamp file
# File output/ttl/label/pathbank.ttl is created 7.767679085459652 days ago (will be updated when >5 days)
## Update output/ttl/label/pathbank.ttl
< 2026-09-06T00:36:14 pathbank
togoid-rdfize-id-label pathbank
rapper -i turtle -c output/ttl/label/pathbank.ttl
rapper: Parsing URI file:///data/togoid/git/togoid-config/output/ttl/label/pathbank.ttl with parser turtle
rapper: Parsing returned 138774 triples
# Success: output/ttl/label/pathbank.ttl is updated
> 2026-09-06T00:36:15 pathbank
### Update ID and Label TTL for pfam if check_id_label_filesize false or check_id_label_timestamp true
# File output/ttl/label/pfam.ttl has no timestamp file
# File output/ttl/label/pfam.ttl is created 7.767649636699282 days ago (will be updated when >5 days)
## Update output/ttl/label/pfam.ttl
< 2026-09-06T00:36:15 pfam
togoid-rdfize-id-label pfam
rapper -i turtle -c output/ttl/label/pfam.ttl
rapper: Parsing URI file:///data/togoid/git/togoid-config/output/ttl/label/pfam.ttl with parser turtle
rapper: Parsing returned 58272 triples
# Success: output/ttl/label/pfam.ttl is updated
> 2026-09-06T00:36:18 pfam
### Update ID and Label TTL for prosite if check_id_label_filesize false or check_id_label_timestamp true
# File output/ttl/label/prosite.ttl is older than input/prosite/download.lock
## Update output/ttl/label/prosite.ttl
< 2026-09-06T00:36:18 prosite
togoid-rdfize-id-label prosite
rapper -i turtle -c output/ttl/label/prosite.ttl
rapper: Parsing URI file:///data/togoid/git/togoid-config/output/ttl/label/prosite.ttl with parser turtle
rapper: Parsing returned 5504 triples
# Success: output/ttl/label/prosite.ttl is updated
> 2026-09-06T00:36:19 prosite
### Update ID and Label TTL for prosite_prorule if check_id_label_filesize false or check_id_label_timestamp true
# File output/ttl/label/prosite_prorule.ttl has no timestamp file
# File output/ttl/label/prosite_prorule.ttl is created 7.767683409198866 days ago (will be updated when >5 days)
## Update output/ttl/label/prosite_prorule.ttl
< 2026-09-06T00:36:19 prosite_prorule
togoid-rdfize-id-label prosite_prorule
rapper -i turtle -c output/ttl/label/prosite_prorule.ttl
rapper: Parsing URI file:///data/togoid/git/togoid-config/output/ttl/label/prosite_prorule.ttl with parser turtle
rapper: Parsing returned 2922 triples
# Success: output/ttl/label/prosite_prorule.ttl is updated
> 2026-09-06T00:36:19 prosite_prorule
### Update ID and Label TTL for pubchem_pathway if check_id_label_filesize false or check_id_label_timestamp true
# File output/ttl/label/pubchem_pathway.ttl has no timestamp file
# File output/ttl/label/pubchem_pathway.ttl is created 7.767678763912813 days ago (will be updated when >5 days)
## Update output/ttl/label/pubchem_pathway.ttl
< 2026-09-06T00:36:19 pubchem_pathway
togoid-rdfize-id-label pubchem_pathway
rapper -i turtle -c output/ttl/label/pubchem_pathway.ttl
rapper: Parsing URI file:///data/togoid/git/togoid-config/output/ttl/label/pubchem_pathway.ttl with parser turtle
rapper: Parsing returned 161694 triples
# Success: output/ttl/label/pubchem_pathway.ttl is updated
> 2026-09-06T00:36:20 pubchem_pathway
### Update ID and Label TTL for refseq_rna if check_id_label_filesize false or check_id_label_timestamp false
# File output/ttl/label/refseq_rna.ttl is newer than input/refseq_rna/download.lock
# => Preserving output/ttl/label/refseq_rna.ttl
### Update ID and Label TTL for rgd if check_id_label_filesize false or check_id_label_timestamp true
# File output/ttl/label/rgd.ttl has no timestamp file
# File output/ttl/label/rgd.ttl is created 7.766814037007986 days ago (will be updated when >5 days)
## Update output/ttl/label/rgd.ttl
< 2026-09-06T00:36:20 rgd
togoid-rdfize-id-label rgd
rapper -i turtle -c output/ttl/label/rgd.ttl
rapper: Parsing URI file:///data/togoid/git/togoid-config/output/ttl/label/rgd.ttl with parser turtle
rapper: Parsing returned 714168 triples
# Success: output/ttl/label/rgd.ttl is updated
> 2026-09-06T00:37:37 rgd
### Update ID and Label TTL for rnacentral if check_id_label_filesize false or check_id_label_timestamp false
# File output/ttl/label/rnacentral.ttl is newer than input/rnacentral/download.lock
# => Preserving output/ttl/label/rnacentral.ttl
### Update ID and Label TTL for sgd if check_id_label_filesize false or check_id_label_timestamp true
# File output/ttl/label/sgd.ttl has no timestamp file
# File output/ttl/label/sgd.ttl is created 7.766689923960499 days ago (will be updated when >5 days)
## Update output/ttl/label/sgd.ttl
< 2026-09-06T00:37:37 sgd
togoid-rdfize-id-label sgd
rapper -i turtle -c output/ttl/label/sgd.ttl
rapper: Parsing URI file:///data/togoid/git/togoid-config/output/ttl/label/sgd.ttl with parser turtle
rapper: Parsing returned 12942 triples
# Success: output/ttl/label/sgd.ttl is updated
> 2026-09-06T00:39:03 sgd
### Update ID and Label TTL for swisslipids if check_id_label_filesize false or check_id_label_timestamp true
# File output/ttl/label/swisslipids.ttl is older than input/swisslipids/download.lock
## Update output/ttl/label/swisslipids.ttl
< 2026-09-06T00:39:03 swisslipids
togoid-rdfize-id-label swisslipids
rapper -i turtle -c output/ttl/label/swisslipids.ttl
rapper: Parsing URI file:///data/togoid/git/togoid-config/output/ttl/label/swisslipids.ttl with parser turtle
rapper: Parsing returned 1558514 triples
# Success: output/ttl/label/swisslipids.ttl is updated
> 2026-09-06T00:39:11 swisslipids
### Update ID and Label TTL for tair if check_id_label_filesize false or check_id_label_timestamp true
# File output/ttl/label/tair.ttl has no timestamp file
# File output/ttl/label/tair.ttl is created 7.766705928839144 days ago (will be updated when >5 days)
## Update output/ttl/label/tair.ttl
< 2026-09-06T00:39:11 tair
togoid-rdfize-id-label tair
rapper -i turtle -c output/ttl/label/tair.ttl
rapper: Parsing URI file:///data/togoid/git/togoid-config/output/ttl/label/tair.ttl with parser turtle
rapper: Parsing returned 65670 triples
# Success: output/ttl/label/tair.ttl is updated
> 2026-09-06T00:40:36 tair
### Update ID and Label TTL for uniprot_proteome if check_id_label_filesize false or check_id_label_timestamp true
# File output/ttl/label/uniprot_proteome.ttl has no timestamp file
# File output/ttl/label/uniprot_proteome.ttl is created 7.767633191685475 days ago (will be updated when >5 days)
## Update output/ttl/label/uniprot_proteome.ttl
< 2026-09-06T00:40:36 uniprot_proteome
togoid-rdfize-id-label uniprot_proteome
rapper -i turtle -c output/ttl/label/uniprot_proteome.ttl
rapper: Parsing URI file:///data/togoid/git/togoid-config/output/ttl/label/uniprot_proteome.ttl with parser turtle
rapper: Parsing returned 2669514 triples
# Success: output/ttl/label/uniprot_proteome.ttl is updated
> 2026-09-06T00:40:48 uniprot_proteome
### Update ID and Label TTL for vgnc if check_id_label_filesize false or check_id_label_timestamp true
# File output/ttl/label/vgnc.ttl has no timestamp file
# File output/ttl/label/vgnc.ttl is created 7.766732602852014 days ago (will be updated when >5 days)
## Update output/ttl/label/vgnc.ttl
< 2026-09-06T00:40:48 vgnc
togoid-rdfize-id-label vgnc
rapper -i turtle -c output/ttl/label/vgnc.ttl
rapper: Parsing URI file:///data/togoid/git/togoid-config/output/ttl/label/vgnc.ttl with parser turtle
rapper: Parsing returned 227684 triples
# Success: output/ttl/label/vgnc.ttl is updated
> 2026-09-06T00:42:14 vgnc
### Update ID and Label TTL for wormbase_gene if check_id_label_filesize false or check_id_label_timestamp true
# File output/ttl/label/wormbase_gene.ttl has no timestamp file
# File output/ttl/label/wormbase_gene.ttl is created 7.76673865457544 days ago (will be updated when >5 days)
## Update output/ttl/label/wormbase_gene.ttl
< 2026-09-06T00:42:14 wormbase_gene
togoid-rdfize-id-label wormbase_gene
rapper -i turtle -c output/ttl/label/wormbase_gene.ttl
rapper: Parsing URI file:///data/togoid/git/togoid-config/output/ttl/label/wormbase_gene.ttl with parser turtle
rapper: Parsing returned 93778 triples
# Success: output/ttl/label/wormbase_gene.ttl is updated
> 2026-09-06T00:43:39 wormbase_gene
### Update ID and Label TTL for xenbase_gene if check_id_label_filesize false or check_id_label_timestamp true
# File output/ttl/label/xenbase_gene.ttl has no timestamp file
# File output/ttl/label/xenbase_gene.ttl is created 7.766730528026226 days ago (will be updated when >5 days)
## Update output/ttl/label/xenbase_gene.ttl
< 2026-09-06T00:43:39 xenbase_gene
togoid-rdfize-id-label xenbase_gene
rapper -i turtle -c output/ttl/label/xenbase_gene.ttl
rapper: Parsing URI file:///data/togoid/git/togoid-config/output/ttl/label/xenbase_gene.ttl with parser turtle
rapper: Parsing returned 98044 triples
# Success: output/ttl/label/xenbase_gene.ttl is updated
> 2026-09-06T00:45:05 xenbase_gene
### Update ID and Label TTL for zfin_gene if check_id_label_filesize false or check_id_label_timestamp true
# File output/ttl/label/zfin_gene.ttl has no timestamp file
# File output/ttl/label/zfin_gene.ttl is created 7.766735194904306 days ago (will be updated when >5 days)
## Update output/ttl/label/zfin_gene.ttl
< 2026-09-06T00:45:05 zfin_gene
togoid-rdfize-id-label zfin_gene
rapper -i turtle -c output/ttl/label/zfin_gene.ttl
rapper: Parsing URI file:///data/togoid/git/togoid-config/output/ttl/label/zfin_gene.ttl with parser turtle
rapper: Parsing returned 55300 triples
# Success: output/ttl/label/zfin_gene.ttl is updated
> 2026-09-06T00:46:30 zfin_gene
### Update ID and Label TTL for zfin_transcript if check_id_label_filesize false or check_id_label_timestamp true
# File output/ttl/label/zfin_transcript.ttl has no timestamp file
# File output/ttl/label/zfin_transcript.ttl is created 7.767713289865555 days ago (will be updated when >5 days)
## Update output/ttl/label/zfin_transcript.ttl
< 2026-09-06T00:46:30 zfin_transcript
togoid-rdfize-id-label zfin_transcript
rapper -i turtle -c output/ttl/label/zfin_transcript.ttl
rapper: Parsing URI file:///data/togoid/git/togoid-config/output/ttl/label/zfin_transcript.ttl with parser turtle
rapper: Parsing returned 97480 triples
# Success: output/ttl/label/zfin_transcript.ttl is updated
> 2026-09-06T00:46:30 zfin_transcript
Rule for ID and Label TTL (output/ttl/label/cellosaurus.ttl)
------------------------------
Investigating output/ttl/label/cellosaurus.ttl
class: Rake::FileTask
task needed: true
timestamp: 2026-08-29 06:10:35 +0900
pre-requisites: 
--output/ttl/label/ (<EARLY TIME>)
--config/dataset.yaml (2026-09-04 17:00:10 +0900)
latest-prerequisite time: 2026-09-04 17:00:10 +0900
................................

Rule for ID and Label TTL (output/ttl/label/cog.ttl)
------------------------------
Investigating output/ttl/label/cog.ttl
class: Rake::FileTask
task needed: true
timestamp: 2026-03-17 13:42:35 +0900
pre-requisites: 
--output/ttl/label/ (<EARLY TIME>)
--config/dataset.yaml (2026-09-04 17:00:10 +0900)
latest-prerequisite time: 2026-09-04 17:00:10 +0900
................................

Rule for ID and Label TTL (output/ttl/label/hmdb.ttl)
------------------------------
Investigating output/ttl/label/hmdb.ttl
class: Rake::FileTask
task needed: true
timestamp: 2023-11-06 11:24:08 +0900
pre-requisites: 
--output/ttl/label/ (<EARLY TIME>)
--config/dataset.yaml (2026-09-04 17:00:10 +0900)
latest-prerequisite time: 2026-09-04 17:00:10 +0900
................................

Rule for ID and Label TTL (output/ttl/label/mgi_genotype.ttl)
------------------------------
Investigating output/ttl/label/mgi_genotype.ttl
class: Rake::FileTask
task needed: true
timestamp: 2026-08-08 07:02:38 +0900
pre-requisites: 
--output/ttl/label/ (<EARLY TIME>)
--config/dataset.yaml (2026-09-04 17:00:10 +0900)
latest-prerequisite time: 2026-09-04 17:00:10 +0900
................................

Rule for ID and Label TTL (output/ttl/label/refseq_rna.ttl)
------------------------------
Investigating output/ttl/label/refseq_rna.ttl
class: Rake::FileTask
task needed: true
timestamp: 2026-07-18 16:24:38 +0900
pre-requisites: 
--output/ttl/label/ (<EARLY TIME>)
--config/dataset.yaml (2026-09-04 17:00:10 +0900)
latest-prerequisite time: 2026-09-04 17:00:10 +0900
................................

Rule for ID and Label TTL (output/ttl/label/rnacentral.ttl)
------------------------------
Investigating output/ttl/label/rnacentral.ttl
class: Rake::FileTask
task needed: true
timestamp: 2026-08-08 07:08:54 +0900
pre-requisites: 
--output/ttl/label/ (<EARLY TIME>)
--config/dataset.yaml (2026-09-04 17:00:10 +0900)
latest-prerequisite time: 2026-09-04 17:00:10 +0900
................................


*** Finished: 2026-09-06T00:46:30 ***
